mjd,I0,I1,I2,I3,Q0,Q1,Q2,Q3,U0,U1,U2,U3,V0,V1,V2,V3
57850.4639644444,-0.0170547097,-0.0002210964,0.0145379791,0.1272037235,-0.0018628259,0.0091504860,0.0200185031,0.0217385884,-0.0117351354,0.0479584192,0.0717604103,0.1034535884,0.0050991099,0.0017015431,0.0044322942,-0.0031110307
57850.4640111111,1.5964670417,1.6145769368,1.5867564540,1.6487766430,-0.0546912728,-0.0465594408,-0.0256999769,-0.0228771538,-0.1529574272,-0.1277229254,-0.1493953207,-0.1523310493,0.0007184664,0.0019280235,0.0017760428,-0.0012490662
57850.4640577778,2.1880260713,2.2074825429,2.1995392105,2.2305251627,-0.0754637262,-0.0643069579,-0.0432377663,-0.0458735046,-0.2037620465,-0.1867256973,-0.2292688935,-0.2635044228,0.0028739558,0.0020851274,0.0010567956,0.0007560595
57850.4641044444,2.1687613675,2.1879257524,2.1856782258,2.2129335434,-0.0743186510,-0.0662439017,-0.0427027123,-0.0463259169,-0.2018690800,-0.1840513063,-0.2254678202,-0.2642979718,0.0020432786,0.0027795078,0.0014798677,0.0005378020
57850.4641750000,2.1590241252,2.1756431926,2.1843267918,2.2094953925,-0.0758598723,-0.0645439788,-0.0413269908,-0.0489741838,-0.1999847822,-0.1809423735,-0.2189549930,-0.2669302186,0.0036078464,0.0040076978,0.0014531079,0.0017472798
57850.4642216667,2.1870738016,2.2036829769,2.1982802506,2.2263375598,-0.0751750321,-0.0660974952,-0.0455203737,-0.0481616750,-0.2013291680,-0.1825529005,-0.2259318972,-0.2649541631,0.0023738356,0.0029903133,0.0019850080,0.0004757836
57850.4642683333,2.1774325461,2.1948484727,2.1754628401,2.2089043123,-0.0766739519,-0.0662746656,-0.0474792212,-0.0474051355,-0.1998847146,-0.1822681681,-0.2291786540,-0.2547462953,0.0029913043,0.0047636127,0.0018216032,0.0002024601
57850.4643150000,2.1495125523,2.1649560022,2.1781255179,2.2021698066,-0.0755919780,-0.0656215644,-0.0442296208,-0.0509725188,-0.1984658119,-0.1764367016,-0.2175116583,-0.2665809420,0.0019292676,0.0046403976,0.0013638713,0.0002392752
57850.4643855556,2.1803730057,2.1992943419,2.2007378517,2.2265669420,-0.0765343637,-0.0680919727,-0.0463632000,-0.0517929381,-0.1992833537,-0.1791308979,-0.2224141790,-0.2667634189,0.0019979168,0.0031020766,0.0013664070,0.0011787381
57850.4644322222,2.1988056888,2.2215429159,2.1795164709,2.2205686498,-0.0779507381,-0.0698618253,-0.0505847652,-0.0474239108,-0.2024887260,-0.1867911765,-0.2367469333,-0.2458174636,0.0018892430,0.0011672523,-0.0007871206,-0.0003524200
57850.4644788889,2.2346485048,2.2617102930,2.1638715421,2.2195656407,-0.0807472481,-0.0748723758,-0.0546650878,-0.0430072518,-0.2047643409,-0.1988925981,-0.2528093112,-0.2206695495,-0.0003726216,0.0029596275,0.0006945804,-0.0012889475
57850.4645255556,2.1404819313,2.1612594718,2.0453536501,2.1044495794,-0.0762821492,-0.0723484036,-0.0543122695,-0.0414527456,-0.1951792472,-0.1929444377,-0.2437871416,-0.2035293652,0.0007725982,0.0011868306,-0.0012930756,-0.0010896628
57850.4645961111,2.0399332715,2.0618803689,1.9059610520,1.9714726794,-0.0741260025,-0.0704558752,-0.0543098354,-0.0339710799,-0.1851287416,-0.1893072169,-0.2374575024,-0.1714485172,0.0008975100,0.0020593163,-0.0007877660,-0.0016574051
57850.4646427778,2.1189258606,2.1489100018,1.9249359978,1.9924366943,-0.0780591234,-0.0750936148,-0.0566540235,-0.0332766384,-0.1932997225,-0.2027271147,-0.2431431171,-0.1652982166,0.0014471273,0.0019707787,-0.0002219255,-0.0006739293
57850.4646894444,2.1087403456,2.1346213218,1.9614782847,2.0263117183,-0.0786384005,-0.0750979635,-0.0574627135,-0.0365083783,-0.1926914055,-0.1970391268,-0.2439503979,-0.1763286941,0.0007092357,0.0008158137,-0.0005998531,-0.0025644424
57850.4647361111,2.0720745812,2.0944300355,1.8868874414,1.9483607696,-0.0771877334,-0.0726288905,-0.0547025801,-0.0389994816,-0.1879369360,-0.1903340859,-0.2307233750,-0.1731988665,-0.0000841930,0.0010899619,-0.0006435997,-0.0018162757
57850.4648066667,2.1205387847,2.1452427048,1.9348206844,2.0031193544,-0.0799939859,-0.0771360063,-0.0576162297,-0.0374143837,-0.1920785182,-0.1991470685,-0.2397960381,-0.1701981812,-0.0006425324,0.0009702194,-0.0012428213,-0.0022633218
57850.4648533333,2.2262142993,2.2616360157,2.0931353968,2.1552452308,-0.0829896272,-0.0798148325,-0.0606889991,-0.0436304909,-0.2010537851,-0.2037497699,-0.2536350537,-0.1921956164,0.0014538572,0.0027594363,0.0008906275,0.0000055368
57850.4649000000,2.1862414501,2.2104356861,2.1246185593,2.1745710228,-0.0823738749,-0.0769426394,-0.0586050468,-0.0484198066,-0.1961063127,-0.1878675586,-0.2429057061,-0.2164475364,0.0011317746,0.0021125282,0.0017709110,-0.0014705626
57850.4649466667,2.2116062806,2.2361707178,2.1787654343,2.2224284004,-0.0837900821,-0.0745939256,-0.0573649864,-0.0538298813,-0.1977266532,-0.1833816929,-0.2361822477,-0.2346916837,0.0018734243,0.0049765901,-0.0002152950,-0.0008867999
57850.4650172222,2.2530828013,2.2841114265,2.1572084542,2.2181504368,-0.0854685432,-0.0814938425,-0.0622583096,-0.0498063217,-0.2008759433,-0.1977875262,-0.2523362893,-0.2094895406,0.0021329032,0.0029889592,0.0006626702,0.0002478460
57850.4650638889,2.2116912919,2.2433060899,2.1065840077,2.1629892888,-0.0838471827,-0.0783996047,-0.0613126741,-0.0480465040,-0.1962231231,-0.1964604715,-0.2467549692,-0.2007331018,0.0019080443,0.0039845355,0.0007537951,-0.0000891243
57850.4651105556,2.2336247748,2.2642558640,2.1263030785,2.1854855637,-0.0844435774,-0.0797008189,-0.0626576942,-0.0468466233,-0.1986628243,-0.1990290407,-0.2496477861,-0.2004088341,0.0026299861,0.0026521318,0.0008927738,0.0011046824
57850.4651572222,2.2320315082,2.2560181179,2.1654908705,2.2143890373,-0.0833565086,-0.0767940957,-0.0602180992,-0.0537431793,-0.1996837112,-0.1907534460,-0.2396916250,-0.2237311999,0.0040632886,0.0050854491,0.0021709178,0.0010138296
57850.4652277778,2.1763137425,2.1938479927,2.1871442733,2.2210663132,-0.0846428079,-0.0747913429,-0.0570218402,-0.0591581147,-0.1936219218,-0.1762897870,-0.2210447399,-0.2470449531,0.0010662038,0.0039258999,0.0024102927,0.0016487247
57850.4652744444,2.1149555987,2.1246697062,2.1498562798,2.1701665715,-0.0797434891,-0.0713256484,-0.0533016620,-0.0612373708,-0.1877963539,-0.1602403991,-0.2023903204,-0.2593757514,0.0019098003,-0.0028072473,0.0015863118,0.0004272930
57850.4653211111,2.0331128302,2.0486296570,2.0353623425,2.0526389092,-0.0775397282,-0.0708321878,-0.0487983203,-0.0593300904,-0.1813695574,-0.1598316247,-0.1884687600,-0.2494952729,0.0020522074,-0.0021714475,0.0014422686,0.0011262328
57850.4653677778,1.8675095454,1.9047402700,1.8691903184,1.8752036381,-0.0723121502,-0.0762846010,-0.0423661843,-0.0581962035,-0.1662385891,-0.2005167283,-0.1557939549,-0.2410659804,-0.0006286474,-0.0018473421,0.0030099242,-0.0000110720
57850.4654383333,1.8262918266,1.8649572791,1.7520672498,1.7650291274,-0.0688137323,-0.0759972108,-0.0380720666,-0.0523787698,-0.1616108947,-0.1972807718,-0.1348602395,-0.2187309761,-0.0009367689,-0.0002534501,0.0028406330,0.0024845975
57850.4654850000,2.0300143988,2.0823835581,2.0894377744,2.1004071176,-0.0765992651,-0.0798292013,-0.0502300622,-0.0653996846,-0.1767468646,-0.1972384487,-0.1792535050,-0.2642263960,0.0024545656,-0.0024846882,0.0022427813,0.0019433456
57850.4655316667,2.1102226802,2.0901738121,2.1287498615,2.1710673176,-0.0797528304,-0.0699563970,-0.0515291602,-0.0647111907,-0.1829769944,-0.1591011422,-0.1887527023,-0.2710916144,0.0012957475,0.0022623034,0.0020475910,0.0006368995
57850.4655783333,2.1098463857,2.1466612979,2.1446117973,2.1594979919,-0.0807939799,-0.0789516607,-0.0519941871,-0.0660372242,-0.1828271499,-0.1837902597,-0.1891997597,-0.2656049254,0.0032570061,-0.0021223462,0.0020343060,0.0008291707
57850.4656488889,2.2049073669,2.2230014112,2.1760381406,2.2169418102,-0.0863261543,-0.0776586574,-0.0623669318,-0.0593267062,-0.1903117415,-0.1768877888,-0.2256080949,-0.2341527181,0.0029305764,0.0059349810,0.0015917205,0.0017111457
57850.4656955556,2.1056053047,2.1199334014,2.0570404381,2.1006102710,-0.0808315676,-0.0737061199,-0.0590309234,-0.0578291110,-0.1827401450,-0.1699412153,-0.2142497690,-0.2226408554,0.0022737624,0.0024435414,-0.0002880884,0.0004049187
57850.4657422222,2.0655745852,2.0621344121,1.9637942372,2.0345129167,-0.0794907083,-0.0716317994,-0.0596312716,-0.0528944467,-0.1811581870,-0.1705383757,-0.2184346193,-0.1987637407,0.0012567314,0.0023213595,-0.0007419898,-0.0016803917
57850.4657888889,1.9630716431,1.9783172246,1.8124435677,1.8680221205,-0.0758386976,-0.0713874381,-0.0565430739,-0.0467882446,-0.1724734237,-0.1660480242,-0.2095306292,-0.1722564110,0.0004886424,0.0029393510,0.0003967329,-0.0017492415
57850.4658594444,2.0395192363,2.0488492955,1.9066296432,1.9677244207,-0.0819157451,-0.0746620176,-0.0592029639,-0.0518941462,-0.1780301331,-0.1696185490,-0.2129701761,-0.1891854694,0.0015767378,0.0025245906,-0.0015314207,-0.0003481787
57850.4659061111,2.1613188059,2.1843547701,2.1324892022,2.1703497873,-0.0853509966,-0.0771813184,-0.0637361886,-0.0624455813,-0.1866831551,-0.1721612354,-0.2200203838,-0.2256148768,0.0032534933,0.0032119891,0.0022525998,-0.0001822127
57850.4659527778,2.1797162045,2.1974700902,2.1815813039,2.2083603689,-0.0863363437,-0.0795922247,-0.0626613742,-0.0659693790,-0.1878859790,-0.1670916828,-0.2093100412,-0.2485423646,0.0032086494,0.0028634513,0.0013751831,0.0011451623
57850.4659994444,2.1641650366,2.1776278063,2.1883623501,2.2141516413,-0.0858250412,-0.0777610225,-0.0614087997,-0.0675555846,-0.1862446680,-0.1636707258,-0.2053805159,-0.2496047300,0.0014493094,0.0026627272,0.0017656569,-0.0000910155
57850.4662805556,1.8705200314,1.8764398562,1.8837023645,1.9037850701,-0.0758201604,-0.0722868753,-0.0551811917,-0.0637107608,-0.1551976557,-0.1400476079,-0.1671814639,-0.2245583452,0.0040319290,-0.0013657280,0.0029001462,0.0022827197
57850.4663272222,2.1580711373,2.1699147255,2.1916624792,2.2151375320,-0.0893209392,-0.0790867197,-0.0636668213,-0.0725628849,-0.1792449410,-0.1587246516,-0.1979654874,-0.2510065482,0.0014746747,0.0034278692,0.0018633701,0.0013309465
57850.4663738889,2.1682276518,2.1836033860,2.1667823375,2.1951565639,-0.0882235347,-0.0804040822,-0.0668351589,-0.0699682918,-0.1783753798,-0.1603312604,-0.2043417251,-0.2398077254,0.0028850782,0.0035299986,0.0011864312,0.0005400720
57850.4664205556,2.1883598769,2.2078622805,2.1642981712,2.2010621387,-0.0894237408,-0.0810194721,-0.0688646880,-0.0672660239,-0.1802007392,-0.1650893974,-0.2138677398,-0.2268952608,0.0030134046,0.0042306900,0.0009546025,0.0011312845
57850.4664911111,2.2339279657,2.2572318016,2.1805634729,2.2249828321,-0.0933266914,-0.0851791523,-0.0705602968,-0.0672645343,-0.1824167769,-0.1726153559,-0.2244953438,-0.2175776931,0.0026329231,0.0025342606,-0.0000439368,0.0010932816
57850.4665377778,2.2164031660,2.2425589225,2.1765520881,2.2240856330,-0.0919852713,-0.0836568976,-0.0706223452,-0.0664306870,-0.1813409975,-0.1689730556,-0.2219298232,-0.2193517223,0.0024647387,0.0011635354,-0.0000877366,0.0001585188
57850.4665844444,2.2244053025,2.2477307032,2.1814613453,2.2296634059,-0.0910874365,-0.0858328240,-0.0725242794,-0.0668707666,-0.1824770391,-0.1709361174,-0.2233390884,-0.2160648602,0.0015758570,0.0034517834,-0.0002596867,-0.0005920975
57850.4666311111,2.2491037121,2.2763160800,2.1902772334,2.2406520863,-0.0927115266,-0.0863614101,-0.0723978922,-0.0666112781,-0.1853888086,-0.1745592080,-0.2287732134,-0.2137387084,0.0022088293,0.0030123716,0.0009672468,-0.0001371602
57850.4667016667,2.2138769845,2.2321703170,2.1986879716,2.2377705607,-0.0904724412,-0.0841258225,-0.0692275076,-0.0705396446,-0.1823912601,-0.1647110606,-0.2147106452,-0.2312185932,0.0025089705,0.0007783853,0.0019444662,-0.0002995405
57850.4667483333,2.1900516411,2.2107372553,2.2007003069,2.2264516117,-0.0884059389,-0.0836731721,-0.0672863830,-0.0725844644,-0.1804036823,-0.1595414714,-0.2012790572,-0.2430848849,0.0015611798,0.0032268910,0.0017313732,-0.0000114334
57850.4667950000,2.1708075124,2.1872996217,2.1953970943,2.2184038711,-0.0885405589,-0.0818780618,-0.0641216493,-0.0736604965,-0.1780067350,-0.1565172369,-0.1947138115,-0.2504132891,0.0017721331,0.0032186393,0.0024239221,0.0009199524
57850.4668416667,2.1222449491,2.1701178177,2.1777851360,2.1900614539,-0.0859816923,-0.0872559654,-0.0613333637,-0.0754000685,-0.1742557674,-0.1815119047,-0.1794249335,-0.2570648844,0.0025647955,-0.0032589403,0.0020793971,0.0019775721
57850.4669122222,2.0796655827,2.1279840617,2.1161700000,2.1208367470,-0.0849584992,-0.0890887781,-0.0566779401,-0.0738013111,-0.1705398813,-0.2072215717,-0.1660354720,-0.2567841541,-0.0017903991,-0.0009723575,0.0014945764,0.0020952219
57850.4669588889,2.1192676395,2.1323693286,2.0976285576,2.1204257393,-0.0841574107,-0.0765700312,-0.0625820431,-0.0686416147,-0.1724467394,-0.1538304036,-0.1905263058,-0.2275260045,0.0033635180,0.0033659637,0.0002915588,0.0001323150
57850.4670055556,2.1355063335,2.1472885754,2.1298638048,2.1618769608,-0.0863605501,-0.0760331448,-0.0627484479,-0.0664014216,-0.1753286720,-0.1532342632,-0.1985100402,-0.2272641982,0.0019168571,0.0046361342,0.0009494490,0.0012431207
57850.4670522222,2.2025328829,2.2238893114,2.1660605529,2.2077665126,-0.0889607872,-0.0826868096,-0.0667782551,-0.0685793692,-0.1791081305,-0.1641955608,-0.2112788621,-0.2202461569,0.0028086301,0.0030580732,0.0007024965,0.0009230776
57850.4671227778,2.1502963236,2.1670856125,2.1466064463,2.1702877079,-0.0856322693,-0.0768881640,-0.0618919726,-0.0676890306,-0.1758754942,-0.1550010630,-0.1936328527,-0.2331383832,0.0020789721,0.0022952443,0.0036423933,0.0009597336
57850.4671694444,2.1381919604,2.1521315163,2.1540931912,2.1799583415,-0.0841845488,-0.0775175211,-0.0628339337,-0.0685244195,-0.1730003341,-0.1521247619,-0.1902194214,-0.2383417149,0.0034342583,0.0017279832,0.0011930946,-0.0001677674
57850.4672161111,2.0957130400,2.1052555882,2.1136044626,2.1393726440,-0.0816405140,-0.0762183779,-0.0610376223,-0.0673021723,-0.1670190374,-0.1492841968,-0.1867402138,-0.2326962025,0.0018322389,0.0024201479,0.0008866180,-0.0011276000
57850.4672627778,2.1130687815,2.1246478294,2.0886216078,2.1270273660,-0.0817022963,-0.0746219989,-0.0616816778,-0.0651340548,-0.1686495513,-0.1530744984,-0.1996628007,-0.2183093319,0.0001218472,0.0036886204,0.0007878197,-0.0011997791
57850.4673333333,2.1057373422,2.1174040946,2.0992783356,2.1308745102,-0.0819402990,-0.0756243446,-0.0624128809,-0.0662210321,-0.1677985539,-0.1486186007,-0.1924767811,-0.2246484779,0.0027260557,0.0019865250,0.0001671495,-0.0018630015
57850.4673800000,2.1798716473,2.1979413075,2.1943828234,2.2231654236,-0.0853793362,-0.0777465175,-0.0640821732,-0.0705975653,-0.1740062695,-0.1555946452,-0.1954533164,-0.2343055776,0.0009918633,0.0028816619,0.0019514739,0.0009117336
57850.4674266667,2.1827836508,2.2051746322,2.2041732604,2.2329553989,-0.0859328700,-0.0765736336,-0.0647240791,-0.0690708079,-0.1738099933,-0.1531980836,-0.1964560873,-0.2351329228,0.0032473555,0.0033978752,0.0016975393,0.0002554156
57850.4674733333,2.1820176308,2.1999528090,2.1862280294,2.2133845344,-0.0854814610,-0.0773609201,-0.0625268925,-0.0685033560,-0.1733969701,-0.1541767144,-0.1936893998,-0.2335749848,0.0030571117,0.0032252784,0.0017752875,0.0009986014
57850.4675438889,2.0090073252,2.0901786717,2.1090165648,2.1223007720,-0.0779419696,-0.0787582398,-0.0570922599,-0.0694592329,-0.1596656359,-0.1609669579,-0.1689234964,-0.2394486580,-0.0002874787,-0.0032141976,0.0016666601,0.0007272182
57850.4675905556,1.9750828714,2.0196402966,1.9965907338,1.9848993612,-0.0769388966,-0.0806603739,-0.0517597185,-0.0687250864,-0.1588623157,-0.1954728092,-0.1520191139,-0.2578085146,-0.0015512255,-0.0005412588,0.0032569395,0.0019675355
57850.4676372222,1.9625499774,2.0003415180,2.0046603973,1.9949668231,-0.0758759647,-0.0795807353,-0.0540994488,-0.0694319925,-0.1579208482,-0.1922140893,-0.1532685742,-0.2543504476,0.0003080229,0.0012059423,0.0028537387,0.0036476890
57850.4676838889,1.9461841860,1.9553678194,1.9482842022,1.9641301471,-0.0758937514,-0.0687358625,-0.0554335905,-0.0623615608,-0.1536446532,-0.1347180989,-0.1634178580,-0.2170986380,0.0035041602,-0.0007862161,0.0024420907,0.0020297931
57850.4677544444,1.9396160091,1.9362598553,1.9065836275,1.9379209613,-0.0750929065,-0.0675804266,-0.0528344265,-0.0603470517,-0.1541535224,-0.1317948983,-0.1680478441,-0.2049508116,0.0043387097,0.0052973960,0.0026569002,0.0012079074
57850.4678011111,2.1395837857,2.1586619783,2.1535974806,2.1781240925,-0.0815744809,-0.0742663584,-0.0603355110,-0.0673166861,-0.1674249985,-0.1468544747,-0.1842273795,-0.2295510458,0.0031219839,0.0046508183,0.0022162202,0.0017961568
57850.4678477778,2.1571417549,2.1765343071,2.1685786928,2.1946655746,-0.0838971589,-0.0741375446,-0.0614505192,-0.0671098622,-0.1687082895,-0.1478559419,-0.1870318391,-0.2269391019,0.0033438668,0.0037244889,0.0028594531,0.0019630758
57850.4678944444,2.1666435551,2.1842124886,2.1627560664,2.1909806232,-0.0825493033,-0.0735905722,-0.0623583332,-0.0664405784,-0.1690270358,-0.1494063794,-0.1863342908,-0.2255628431,0.0037100117,0.0038729021,0.0019213260,0.0003020501
57850.4679650000,2.1523120529,2.1654097551,2.1815114831,2.2049442737,-0.0823485075,-0.0723910460,-0.0584103760,-0.0690609363,-0.1682888055,-0.1448845318,-0.1760875550,-0.2385650777,0.0006444451,0.0033434322,0.0023874380,-0.0005969228
57850.4680116667,2.1582361655,2.1686361161,2.1800471813,2.2037229341,-0.0822013369,-0.0744289676,-0.0585289204,-0.0684956322,-0.1670169280,-0.1438504577,-0.1781398471,-0.2341933753,0.0014229515,0.0020329461,-0.0010819442,0.0007922073
57850.4680583333,2.1445887877,2.1617273095,2.1514623747,2.1795559701,-0.0817767182,-0.0729228394,-0.0609127016,-0.0642756015,-0.1669172415,-0.1461957541,-0.1868554617,-0.2185114685,0.0031980851,0.0032447552,-0.0004243086,-0.0003316649
57850.4681050000,2.1405446706,2.1563250743,2.1077294276,2.1424022376,-0.0805293312,-0.0746335709,-0.0612270176,-0.0624053881,-0.1657601977,-0.1468704343,-0.1877562457,-0.2082628456,0.0019100112,0.0020625840,0.0007039115,-0.0010089083
57850.4700016667,2.1297525474,2.1389494903,2.1652877958,2.1827404055,-0.0768604428,-0.0684379791,-0.0560367849,-0.0656431743,-0.1544425170,-0.1281362438,-0.1566861879,-0.2214629846,0.0013507920,0.0043038928,0.0022326009,-0.0006274282
57850.4700483333,2.1322398738,2.1566374738,2.1749461599,2.1892472597,-0.0783630178,-0.0727734959,-0.0562713539,-0.0660002874,-0.1533400843,-0.1432243821,-0.1550198792,-0.2251619563,0.0026380790,-0.0028502919,0.0009471390,0.0000729277
57850.4700950000,2.1192320406,2.1643293044,2.1695888575,2.1839382405,-0.0770134392,-0.0778921831,-0.0533762857,-0.0645030215,-0.1532164444,-0.1616831778,-0.1520184734,-0.2268069986,0.0020720072,-0.0022811129,0.0007555918,0.0009444221
57850.4701416667,2.0901522163,2.1245219155,2.1232490725,2.1385104457,-0.0758777107,-0.0740925994,-0.0522463724,-0.0641236073,-0.1501407474,-0.1503954500,-0.1481164216,-0.2222289227,0.0032285818,-0.0037895298,0.0024910174,0.0005634591
57850.4702122222,2.1040858923,2.1149880063,2.1378194377,2.1595658082,-0.0788353737,-0.0694650996,-0.0558794092,-0.0642692962,-0.1517347705,-0.1278078837,-0.1562343986,-0.2180868832,0.0028122602,0.0023787824,0.0002693034,0.0006659910
57850.4702588889,2.1646596306,2.1824241586,2.1914385079,2.2146855243,-0.0795602329,-0.0718541487,-0.0582562743,-0.0646030935,-0.1557640288,-0.1332824787,-0.1669780815,-0.2171720401,0.0026161586,0.0043905870,0.0025630956,-0.0010334363
57850.4703055556,2.1848465700,2.2016585378,2.1982429540,2.2275717349,-0.0814180929,-0.0731479930,-0.0590661154,-0.0636975074,-0.1582941923,-0.1354481292,-0.1733845368,-0.2110849204,0.0029510586,0.0040633715,0.0015423498,-0.0005917774
57850.4703522222,2.1747110774,2.1928079199,2.1986700664,2.2250355812,-0.0791088121,-0.0732739052,-0.0586806645,-0.0640576585,-0.1567783164,-0.1345580749,-0.1731164232,-0.2096390061,0.0013864996,0.0023953186,0.0019566279,0.0006705441
57850.4704227778,2.1751799875,2.1914709901,2.1845845835,2.2143850595,-0.0802585942,-0.0729731212,-0.0617713345,-0.0622508290,-0.1555705759,-0.1351891650,-0.1753781481,-0.2040443382,0.0027658575,0.0024946113,0.0013378456,0.0000657658
57850.4704694445,2.1827853091,2.2014815436,2.1835654637,2.2160317439,-0.0792551415,-0.0725330689,-0.0606228073,-0.0635036812,-0.1564433944,-0.1359451863,-0.1731137427,-0.2077097228,0.0023444330,0.0035541803,0.0017008752,0.0000649368
57850.4705161111,2.1687029123,2.1844189831,2.1934453588,2.2177297867,-0.0800318611,-0.0730441805,-0.0577271051,-0.0655582750,-0.1549668615,-0.1348804298,-0.1645632528,-0.2178565812,0.0005044799,0.0008512226,0.0029809751,-0.0000201828
57850.4705627778,2.1839259848,2.2019301594,2.1999734710,2.2236843960,-0.0798778952,-0.0729613848,-0.0587046531,-0.0645476081,-0.1562327353,-0.1368745070,-0.1698433892,-0.2157352000,0.0014266342,0.0032617089,0.0013348668,0.0002862045
57850.4706333333,2.2462471886,2.2798907583,2.1826312255,2.2270953424,-0.0831967048,-0.0823370227,-0.0613511499,-0.0595848209,-0.1619168989,-0.1677298267,-0.1763437236,-0.1837082951,-0.0000871227,-0.0009559337,-0.0012664230,0.0015658828
57850.4706800000,2.1877161046,2.2067818883,2.1984849551,2.2286836786,-0.0822925185,-0.0736583178,-0.0594781499,-0.0636731681,-0.1582835693,-0.1382294689,-0.1731527251,-0.2085744914,0.0026964328,0.0026807005,0.0009470391,-0.0011929725
57850.4707266667,2.1768849790,2.1873759495,2.1833717342,2.2218768291,-0.0797749318,-0.0749642811,-0.0577303233,-0.0634762879,-0.1575820128,-0.1332217101,-0.1723375130,-0.2086658648,0.0012687236,0.0033373824,0.0007403592,-0.0009286167
57850.4707733333,2.1465116246,2.1574301717,2.1771804863,2.2041301799,-0.0797878892,-0.0718605913,-0.0574744099,-0.0656672255,-0.1570940532,-0.1304479201,-0.1653252441,-0.2135102830,0.0019191326,0.0030478995,0.0020073909,0.0005861931
57850.4708438889,2.1261071589,2.1367665483,2.1716637375,2.1863948061,-0.0784138155,-0.0712001529,-0.0577194586,-0.0669651989,-0.1538180006,-0.1268764512,-0.1577535285,-0.2239847940,0.0016936697,0.0034378010,-0.0007122350,-0.0004234140
57850.4708905555,2.1462272019,2.1547088251,2.1764796134,2.1945240702,-0.0807699705,-0.0710551389,-0.0587292658,-0.0663595913,-0.1560608320,-0.1283835357,-0.1569886036,-0.2242840037,0.0032216594,0.0048986927,0.0006980353,-0.0005043957
57850.4709372222,2.1499691776,2.1273558738,2.1541750787,2.2084671190,-0.0816826230,-0.0720457846,-0.0581929295,-0.0681707706,-0.1544934740,-0.1256532365,-0.1606477253,-0.2236056475,0.0033471793,0.0059648242,0.0012404612,0.0012501141
57850.4709838889,2.1414029698,2.1588279893,2.1725874740,2.1872446359,-0.0817521998,-0.0741644028,-0.0598758042,-0.0673037546,-0.1558381268,-0.1300301063,-0.1564156084,-0.2225772092,0.0028981254,-0.0034835556,0.0031906287,-0.0000865847
57850.4710544444,2.1456403174,2.1636674057,2.1677095622,2.1859729652,-0.0817239064,-0.0763150091,-0.0601156697,-0.0671939138,-0.1556562129,-0.1369460017,-0.1570277506,-0.2219818986,0.0035986057,-0.0019173831,0.0023687279,0.0005266406
57850.4711011111,2.1057388084,2.1500406580,2.1679446362,2.1801808194,-0.0792099853,-0.0811812019,-0.0579960254,-0.0690949461,-0.1522212902,-0.1589718188,-0.1504187874,-0.2279277362,0.0031950591,-0.0032952415,0.0034047015,0.0015926752
57850.4711477778,2.0877823760,2.1361793670,2.1526025118,2.1658035377,-0.0805905894,-0.0830310472,-0.0579610546,-0.0688556158,-0.1511254648,-0.1857004150,-0.1470032031,-0.2265974927,0.0000379475,0.0000002990,0.0009769467,0.0014514931
57850.4711944444,2.0946179278,2.1456924104,2.1132220643,2.1152960658,-0.0798179251,-0.0850952605,-0.0556685688,-0.0664831973,-0.1527771398,-0.1852600490,-0.1351676435,-0.2312206499,-0.0003855280,-0.0007491145,0.0045016009,0.0033416483
57850.4712650000,2.1319111564,2.1829363176,2.0690979824,2.1155048795,-0.0833847381,-0.0842946712,-0.0532256112,-0.0593779281,-0.1551224843,-0.1846739374,-0.1215914828,-0.1820595693,-0.0008890767,-0.0008988512,0.0031392042,0.0024871470
57850.4713116667,2.1831742374,2.2312554591,2.0783454124,2.1261281192,-0.0849221939,-0.0853695721,-0.0568352148,-0.0554161201,-0.1574857394,-0.1850631318,-0.1378775665,-0.1569801048,-0.0018255944,-0.0011927176,-0.0020848297,0.0017526521
57850.4713583333,2.1820075350,2.2313387657,2.0591324938,2.1023647501,-0.0852724102,-0.0869396245,-0.0587194372,-0.0533233687,-0.1574315462,-0.1840412468,-0.1481985483,-0.1414029517,-0.0007695582,-0.0002543154,-0.0025358714,0.0018878767
57850.4714050000,2.1739470055,2.2219638918,2.0542520943,2.1224884711,-0.0842524610,-0.0876811533,-0.0533122327,-0.0560180652,-0.1561100880,-0.1848798888,-0.1183236493,-0.1551192639,-0.0019015141,-0.0007091415,0.0022473353,0.0007421194
57850.4714755556,2.1563505973,2.2021675644,2.0585455027,2.1148123153,-0.0834726716,-0.0873912950,-0.0531665048,-0.0574479266,-0.1565238859,-0.1837445869,-0.1191004835,-0.1684575535,-0.0004367902,-0.0013935065,0.0011317801,0.0026513905
57850.4715222222,2.1534956938,2.2023010909,2.0985502083,2.1366059986,-0.0854303065,-0.0851776299,-0.0554378080,-0.0623773777,-0.1563880798,-0.1879864854,-0.1274366120,-0.1963019705,-0.0008406732,0.0002644089,0.0024753669,0.0019309595
57850.4715688889,2.1484323506,2.1976507613,2.1033051870,2.1428389532,-0.0843633626,-0.0867099076,-0.0560595178,-0.0627686671,-0.1561594745,-0.1900660560,-0.1274773447,-0.1972105960,-0.0006528463,0.0006113491,0.0032952763,0.0033008319
57850.4716155556,2.1567701015,2.2081082568,2.1205833448,2.1512796145,-0.0850498035,-0.0881015448,-0.0569187965,-0.0645954795,-0.1576484192,-0.1899773517,-0.1292672023,-0.2044881984,0.0004427228,0.0013387693,0.0036813965,0.0030398053
57850.4716861111,2.0906088475,2.1408981164,2.1421424122,2.1511925338,-0.0838002620,-0.0865173605,-0.0593416760,-0.0705755952,-0.1514521655,-0.1887340032,-0.1425847824,-0.2290111348,-0.0004197603,-0.0011176039,0.0038671713,0.0006802022
57850.4717327778,2.0883360930,2.1479996530,2.1339134180,2.1419805641,-0.0846477783,-0.0866504316,-0.0597527030,-0.0708342880,-0.1571073138,-0.1830058718,-0.1432864358,-0.2277518197,-0.0040902192,-0.0040566459,0.0037432904,0.0027648140
57850.4717794445,2.0976340323,2.1477921852,2.1334416483,2.1396797499,-0.0840168936,-0.0883515851,-0.0587380251,-0.0697541749,-0.1520109285,-0.1872148138,-0.1402562013,-0.2285778929,-0.0000046962,-0.0006955708,0.0028254064,0.0016257000
57850.4718261111,2.1233161610,2.1721844946,2.1523822280,2.1583820493,-0.0857695824,-0.0874516264,-0.0598294983,-0.0723670481,-0.1540484244,-0.1875659492,-0.1390699286,-0.2314088019,0.0000067339,-0.0020142870,0.0014030639,0.0000080285
57850.4718966667,2.0867343816,2.1451689651,2.1264268923,2.1370149008,-0.0832100425,-0.0893647086,-0.0614133705,-0.0721934750,-0.1506889060,-0.1783708031,-0.1417696336,-0.2259733023,-0.0000822718,-0.0041549282,0.0020415383,0.0011901183
57850.4719433333,2.0963269639,2.1392900345,2.1428496938,2.1519621834,-0.0833440542,-0.0856239818,-0.0614589846,-0.0721149079,-0.1499401219,-0.1577154737,-0.1475849641,-0.2244675825,0.0009760493,-0.0028719694,0.0009290988,-0.0004987766
57850.4719900000,2.0880504941,2.1333078573,2.1539873686,2.1656239497,-0.0838541886,-0.0847100602,-0.0625110582,-0.0717964845,-0.1494462789,-0.1599098276,-0.1474532958,-0.2257999302,0.0014660401,-0.0031036390,0.0019741977,-0.0003399545
57850.4720366667,2.0958179666,2.1668867804,2.1439281088,2.1463321842,-0.0843640890,-0.0912455323,-0.0597297818,-0.0721577221,-0.1487815666,-0.1832962943,-0.1394267796,-0.2316383948,0.0018153274,-0.0038615214,0.0015415583,0.0000637047
57850.4721072222,2.1680081140,2.2186585207,2.1154542542,2.1507694467,-0.0888380629,-0.0920343581,-0.0591113980,-0.0658632625,-0.1566945014,-0.1890802482,-0.1280344560,-0.1919345104,-0.0025198969,-0.0002147959,0.0027490980,0.0038553618
57850.4721538889,2.1244928635,2.1754881535,2.1428157050,2.1499010639,-0.0872737596,-0.0903562461,-0.0626790363,-0.0736259415,-0.1524148052,-0.1868621460,-0.1389400870,-0.2293456725,-0.0012918295,-0.0012733663,0.0014548417,-0.0001811992
57850.4722005555,2.1247275587,2.1763468375,2.1244191296,2.1323480047,-0.0876851296,-0.0895720091,-0.0614401268,-0.0728723010,-0.1526376657,-0.1850346095,-0.1338542002,-0.2305761773,-0.0019840747,-0.0003776651,0.0015206857,0.0005127815
57850.4722472222,2.1349586394,2.1554200210,2.0746331800,2.1265551518,-0.0884397995,-0.0911921588,-0.0596338210,-0.0687540821,-0.1536872828,-0.1853871100,-0.1253745031,-0.2113464156,-0.0006096543,-0.0019741404,0.0026452889,0.0007334046
57850.4723177778,2.1557673100,2.2081948582,2.1171106496,2.1435072733,-0.0885181833,-0.0926952002,-0.0597627703,-0.0687538490,-0.1537985480,-0.1872246810,-0.1273651832,-0.2054337019,-0.0009465672,-0.0006072656,0.0035129886,0.0027299279
57850.4723644444,2.1499772212,2.2011565966,2.1370543152,2.1611083213,-0.0895638564,-0.0913335647,-0.0603895498,-0.0687268184,-0.1526671071,-0.1880489908,-0.1304368782,-0.2139712766,-0.0010170499,-0.0026013966,0.0031021191,0.0029886786
57850.4724111111,2.1354745328,2.1818495760,2.1081839732,2.1329892505,-0.0880578959,-0.0923053207,-0.0580555296,-0.0698279718,-0.1505364515,-0.1869038464,-0.1263195567,-0.2140152371,-0.0016712544,-0.0026725434,0.0024695671,0.0013106555
57850.4724577778,2.1125251871,2.1437161418,2.1643960857,2.1765687536,-0.0863449603,-0.0857332257,-0.0643336993,-0.0726520080,-0.1501169435,-0.1427240093,-0.1513865496,-0.2251831910,0.0011613149,-0.0029448005,0.0011585297,-0.0011048493
57850.4725283333,2.1975178509,2.2223209382,2.1489965560,2.1877441322,-0.0909311254,-0.0892327555,-0.0698944159,-0.0674738278,-0.1562697806,-0.1599154155,-0.1726687976,-0.1807007850,-0.0000477423,0.0006735036,-0.0010094526,0.0000427069
57850.4725750000,2.1694359220,2.1875141567,2.1387305007,2.1745221167,-0.0908421411,-0.0843235369,-0.0684075023,-0.0700761119,-0.1514703119,-0.1320673958,-0.1708804624,-0.1990851630,0.0042785816,0.0043538677,0.0023619677,0.0002011851
57850.4726216667,2.1625142810,2.1842480528,2.1495841445,2.1783771290,-0.0891434974,-0.0855336768,-0.0689020042,-0.0734177897,-0.1499631899,-0.1323557830,-0.1680823348,-0.2035061419,0.0017164105,0.0045313480,0.0017201713,0.0012783964
57850.4726683333,2.1415907015,2.1451951744,2.1674546630,2.1907370468,-0.0895844744,-0.0823176462,-0.0684499526,-0.0754162726,-0.1480575450,-0.1153600680,-0.1606167702,-0.2142253427,0.0014772170,-0.0026057555,0.0011243071,0.0004142777
57850.4727388889,2.1190515667,2.1349449831,2.1217510774,2.1429616348,-0.0890465687,-0.0840509310,-0.0662287961,-0.0737095362,-0.1464451105,-0.1258043475,-0.1539984526,-0.2137456532,0.0026864072,0.0034679467,0.0020462540,-0.0000148619
57850.4727855556,2.1099731204,2.1197076286,2.1495600034,2.1624723957,-0.0896184081,-0.0823061300,-0.0674552813,-0.0749822590,-0.1484125280,-0.1238866147,-0.1462226473,-0.2241437361,0.0025953644,0.0026023491,0.0022842948,0.0004237440
57850.4728322222,2.0975689143,2.1630162825,2.1631936356,2.1701291198,-0.0903844549,-0.0950122567,-0.0677099116,-0.0774026336,-0.1479914108,-0.1737455387,-0.1448792004,-0.2285219013,0.0030315577,-0.0045183699,0.0025956042,0.0001417560
57850.4728788889,2.1148063954,2.1626038912,2.1663805125,2.1754222608,-0.0911492620,-0.0928202317,-0.0676494320,-0.0776048903,-0.1489211634,-0.1644007791,-0.1448418152,-0.2275876227,0.0025108296,-0.0034426016,0.0002898361,0.0013498599
57850.4729494444,2.1397045294,2.1578289762,2.1751825067,2.1932180270,-0.0925123010,-0.0875794202,-0.0715704566,-0.0780278313,-0.1507656635,-0.1337944842,-0.1567580134,-0.2218907285,0.0015711518,-0.0028403077,0.0032820450,0.0012036228
57850.4729961111,2.0414457039,2.0690192019,2.1719557863,2.2081227213,-0.0901304680,-0.0929320327,-0.0710121509,-0.0798374180,-0.1462389915,-0.1828312413,-0.1547907473,-0.2245145880,-0.0007784475,-0.0012599220,0.0018029410,0.0008254223
57850.4730427778,2.1475707216,2.1675409188,2.1883709184,2.2077310714,-0.0928224203,-0.0895224545,-0.0717585847,-0.0795519118,-0.1507385246,-0.1319681081,-0.1571297426,-0.2212857381,0.0018214399,-0.0010529494,0.0038126395,0.0020603870
57850.4730894444,2.0589889317,2.1509003676,2.1688933218,2.1846990889,-0.0905883589,-0.0901764264,-0.0717612443,-0.0801902720,-0.1435595602,-0.1317091213,-0.1539475347,-0.2195194480,0.0002050350,-0.0019146225,0.0025654365,0.0021131345
57850.4731600000,2.0802343414,2.1546096146,2.1667861876,2.1768109570,-0.0927000780,-0.0949676402,-0.0709130768,-0.0804427210,-0.1442430898,-0.1594957222,-0.1454874174,-0.2257113236,-0.0005715773,-0.0028243716,0.0031246640,0.0001264964
57850.4732066667,2.1133853694,2.1745819623,2.1688870623,2.1783865423,-0.0926091574,-0.0968900035,-0.0721766342,-0.0830377780,-0.1464546454,-0.1693975810,-0.1436777193,-0.2286067963,0.0029002590,-0.0044282289,0.0010803528,0.0008761261
57850.4732533333,2.0996918031,2.1477603312,2.1687253129,2.1768633002,-0.0935318528,-0.0971766607,-0.0726308001,-0.0835731476,-0.1491970427,-0.1830671976,-0.1440552697,-0.2284650391,-0.0008817363,-0.0020592377,0.0027514291,0.0005381543
57850.4733000000,2.0871728123,2.1448554822,2.1230188998,2.1332424854,-0.0919201278,-0.0978347397,-0.0721481532,-0.0801361195,-0.1454971849,-0.1707819616,-0.1382666316,-0.2244810061,-0.0000699107,-0.0030244511,0.0022867988,0.0015490895
57850.4733705555,2.0564037026,2.1326758791,2.1293727690,2.1401278212,-0.0917602305,-0.0939895037,-0.0729187026,-0.0805999304,-0.1428047779,-0.1480488164,-0.1465035559,-0.2197481892,-0.0001886426,-0.0023893242,0.0020196331,-0.0000446277
57850.4734172222,2.1100991605,2.1742827608,2.1793314967,2.1914852428,-0.0938966058,-0.0972071586,-0.0742424106,-0.0830486090,-0.1459427009,-0.1686005139,-0.1447594420,-0.2254982723,-0.0006689918,-0.0031497401,0.0027154325,0.0004481798
57850.4734638889,2.1165737341,2.1705450278,2.1746319401,2.1857469592,-0.0963466930,-0.0974691476,-0.0740656395,-0.0848042210,-0.1456379096,-0.1625540961,-0.1437189772,-0.2250096702,0.0020203163,-0.0054343460,0.0013624680,-0.0001332539
57850.4735105556,2.1081811097,2.1649508786,2.1663733069,2.1789873898,-0.0934198957,-0.0981290435,-0.0733981669,-0.0824783799,-0.1436085031,-0.1663016232,-0.1427625093,-0.2240006445,0.0024410967,-0.0054418732,0.0034315795,-0.0000560087
57850.4735811111,2.1228404039,2.1735457472,2.1419668980,2.1462669868,-0.0943176609,-0.0962152507,-0.0727694393,-0.0830747564,-0.1464393404,-0.1785783657,-0.1312738266,-0.2256841957,-0.0014755962,-0.0015710524,0.0021177802,0.0009863584
57850.4736277778,2.1640776315,2.2148186010,2.1342484454,2.1583864954,-0.0968023343,-0.0992050317,-0.0704898791,-0.0789928070,-0.1484049701,-0.1808142536,-0.1268600874,-0.2046915128,-0.0002149331,-0.0007986200,0.0026898200,0.0037416461
57850.4736744444,2.1559743455,2.2062993394,2.1409784533,2.1418325826,-0.0983868410,-0.1010005409,-0.0714346897,-0.0835890247,-0.1474124369,-0.1794532002,-0.1263502961,-0.2282252730,-0.0016778589,-0.0021346668,0.0041742600,0.0003272150
57850.4737211111,2.1298473657,2.1784329093,2.1401750511,2.1441634241,-0.0954753366,-0.1013053588,-0.0732109618,-0.0841684420,-0.1453104681,-0.1801012696,-0.1294623284,-0.2272048387,0.0001127279,0.0001551981,0.0024035563,0.0002509302
57850.4737916667,2.1230375752,2.1426631689,2.0928778471,2.1379578272,-0.0957186966,-0.0989868177,-0.0705969509,-0.0807498138,-0.1440454737,-0.1784440170,-0.1237457481,-0.2163130196,-0.0004690907,-0.0010151815,0.0022410005,0.0026294836
57850.4738383333,2.1023912081,2.1513952105,2.1473263970,2.1362259198,-0.0967885317,-0.0992630089,-0.0753941708,-0.0844825984,-0.1439699281,-0.1759001364,-0.1347234194,-0.2429390123,-0.0007244133,-0.0001855001,0.0032219523,0.0018205783
57850.4738850000,2.0921260355,2.1444680440,2.1447048818,2.1320770318,-0.0950981711,-0.0972888237,-0.0741431888,-0.0867246027,-0.1413872782,-0.1780061986,-0.1333249290,-0.2434484525,-0.0008829197,-0.0013246977,0.0039319589,0.0023908606
57850.4739316667,2.0777533761,2.1282385434,2.1173656074,2.1056422192,-0.0960758471,-0.1000404377,-0.0750575268,-0.0844075650,-0.1404483273,-0.1757389433,-0.1297658709,-0.2427942416,-0.0001932277,-0.0011316866,0.0042003742,0.0010107476
57850.4740022222,2.0947594645,2.1425014724,2.1190417528,2.1177992420,-0.0957612154,-0.1000525961,-0.0743710726,-0.0851951880,-0.1403738211,-0.1757596255,-0.1301020663,-0.2312624527,0.0013766235,0.0008804796,0.0030387224,0.0014383560
57850.4740488889,2.1719450187,2.2196792570,2.1063140458,2.1534970356,-0.0994353459,-0.1016076836,-0.0715854440,-0.0779219842,-0.1464497843,-0.1768831669,-0.1164124761,-0.1799118231,0.0002593718,-0.0011549583,0.0020979420,0.0034455162
57850.4740955556,2.1944904889,2.2406346501,2.0840834006,2.1441082868,-0.1002942684,-0.1035510746,-0.0708691596,-0.0752801422,-0.1467776996,-0.1757845361,-0.1117949288,-0.1606959950,-0.0006212095,-0.0000620594,0.0026301883,0.0020008810
57850.4741422222,2.1393126242,2.1837769823,2.1142749882,2.1405450869,-0.0974858198,-0.1019338139,-0.0728110232,-0.0806503067,-0.1422609852,-0.1775811306,-0.1182794404,-0.2054377070,-0.0003018158,-0.0021915053,0.0022682309,0.0033658990
57850.4742127778,2.1693358402,2.2191067968,2.1226553071,2.1550701372,-0.1002613322,-0.1016155181,-0.0724665035,-0.0790266464,-0.1432144546,-0.1772602177,-0.1191613439,-0.1921272106,-0.0026425527,-0.0013250911,0.0028955315,0.0021646100
57850.4742594444,2.1379974682,2.1901609312,2.1278140438,2.1464273560,-0.0961911176,-0.1016761026,-0.0729381406,-0.0818483732,-0.1423461315,-0.1781018830,-0.1228874734,-0.2080101698,-0.0014572215,0.0005211944,0.0027424994,0.0015591162
57850.4743061111,2.1154953550,2.1674217870,2.1406211019,2.1357543740,-0.0954898187,-0.0984040941,-0.0729351797,-0.0825006057,-0.1407531115,-0.1779146716,-0.1291547623,-0.2269636420,-0.0007622580,-0.0006966893,0.0016141763,0.0011514039
57850.4743527778,2.0871744368,2.1523398740,2.1441873662,2.1523999258,-0.0933149045,-0.0981182366,-0.0741615588,-0.0862410703,-0.1383121641,-0.1664069820,-0.1332055195,-0.2169689402,0.0034637734,-0.0030400573,0.0011515610,0.0000968185
57850.4744233333,2.0917211440,2.1207140688,2.1323866984,2.1460123318,-0.0936411539,-0.0926499807,-0.0735779716,-0.0827880061,-0.1375583607,-0.1374065745,-0.1386470465,-0.2105445461,0.0007572900,-0.0041651633,0.0011831125,-0.0003277117
57850.4744700000,2.0792012132,2.1461901491,2.1434603290,2.1557994960,-0.0948386265,-0.0957096949,-0.0731311931,-0.0832871736,-0.1392736475,-0.1559103290,-0.1368418692,-0.2162947574,-0.0024619330,-0.0040126461,0.0014922647,-0.0019086437
57850.4745166667,2.1010080234,2.1486078473,2.1602787407,2.1648486328,-0.0924659916,-0.0962078460,-0.0737240310,-0.0836134410,-0.1377313293,-0.1534114282,-0.1351243511,-0.2208920659,0.0013214329,-0.0037603383,0.0026814467,0.0003819356
57850.4745633333,2.0318949012,2.0878341952,2.0682166679,2.0839753964,-0.0896344459,-0.0945461433,-0.0716171158,-0.0782997665,-0.1350093173,-0.1570108374,-0.1312383037,-0.2082382313,0.0024160256,-0.0047790213,0.0011961345,0.0000196508
57850.4746338889,2.0468818572,2.0768135949,2.0269967400,2.0376140651,-0.0906249105,-0.0978350845,-0.0665843734,-0.0783091203,-0.1375053786,-0.1921830786,-0.1178313096,-0.2204879182,-0.0013129368,-0.0047854467,0.0040441602,-0.0001613730
57850.4746805555,2.0580538418,2.1111680372,2.1189539617,2.1334160902,-0.0903735833,-0.0932769576,-0.0708511336,-0.0798230969,-0.1363364931,-0.1571534303,-0.1331444488,-0.2161123592,0.0021579960,-0.0039044703,0.0019659176,-0.0013865975
57850.4747272222,2.0969192103,2.1480071105,2.1502331450,2.1635032549,-0.0919607191,-0.0939948370,-0.0728554963,-0.0801312526,-0.1391057898,-0.1538005503,-0.1376269959,-0.2164302687,0.0018517713,-0.0041574235,0.0020939718,-0.0026225696
57850.4747738889,2.1075883018,2.1591643900,2.1576806661,2.1663958302,-0.0917595650,-0.0968536950,-0.0731548451,-0.0818595789,-0.1430623452,-0.1750065023,-0.1309194575,-0.2234210405,-0.0005299200,-0.0060704041,0.0024581854,0.0000709448
57850.4748444444,2.0991366492,2.1548529611,2.1654222553,2.1779580232,-0.0929067544,-0.0944594748,-0.0728447027,-0.0817551979,-0.1401808657,-0.1612689641,-0.1371964386,-0.2202597580,0.0024033668,-0.0030342007,0.0025103216,-0.0007190076
57850.4748911111,2.0933473773,2.1483809801,2.1524350242,2.1572835044,-0.0919465368,-0.0955148188,-0.0710737305,-0.0807300709,-0.1401597671,-0.1778377111,-0.1321212099,-0.2269704440,-0.0015611849,-0.0036387320,0.0039788731,0.0012005267
57850.4749377778,2.0869308265,2.1378013775,2.1643976187,2.1716785012,-0.0912412930,-0.0944803809,-0.0707286875,-0.0827038938,-0.1398001116,-0.1747652314,-0.1372836745,-0.2210542828,0.0006378727,-0.0006369094,0.0021785624,0.0004504627
57850.4749844444,2.1166296015,2.1502895433,2.1599724149,2.1732041966,-0.0930315126,-0.0915960183,-0.0705703541,-0.0799399272,-0.1430317474,-0.1360183098,-0.1434604237,-0.2182544329,0.0016901603,-0.0036699513,0.0019323304,0.0008653675
57850.4750550000,2.1210743773,2.1320366089,2.1574223516,2.1758495702,-0.0918102280,-0.0896189370,-0.0727156178,-0.0793770163,-0.1431503581,-0.1166731314,-0.1517488237,-0.2085126456,0.0029333099,-0.0021544466,0.0015096622,0.0005509874
57850.4751016667,2.0873789612,2.1398034566,2.1297741149,2.1410616615,-0.0906804967,-0.0951994668,-0.0706500748,-0.0792059212,-0.1409487358,-0.1667021814,-0.1326375408,-0.2195647921,0.0001570959,-0.0024873812,0.0028383728,0.0018108378
57850.4751483333,2.1112175429,2.1588152045,2.1367880147,2.1439765552,-0.0928557602,-0.0948335784,-0.0682547683,-0.0778447329,-0.1425315041,-0.1762516278,-0.1288848853,-0.2224765568,-0.0007037405,-0.0006440972,0.0030967847,0.0013164337
57850.4751950000,2.1167761737,2.1517187513,2.1690273064,2.1876732810,-0.0911929659,-0.0905225556,-0.0719585460,-0.0775622085,-0.1407921542,-0.1374954388,-0.1461266097,-0.2141290058,0.0027233082,-0.0039736510,0.0027845423,-0.0004884863
57850.4752655556,2.0960646387,2.1429256128,2.1338224204,2.1256667415,-0.0905879438,-0.0940381761,-0.0688540792,-0.0783580450,-0.1428244922,-0.1765985985,-0.1317281485,-0.2361638861,0.0005846820,-0.0000278708,0.0028451142,0.0011021360
57850.4753122222,2.0957810479,2.1420244367,2.0997592362,2.1030385464,-0.0906518342,-0.0945292056,-0.0664191190,-0.0740046619,-0.1417018605,-0.1769806607,-0.1230625362,-0.2151120860,0.0009412958,-0.0009161382,0.0024019871,0.0017811436
57850.4753588889,2.1324728412,2.1814720590,2.1193723822,2.1319970472,-0.0930799259,-0.0940336336,-0.0645051407,-0.0732328359,-0.1435336824,-0.1795648165,-0.1224124797,-0.2094493327,0.0003927122,-0.0017303918,0.0027392698,0.0018586089
57850.4754055556,2.1527211405,2.2041277198,2.1317171072,2.1539533716,-0.0913197872,-0.0959638275,-0.0660744715,-0.0727916868,-0.1456849697,-0.1791576540,-0.1217105086,-0.2038979884,-0.0013315866,-0.0025585513,0.0033408171,0.0020949640
57850.4754761111,2.0941587714,2.1545433030,2.1634156420,2.1707723645,-0.0905706162,-0.0908892960,-0.0707935790,-0.0776231843,-0.1290492648,-0.1536074657,-0.1414949282,-0.2180716289,-0.0036851591,-0.0035665940,0.0032639025,0.0007503937
57850.4755227778,2.1260709937,2.1710611476,2.1610269312,2.1695412648,-0.0927911582,-0.0972116263,-0.0689396309,-0.0766743220,-0.1435524138,-0.1810762556,-0.1326060793,-0.2213533335,-0.0017897562,-0.0038957864,0.0037244881,0.0008011961
57850.4755694444,2.1406602308,2.1731778320,2.1957647982,2.2098821181,-0.0928772281,-0.0904664391,-0.0705802830,-0.0776867002,-0.1399170894,-0.1380142171,-0.1447815222,-0.2165416858,0.0023740997,-0.0031454764,0.0024300765,0.0015593504
57850.4756161111,2.1612747617,2.1732918152,2.1923131797,2.2153106421,-0.0925173754,-0.0881143568,-0.0736202015,-0.0775757500,-0.1445166313,-0.1212514923,-0.1541883006,-0.2089292989,0.0032927066,0.0023090248,0.0028373505,0.0004808176
57850.4756866667,2.1689897574,2.1845449175,2.1836353306,2.2118147443,-0.0929302558,-0.0874522229,-0.0727503549,-0.0772763975,-0.1437857454,-0.1230407761,-0.1627095246,-0.2017210046,0.0020758708,0.0037276648,0.0012535210,-0.0003179376
57850.4757333333,2.2294945693,2.2572407041,2.1660589855,2.2083065207,-0.0943695620,-0.0936936202,-0.0742853662,-0.0723973139,-0.1471101713,-0.1539995425,-0.1664122097,-0.1727135045,0.0008194679,-0.0001958314,-0.0006948449,0.0003667391
57850.4757800000,2.0953454892,2.1070681216,2.1250556569,2.1400864527,-0.0904003991,-0.0852847063,-0.0682005578,-0.0763645505,-0.1400587217,-0.1145628066,-0.1434446276,-0.2071218261,0.0011349685,0.0035237486,0.0015458587,-0.0006546219
57850.4758266667,2.0880216175,2.1000528381,2.1149036132,2.1356310877,-0.0896147912,-0.0852021031,-0.0699957654,-0.0751224803,-0.1402048884,-0.1150020023,-0.1491133083,-0.2002526155,0.0009727026,0.0022600733,0.0014953363,0.0006666011
57850.4758972222,2.0998815654,2.1186660006,2.1452119281,2.1610512036,-0.0907126999,-0.0865322535,-0.0698927279,-0.0746510592,-0.1402502418,-0.1224536190,-0.1456627431,-0.2086411787,0.0011119429,-0.0030139663,0.0005696273,0.0003989681
57850.4759438889,2.0652654361,2.1137703335,2.1013823422,2.0908143613,-0.0881363262,-0.0920593931,-0.0660254023,-0.0747151093,-0.1386054910,-0.1727241668,-0.1274362686,-0.2292782062,0.0007642941,-0.0005865734,0.0037510250,0.0013828568
57850.4759905556,2.0955971308,2.1435268548,1.9973523916,2.0439269487,-0.0899577769,-0.0929806443,-0.0624243886,-0.0629501609,-0.1410039479,-0.1700170703,-0.1087613643,-0.1545384236,-0.0006424760,0.0000777004,-0.0010765519,0.0027213165
57850.4760372222,2.1224305462,2.1685818814,1.9934081939,2.0391042620,-0.0915524215,-0.0928308147,-0.0651566353,-0.0591664375,-0.1424991754,-0.1687424145,-0.1234983232,-0.1395533461,0.0003056993,0.0026738143,-0.0010138459,0.0043367090
57850.4761077778,2.0577556429,2.1021812372,1.9233247903,1.9708922880,-0.0879603688,-0.0888123195,-0.0600368264,-0.0594028577,-0.1397389731,-0.1647967279,-0.1054963707,-0.1504222342,0.0015129428,0.0004860196,-0.0019641943,0.0047107515
57850.4761544444,2.1759805157,2.2249631502,2.0754743848,2.1257975641,-0.0938180784,-0.0930080492,-0.0672454795,-0.0650081343,-0.1470899321,-0.1749579584,-0.1214814683,-0.1511604021,-0.0000794658,0.0002578154,-0.0019064151,0.0041255463
57850.4762011111,2.1989664964,2.2501510946,2.0840107570,2.1323468691,-0.0930593800,-0.0961600645,-0.0651419309,-0.0631320364,-0.1503253060,-0.1770423470,-0.1258751711,-0.1499917457,-0.0007110819,0.0000045470,-0.0014138395,0.0024924503
57850.4762477778,2.1661022378,2.2167962236,2.0934047177,2.1312689547,-0.0925672415,-0.0943724571,-0.0628571985,-0.0697062061,-0.1465852757,-0.1775427496,-0.1139960783,-0.1821918267,0.0006017511,-0.0014933387,0.0029969739,0.0028379346
57850.4763183333,2.1575904766,2.2097135540,2.1440875536,2.1556167452,-0.0917783693,-0.0946618296,-0.0642553248,-0.0713374806,-0.1466610939,-0.1794890215,-0.1198554705,-0.2104900175,-0.0013408973,-0.0024842773,0.0035974344,0.0019552469
57850.4763650000,2.0588110176,2.1039397066,2.1154527792,2.1234746771,-0.0876844462,-0.0900015547,-0.0674262978,-0.0731400432,-0.1381533853,-0.1739892919,-0.1287031361,-0.2189275596,-0.0018434991,-0.0001113301,0.0035965367,0.0012056009
57850.4764116667,2.0982361974,2.1169425481,2.1435730610,2.1603114107,-0.0882432769,-0.0851842179,-0.0678368751,-0.0729357396,-0.1401127395,-0.1222202894,-0.1444476435,-0.2082151656,0.0016533134,-0.0027590701,0.0004201380,0.0009925426
57850.4764583333,2.0821412963,2.1098863191,2.1005663994,2.1156474014,-0.0866357509,-0.0850601457,-0.0657528424,-0.0733959543,-0.1386352624,-0.1309253041,-0.1380247687,-0.2074548863,0.0031910560,-0.0041224620,0.0020057007,0.0004626543
57850.4765288889,2.0452227283,2.0937937488,2.0554520603,2.0587048034,-0.0862683221,-0.0890728438,-0.0619008300,-0.0722427131,-0.1376593511,-0.1727421836,-0.1169026349,-0.2173547693,0.0017204068,0.0010913367,0.0045083131,0.0009399141
57850.4765755556,2.1694954449,2.2169608498,2.0708847062,2.1231061259,-0.0910970694,-0.0934695177,-0.0617129026,-0.0638086739,-0.1462221005,-0.1751167662,-0.1093476740,-0.1641753566,-0.0004896544,-0.0005832728,0.0029011512,0.0016396498
57850.4766222222,2.2050124470,2.2547467496,2.0920602239,2.1405944762,-0.0933439486,-0.0938785193,-0.0658901595,-0.0620857384,-0.1491204351,-0.1752356772,-0.1317920949,-0.1456344497,-0.0006809737,0.0025632978,-0.0028533661,0.0045382416
57850.4766688889,2.2081812235,2.2539274095,2.0696848653,2.1250115108,-0.0938403460,-0.0928626056,-0.0708766044,-0.0600111899,-0.1481408848,-0.1677662283,-0.1843934350,-0.1146252187,-0.0012204506,0.0021249132,-0.0019479753,-0.0019446807
57850.4767394444,2.1945318798,2.2355481722,2.0400970937,2.1146359565,-0.0932844193,-0.0920056027,-0.0710415811,-0.0606896683,-0.1480281056,-0.1605198411,-0.2026139452,-0.1217196129,0.0003967679,-0.0008557083,-0.0019219098,-0.0011783203
57850.4767861111,2.1985797631,2.2408271165,2.0463584433,2.1142484850,-0.0913836625,-0.0910217357,-0.0723844936,-0.0574183906,-0.1468968521,-0.1628156836,-0.1947520779,-0.1165617020,0.0000450462,0.0009310431,-0.0031461294,-0.0002286864
57850.4768327778,2.1770017025,2.2154021444,2.0214105388,2.0823231531,-0.0905731041,-0.0906031297,-0.0716356451,-0.0585513922,-0.1458936681,-0.1612141214,-0.1889991491,-0.1155850960,0.0003430464,0.0007973095,-0.0018195704,-0.0013749613
57850.4768794444,2.2065471584,2.2598330107,1.9473352073,1.9350637719,-0.0917571657,-0.0918186343,-0.0560018123,-0.0642020668,-0.1486575829,-0.1660585189,-0.0954406621,-0.2017820063,0.0000931283,0.0011233419,0.0012613085,0.0021541037
57850.4769500000,2.1869057992,2.2286889570,2.0420994391,2.0688396444,-0.0921658618,-0.0917251999,-0.0672652476,-0.0565502561,-0.1461429344,-0.1701695066,-0.1492607147,-0.1057917059,0.0000077324,-0.0008779445,-0.0021676294,0.0000295145
57850.4769966667,2.2289155784,2.2787187577,2.0994902767,2.1400372462,-0.0921174210,-0.0945909400,-0.0694864838,-0.0581230345,-0.1494453700,-0.1712984724,-0.1654778036,-0.1102226551,0.0023949409,0.0005924566,-0.0024919352,0.0007635815
57850.4770433333,2.1872115359,2.2047882468,2.0513551992,2.0999597613,-0.0922526177,-0.0918248201,-0.0660570167,-0.0578046144,-0.1476829796,-0.1737417461,-0.1420228049,-0.1019861538,-0.0011544213,0.0009510480,-0.0019211096,0.0010842061
57850.4770900000,2.1638391594,2.2170011281,2.0806744344,2.1438177612,-0.0907170424,-0.0909325555,-0.0586793381,-0.0678999129,-0.1445442815,-0.1773147511,-0.0841730473,-0.1872144125,0.0027400390,0.0012206647,-0.0013501506,0.0025650376
57850.4831961111,-0.0507221369,-0.0190268789,0.0371311312,0.1921905259,-0.0009974624,0.0008247651,0.0113273196,0.0135495488,-0.0223066170,0.0231128533,0.0986616096,0.1290108694,0.0011153191,-0.0006505166,0.0073331115,0.0023851352
57850.4832427778,1.9496507287,1.9921590230,1.8318145573,1.9070010625,-0.0474914209,-0.0499590765,-0.0406422014,-0.0346374624,-0.0659913889,-0.0731492513,-0.0791631939,-0.0115452517,0.0003307414,0.0013994604,-0.0012827124,0.0003255456
57850.4832894444,2.2563455543,2.3013242821,2.1057434136,2.1718593068,-0.0569626320,-0.0557816620,-0.0505545142,-0.0437328457,-0.0729716402,-0.0864277258,-0.1083733548,-0.0319560952,-0.0004196718,0.0003072191,-0.0029122216,0.0009977123
57850.4833361111,2.2527582156,2.2982056275,2.0995841635,2.1729553027,-0.0570228407,-0.0588792275,-0.0494279332,-0.0433005277,-0.0735394981,-0.0857179155,-0.1141118341,-0.0326453440,0.0009138989,0.0017351624,-0.0014346817,-0.0013549247
57850.4834066667,2.2600356833,2.3051986935,2.1072488333,2.1851937342,-0.0550599472,-0.0559910518,-0.0502422319,-0.0429762584,-0.0730745029,-0.0857803285,-0.1191592985,-0.0348392063,0.0004133675,0.0013955615,-0.0032672221,0.0006316635
57850.4834533333,2.2549221302,2.2981329208,2.1055871045,2.1790131059,-0.0545678752,-0.0542205487,-0.0510667767,-0.0434033255,-0.0719981649,-0.0859529464,-0.1121796098,-0.0331673361,0.0012443269,0.0016394136,-0.0016011227,0.0010390218
57850.4835000000,2.2340575063,2.2773582396,2.0876076997,2.1700522235,-0.0533554262,-0.0534707118,-0.0476465754,-0.0413071231,-0.0705298639,-0.0828511102,-0.1274568644,-0.0350513970,0.0015787414,0.0013153983,-0.0003959986,-0.0016815862
57850.4835466667,2.2221795813,2.2691053983,2.0863500005,2.1446212785,-0.0523035187,-0.0546394445,-0.0471900095,-0.0426518283,-0.0724720192,-0.0878000474,-0.0966459051,-0.0281671851,0.0011056547,0.0009161692,-0.0021995145,-0.0015543279
57850.4836172222,2.2262096989,2.2715914457,2.0916608877,2.1336503808,-0.0519444029,-0.0544820849,-0.0457352488,-0.0418606691,-0.0703205164,-0.0901790027,-0.0758339238,-0.0225808419,0.0017870134,0.0013160576,-0.0011235112,0.0006371025
57850.4836638889,2.2431773502,2.2918018627,2.1104828963,2.1516966601,-0.0503912188,-0.0525387473,-0.0441895921,-0.0417687518,-0.0696931772,-0.0883604241,-0.0819687175,-0.0242698109,-0.0005506054,0.0006894273,-0.0021805693,0.0006170897
57850.4837105556,2.2338134151,2.2812730071,2.1047779104,2.1509931973,-0.0518119758,-0.0526431429,-0.0447123402,-0.0398635507,-0.0692174859,-0.0896801332,-0.0749317821,-0.0303892319,-0.0002727768,0.0008144170,-0.0015418781,0.0043506589
57850.4837572222,2.2321556678,2.2763786720,2.1013926083,2.1460095905,-0.0511742892,-0.0507307194,-0.0446055612,-0.0368927530,-0.0692787384,-0.0851744375,-0.0874487477,-0.0201184527,-0.0004307161,0.0015302365,-0.0015650503,0.0030585022
57850.4838277778,2.2271905969,2.2729768620,2.0918494394,2.1360421000,-0.0497473092,-0.0499298077,-0.0429249002,-0.0381439420,-0.0676310236,-0.0873401496,-0.0797991078,-0.0253984484,0.0017444670,0.0007889251,-0.0032189289,0.0036797819
57850.4838744444,2.2402005339,2.2874247273,2.0888323421,2.1319154433,-0.0491045335,-0.0510542945,-0.0442159887,-0.0356142466,-0.0684963792,-0.0852047971,-0.0863345964,-0.0149775233,0.0002289387,0.0001910429,-0.0025549094,0.0039853865
57850.4839211111,2.2389482304,2.2845775583,2.1032362020,2.1463520932,-0.0488061713,-0.0509065759,-0.0447045646,-0.0345389381,-0.0673954073,-0.0825238886,-0.0910944669,-0.0102046430,-0.0000439808,0.0013319238,-0.0009902040,0.0031769194
57850.4839677778,2.2349662036,2.2789463960,2.0902817823,2.1284165859,-0.0497362653,-0.0496935489,-0.0447635271,-0.0334252283,-0.0660283895,-0.0805483207,-0.1066394993,0.0044941200,0.0010579056,0.0004997893,-0.0030608654,0.0040185288
57850.4840383333,2.2187161034,2.2617320043,2.0858893115,2.1300936276,-0.0472613184,-0.0498436059,-0.0422588494,-0.0354241008,-0.0659398897,-0.0832813247,-0.0774775368,-0.0184361508,-0.0014157520,0.0005071839,-0.0020621148,0.0036819274
57850.4840850000,2.2206329145,2.2688289300,2.0992323060,2.1457892596,-0.0480368857,-0.0484629376,-0.0395176630,-0.0366461730,-0.0662884464,-0.0866200313,-0.0611195036,-0.0359911380,0.0008922266,-0.0014019051,-0.0026051399,0.0028455834
57850.4841316667,2.2192317858,2.2702919019,2.1046201197,2.1553749277,-0.0462628359,-0.0480536612,-0.0402130520,-0.0361961033,-0.0664241988,-0.0884293280,-0.0544904961,-0.0428970761,-0.0008612129,0.0006317269,-0.0026994335,0.0038691465
57850.4841783333,2.2335797120,2.2827145437,2.1032338755,2.1509052811,-0.0466812741,-0.0474072300,-0.0395808015,-0.0339889348,-0.0647727712,-0.0862637501,-0.0647754503,-0.0300693308,-0.0006697504,0.0003365245,-0.0020457461,0.0028433747
57850.4842488889,2.2401630587,2.2875256105,2.1091243571,2.1607581336,-0.0453458915,-0.0466949969,-0.0409328565,-0.0356622879,-0.0650947981,-0.0818878809,-0.0854156932,-0.0211686276,0.0006878075,0.0002298594,-0.0025928994,-0.0000987428
57850.4842955556,2.2521436837,2.2976149023,2.1054083801,2.1664394049,-0.0437399430,-0.0467142203,-0.0413634200,-0.0349188000,-0.0664235275,-0.0803050337,-0.0966682232,-0.0230142378,0.0011357386,-0.0005195379,-0.0018030831,-0.0005102149
57850.4843422222,2.2623360276,2.3079825169,2.1071160722,2.1804922457,-0.0457717137,-0.0458612616,-0.0408327351,-0.0363117444,-0.0654364211,-0.0776576924,-0.1088365544,-0.0251639282,-0.0011953880,0.0009830046,-0.0035395621,-0.0008217588
57850.4843888889,2.2584860204,2.3035943757,2.1119984489,2.1816704045,-0.0439457214,-0.0446988945,-0.0420994436,-0.0347983899,-0.0654474186,-0.0800855320,-0.1027971891,-0.0222525873,0.0004472441,-0.0005384947,-0.0014494741,-0.0009720919
57850.4844594444,2.2415945351,2.2880109804,2.1036936449,2.1532864685,-0.0431090664,-0.0446771966,-0.0383738889,-0.0339584854,-0.0639171949,-0.0800726737,-0.0815274916,-0.0175023678,0.0009898770,0.0012957309,-0.0017900980,-0.0006078982
57850.4845061111,2.2317791118,2.2757795640,2.0951211277,2.1474645054,-0.0425820299,-0.0446459580,-0.0378704081,-0.0331020403,-0.0613219227,-0.0791989081,-0.0808987697,-0.0185954794,0.0008565185,0.0010569135,-0.0020343371,-0.0007477668
57850.4845527778,2.2241043175,2.2689543680,2.0739542594,2.1294485977,-0.0433404653,-0.0427100312,-0.0386005199,-0.0336372124,-0.0613168813,-0.0775306876,-0.0841391829,-0.0174277325,0.0003368157,-0.0002536738,-0.0017165798,-0.0002691776
57850.4845994444,2.2246407142,2.2674828626,2.0803226408,2.1336431810,-0.0442857545,-0.0434179318,-0.0383267798,-0.0333978089,-0.0604682058,-0.0803579902,-0.0783446412,-0.0166817474,-0.0006606702,0.0002331235,-0.0007710368,-0.0005861961
57850.4846700000,2.2459596296,2.2772342685,2.1869642021,2.2313583440,-0.0415576655,-0.0422781484,-0.0382966996,-0.0371271034,-0.0615818877,-0.0632521629,-0.0696794007,-0.0730319322,0.0002500750,0.0012850856,-0.0015772173,-0.0001190027
57850.4847166667,2.2296163143,2.2758883219,2.1044615192,2.1517552401,-0.0411822509,-0.0437181760,-0.0371757137,-0.0317116269,-0.0607718608,-0.0807287440,-0.0576051697,-0.0263915336,0.0002395853,-0.0002533206,-0.0032656949,0.0023790938
57850.4847633333,2.2468238529,2.2947994220,2.1063838270,2.1508870857,-0.0419170417,-0.0445202190,-0.0386795084,-0.0297004375,-0.0614942485,-0.0789785524,-0.0845280912,-0.0024707602,-0.0015115173,0.0001891979,-0.0024940059,0.0042078535
57850.4848100000,2.2391130356,2.2546573679,2.0647100397,2.1597166498,-0.0422368174,-0.0415781492,-0.0363896055,-0.0315960986,-0.0604251043,-0.0749974858,-0.0938477489,-0.0140345995,-0.0003047976,-0.0004009995,-0.0029047206,-0.0011997793
57850.4848805555,2.2384256333,2.2868716579,2.1073957167,2.1537526430,-0.0416550654,-0.0430693380,-0.0370475801,-0.0298788362,-0.0576797044,-0.0786919984,-0.0641007917,-0.0171860321,-0.0006306137,0.0006991579,-0.0028557665,0.0042902175
57850.4849272222,2.2292496018,2.2771574483,2.1025964849,2.1524973617,-0.0404953036,-0.0412131359,-0.0367611823,-0.0307274381,-0.0607344178,-0.0779655674,-0.0534070244,-0.0285606461,0.0016796315,0.0007834743,-0.0015452013,0.0042592807
57850.4849738889,2.2337056078,2.2813883533,2.1043716701,2.1449276551,-0.0402130504,-0.0414764202,-0.0373730432,-0.0315733123,-0.0573997432,-0.0770094904,-0.0673175404,-0.0108112558,0.0000667178,0.0011321731,-0.0015116049,0.0009249464
57850.4850205556,2.2331853239,2.2794027869,2.1021962568,2.1483968326,-0.0405659839,-0.0418549264,-0.0374491106,-0.0300433112,-0.0580032017,-0.0756002427,-0.0748572823,-0.0116421768,0.0001252377,-0.0003688388,-0.0014296174,-0.0006734325
57850.4850911111,2.2140579209,2.2586947756,2.0931237787,2.1247079260,-0.0411514708,-0.0409273218,-0.0343253800,-0.0294965898,-0.0559938619,-0.0785138828,-0.0541498282,-0.0015528955,-0.0005728394,0.0005075174,0.0000011597,0.0009813070
57850.4851377778,2.2393832843,2.2869443871,2.1002320462,2.1399631094,-0.0400097118,-0.0405674922,-0.0353229465,-0.0287616301,-0.0591613370,-0.0714773824,-0.0851262331,0.0060896104,-0.0000953215,0.0025131735,-0.0028947882,0.0046263313
57850.4851844444,2.2290968525,2.2744883071,2.0981420520,2.1550274247,-0.0407273004,-0.0416927198,-0.0366918955,-0.0293871451,-0.0574335364,-0.0735937264,-0.0785389462,-0.0131265665,0.0010126126,-0.0010904592,-0.0024788411,0.0006542678
57850.4852311111,2.2089500382,2.2608209448,2.0786021391,2.1249850120,-0.0393980013,-0.0410920127,-0.0347508848,-0.0290732509,-0.0586026597,-0.0778051236,-0.0569592520,-0.0166447080,0.0003813442,-0.0006589624,-0.0040968216,0.0025814216
57850.4853016667,2.2011078913,2.2499967534,2.0765277170,2.1263462591,-0.0392032673,-0.0406029748,-0.0351038113,-0.0323444282,-0.0579615865,-0.0767075582,-0.0464858041,-0.0288247045,-0.0001813853,0.0000742872,-0.0008802952,0.0038805062
57850.4853483333,2.2185768552,2.2687336445,2.1052358226,2.1550220483,-0.0380209733,-0.0424181737,-0.0340682141,-0.0315910681,-0.0568623252,-0.0791000464,-0.0343440916,-0.0369635811,-0.0006126378,0.0001034782,-0.0012497925,0.0025068762
57850.4853950000,2.2255226541,2.2728520870,2.1101846707,2.1575936106,-0.0391931717,-0.0399784101,-0.0341160370,-0.0310701983,-0.0551016121,-0.0779298886,-0.0373562482,-0.0312762616,0.0000981297,0.0007590701,-0.0015437741,0.0035404616
57850.4854416667,2.2200039353,2.2657519181,2.0933588105,2.1274000704,-0.0388525268,-0.0408896550,-0.0342303010,-0.0312582149,-0.0553833814,-0.0745385933,-0.0522790611,-0.0013033963,0.0007243993,0.0030400777,-0.0027720771,0.0011700962
57850.4855122222,2.2103827945,2.2254452212,2.0637441008,2.1426711929,-0.0390798774,-0.0407030804,-0.0334484460,-0.0303101167,-0.0543705020,-0.0771304869,-0.0399404492,-0.0288960854,-0.0005955914,0.0002645688,-0.0023673122,0.0049965770
57850.4855588889,2.2368455278,2.2841058915,2.1078691011,2.1515544456,-0.0405150116,-0.0402232779,-0.0350063895,-0.0305806820,-0.0545656456,-0.0736074077,-0.0619996518,-0.0130810264,-0.0006156997,0.0013239891,-0.0015123319,0.0053020118
57850.4856055556,2.2348735864,2.2803018904,2.1075221309,2.1532867255,-0.0386849755,-0.0395991005,-0.0351936016,-0.0302000731,-0.0549885511,-0.0740907848,-0.0589468467,-0.0130858919,0.0005073055,0.0003125796,-0.0022770634,0.0025451457
57850.4856522222,2.2368214519,2.2840967070,2.1087962228,2.1550756341,-0.0397728724,-0.0413952116,-0.0350147983,-0.0311751917,-0.0537513305,-0.0747096927,-0.0646151584,-0.0082048152,0.0005827753,0.0005272386,-0.0035111667,0.0024033283
57850.4857227778,2.2376454081,2.2829660206,2.0961379209,2.1516527942,-0.0401341432,-0.0400459107,-0.0375049069,-0.0313628596,-0.0558498126,-0.0703120467,-0.0789527978,-0.0070189900,-0.0013408568,0.0009887956,-0.0023909823,0.0000894377
57850.4857694444,2.2295749591,2.2756491392,2.0948467827,2.1445160203,-0.0380544880,-0.0413938537,-0.0376519472,-0.0323344795,-0.0545566246,-0.0709562014,-0.0654054770,-0.0045310862,-0.0010077173,0.0012459880,-0.0027245524,-0.0007641933
57850.4858161111,2.2426745907,2.2881849000,2.0999774740,2.1647182695,-0.0405521296,-0.0406745590,-0.0366047372,-0.0334510116,-0.0538589352,-0.0675542150,-0.0805894355,-0.0070707772,0.0007266076,-0.0005393658,-0.0025340729,0.0002596607
57850.4858627778,2.2538364935,2.3000099444,2.1077916227,2.1659101147,-0.0391541176,-0.0405819346,-0.0369652440,-0.0318876501,-0.0533607955,-0.0674533789,-0.0737755718,-0.0068385677,-0.0002537958,0.0012153050,-0.0022715454,-0.0008169750
57850.4859333333,2.2285248262,2.2758915065,2.0926357866,2.1398872937,-0.0402101390,-0.0390191793,-0.0342664808,-0.0305801318,-0.0543176516,-0.0712598540,-0.0554814199,-0.0096918449,-0.0018653336,-0.0001088745,-0.0031857910,0.0037336954
57850.4859800000,2.2445371447,2.2877260655,2.0971372134,2.1379489552,-0.0405726802,-0.0396442821,-0.0373821186,-0.0276733130,-0.0514520472,-0.0655375313,-0.0831581603,0.0135743933,0.0017332257,0.0002627648,-0.0024393084,0.0028355526
57850.4860266667,2.2368458882,2.2809469727,2.0869980575,2.1302483360,-0.0377563760,-0.0400046056,-0.0370316444,-0.0293100432,-0.0519280077,-0.0673496181,-0.0745674217,0.0104774256,0.0002102756,-0.0002282883,-0.0030462068,0.0039590630
57850.4860733333,2.2332894382,2.2769663235,2.0857011084,2.1260156153,-0.0399614512,-0.0410062266,-0.0386713184,-0.0274276103,-0.0526240312,-0.0660785293,-0.0873662498,0.0197293379,-0.0007018187,0.0019422116,-0.0022887179,0.0023804591
57850.4861438889,2.2281160053,2.2565324272,2.1646507376,2.2095567575,-0.0378969698,-0.0394965503,-0.0361533219,-0.0360718814,-0.0491412624,-0.0498051206,-0.0578492596,-0.0596519636,0.0000439806,0.0008488015,-0.0005139158,0.0005230527
57850.4861905556,2.2461507509,2.2903714026,2.1028524632,2.1581524565,-0.0393999312,-0.0416044463,-0.0359277355,-0.0321554474,-0.0507028363,-0.0652481562,-0.0715062565,-0.0043278561,-0.0001891208,0.0000083733,-0.0025715108,0.0004327909
57850.4862372222,2.2447581513,2.2916905309,2.1073453409,2.1600479148,-0.0377832831,-0.0401897919,-0.0373399997,-0.0302482341,-0.0507867380,-0.0674309051,-0.0701872837,-0.0017053309,-0.0002698566,0.0007404930,-0.0033918398,0.0000126621
57850.4862838889,2.2505214378,2.2940828564,2.0861926445,2.1744280344,-0.0387664712,-0.0405345411,-0.0375387203,-0.0314619550,-0.0489001865,-0.0632203231,-0.1039475259,-0.0097022777,0.0001054057,0.0009013560,0.0000586521,-0.0013601834
57850.4863544444,2.2529669114,2.2922213588,2.1017396617,2.1826131031,-0.0375752165,-0.0377781173,-0.0349723357,-0.0330387191,-0.0491982966,-0.0535439821,-0.0993706602,-0.0179043632,0.0015531303,0.0027912592,-0.0012344150,-0.0003395050
57850.4864011111,2.2613993358,2.3041471915,2.1158542070,2.1987947344,-0.0371997232,-0.0397283134,-0.0354261358,-0.0328627784,-0.0492332574,-0.0552480609,-0.0973295864,-0.0187371819,0.0005823332,0.0012602611,0.0004296287,0.0003302520
57850.4864477778,2.2537294205,2.2950175265,2.1076612733,2.1917749131,-0.0387897678,-0.0378468088,-0.0356022332,-0.0300252070,-0.0479681660,-0.0559209173,-0.1010284689,-0.0087654000,0.0003985638,0.0002730656,-0.0002604904,-0.0009100878
57850.4864944444,2.2584537769,2.3002752215,2.1115047514,2.1929744937,-0.0374043662,-0.0379814263,-0.0341509110,-0.0312425525,-0.0477997189,-0.0561381850,-0.0969181812,-0.0147985844,0.0009947770,0.0021249824,-0.0001683641,-0.0008780286
57850.4865650000,2.2498904883,2.2894841117,2.0833086045,2.1752251231,-0.0372287897,-0.0371553272,-0.0364715667,-0.0296366767,-0.0469600313,-0.0537847654,-0.1064305982,-0.0093828395,-0.0011635601,0.0007854265,-0.0017804829,-0.0005561362
57850.4866116667,2.2469357440,2.2902611578,2.0818045570,2.1698969653,-0.0360797846,-0.0354832287,-0.0334499902,-0.0318345982,-0.0456401581,-0.0573465675,-0.0996245487,-0.0037068048,-0.0003691088,0.0022991622,-0.0002131927,-0.0003764207
57850.4866583333,2.2644254461,2.3091362937,2.1102686917,2.1936180914,-0.0359988192,-0.0385298516,-0.0347219399,-0.0298277381,-0.0451133025,-0.0563065347,-0.0961856418,-0.0036264938,0.0000940098,0.0006541185,-0.0023504489,-0.0017087810
57850.4867050000,2.2581623011,2.3026573713,2.1015246890,2.1774261371,-0.0372534616,-0.0358733116,-0.0351127921,-0.0287410678,-0.0459180361,-0.0563186729,-0.0849413333,-0.0024417087,-0.0003625531,0.0009251119,-0.0028843268,0.0003194079
57850.4867755556,2.2517707758,2.2968904166,2.1012426372,2.1748857199,-0.0336581058,-0.0353762348,-0.0333463216,-0.0300209789,-0.0424047104,-0.0574426993,-0.0794659851,-0.0001148018,0.0005436664,0.0006056051,-0.0017486827,-0.0007730198
57850.4868222222,2.2618964005,2.3036184202,2.0999812575,2.1911438565,-0.0329186400,-0.0361539868,-0.0330880180,-0.0290858993,-0.0428145289,-0.0529413238,-0.0980500644,-0.0042005820,-0.0004626765,0.0017434579,-0.0013038471,0.0002616079
57850.4868688889,2.2539372063,2.2956834683,2.0934861747,2.1898066947,-0.0344687642,-0.0334305188,-0.0342659836,-0.0295863165,-0.0423323759,-0.0506629214,-0.1000705861,-0.0051255111,0.0004793630,0.0004717246,-0.0022059770,-0.0005168259
57850.4869155555,2.2506239703,2.2898495259,2.0936142710,2.1797705348,-0.0339848752,-0.0335775341,-0.0321610504,-0.0287029153,-0.0406275054,-0.0506099560,-0.0933534922,-0.0039943469,0.0000285689,0.0007870650,0.0001250095,-0.0001242651
57850.4869861111,2.2286271250,2.2641486837,2.0809707927,2.1618265630,-0.0334763800,-0.0339880059,-0.0306800776,-0.0286431913,-0.0400775645,-0.0429072152,-0.0877713039,-0.0112077195,0.0006853034,-0.0000098070,-0.0004856312,-0.0014724598
57850.4870327778,2.2475544749,2.2806971873,2.1229877447,2.1971315890,-0.0334805713,-0.0335673925,-0.0301380295,-0.0299914323,-0.0401708543,-0.0376525832,-0.0825385728,-0.0173302739,0.0018761229,0.0017734981,0.0005994970,-0.0012542415
57850.4870794444,2.2604016998,2.2917803605,2.1502952755,2.2190361249,-0.0314347677,-0.0328760307,-0.0307305066,-0.0301011348,-0.0390744229,-0.0342114898,-0.0759027787,-0.0276262707,0.0004709953,0.0005777710,-0.0011797179,-0.0016530977
57850.4871261111,2.2400118662,2.2712922565,2.1343305505,2.1996898527,-0.0320018935,-0.0337073287,-0.0294748648,-0.0297438674,-0.0391637916,-0.0306521931,-0.0708046967,-0.0303961019,0.0022169611,0.0028338642,-0.0004060930,-0.0009005332
57850.4871966667,2.2195223886,2.2483592389,2.1577653663,2.2037494068,-0.0314577298,-0.0311314050,-0.0294737656,-0.0294559445,-0.0366613397,-0.0377013331,-0.0433534151,-0.0444617284,-0.0000818581,0.0010190933,0.0011531992,0.0019324018
57850.4872433333,2.1765833730,2.2101336262,2.0283562637,2.1142390058,-0.0301382980,-0.0318103947,-0.0294719573,-0.0265838363,-0.0370992972,-0.0385168482,-0.0837118362,-0.0049972060,0.0003877070,0.0021041689,-0.0011615822,-0.0007572410
57850.4872900000,2.1589736887,2.1956980035,1.9850859285,2.0738317492,-0.0302726244,-0.0312369705,-0.0298882806,-0.0249932707,-0.0374425495,-0.0448560157,-0.0865969101,0.0072095626,0.0021521654,0.0018377306,0.0010134434,0.0015956173
57850.4873366667,2.1644414852,2.2058295050,2.0077150142,2.0673279815,-0.0305366127,-0.0304440130,-0.0295091237,-0.0252920057,-0.0355178858,-0.0501419824,-0.0581069105,0.0124489052,0.0011376347,0.0031855484,-0.0011646068,0.0006070420
57850.4874072222,2.2373209003,2.2493718065,2.0496651721,2.1488743679,-0.0313875061,-0.0301838415,-0.0292406254,-0.0240348212,-0.0357567869,-0.0503798244,-0.0714070359,0.0132556216,0.0021544454,0.0020328828,-0.0012116543,-0.0004960049
57850.4874538889,2.2370861411,2.2820564365,2.0894022725,2.1581827750,-0.0298898737,-0.0303260723,-0.0309328163,-0.0271668084,-0.0349344058,-0.0479521241,-0.0670060223,0.0110920385,-0.0001436915,0.0013929539,-0.0032668548,-0.0000407528
57850.4875005556,2.2341279242,2.2793154374,2.0906517797,2.1354546410,-0.0306237832,-0.0323596699,-0.0286761521,-0.0253413287,-0.0345183251,-0.0501533470,-0.0478096590,0.0241751478,0.0008528895,0.0017929390,-0.0011208597,0.0035628970
57850.4875472222,2.2316518311,2.2807778577,2.0951311052,2.1450383211,-0.0293398657,-0.0308524676,-0.0301142771,-0.0257467309,-0.0339555798,-0.0480053046,-0.0433217682,0.0170174679,0.0007061906,0.0014012560,-0.0015241065,0.0002133647
57850.4876177778,2.2402359422,2.2812976898,2.0718266542,2.1586857336,-0.0315352487,-0.0308108468,-0.0305191736,-0.0270999276,-0.0322644400,-0.0404668724,-0.0841452996,0.0100874691,0.0003068655,0.0015414400,-0.0014017732,-0.0012634006
57850.4876644444,2.2333582672,2.2716578079,2.0621138708,2.1604821294,-0.0292232297,-0.0311252482,-0.0325114438,-0.0276885622,-0.0311219747,-0.0404855828,-0.0937777015,0.0074785723,0.0008087445,0.0020425352,-0.0007701483,0.0003599354
57850.4877111111,2.2422506227,2.2772415195,2.0922616928,2.1785347070,-0.0301569030,-0.0293242853,-0.0284923258,-0.0280577800,-0.0313993666,-0.0328875337,-0.0782085322,0.0024428300,0.0002635347,0.0006327586,-0.0025231479,-0.0015867875
57850.4877577778,2.2420529093,2.2799422833,2.1035050811,2.1864154382,-0.0309718818,-0.0296226100,-0.0300575025,-0.0284363335,-0.0309392797,-0.0317348428,-0.0741748518,0.0000566290,0.0000674409,0.0003930491,-0.0002285162,-0.0002194942
57850.4878283333,2.2273835004,2.2637162664,2.0615095608,2.1682689329,-0.0293310054,-0.0314319051,-0.0320877209,-0.0289819121,-0.0295957256,-0.0364865747,-0.0975654152,0.0078693740,0.0001660254,0.0015872397,-0.0029900190,-0.0004984107
57850.4878750000,2.2544072280,2.2996570832,2.1000499340,2.1772415546,-0.0312699213,-0.0318835495,-0.0308030415,-0.0268614622,-0.0296116424,-0.0418000038,-0.0683024491,0.0153718934,0.0005178840,0.0021319646,-0.0028765463,0.0001881048
57850.4879216667,2.2676513123,2.3117545911,2.1151381383,2.2017175610,-0.0317175507,-0.0312861566,-0.0302751897,-0.0272929809,-0.0283267386,-0.0375640691,-0.0792769794,0.0107236604,0.0005331590,0.0026097210,-0.0001678189,-0.0010163962
57850.4879683333,2.2557996268,2.3006248204,2.0895451012,2.1819927347,-0.0292258635,-0.0314699084,-0.0309291460,-0.0275680791,-0.0276836345,-0.0392249817,-0.0825555662,0.0169045893,0.0023872375,0.0029525864,-0.0003225326,0.0008790687
57850.4880388889,2.2472672739,2.2931019366,2.0782319915,2.1696451331,-0.0304637369,-0.0302866613,-0.0295834198,-0.0257809049,-0.0276252770,-0.0403461606,-0.0808331209,0.0191854960,0.0007812404,0.0013761047,-0.0014364740,0.0002437144
57850.4880855556,2.2590885930,2.3082642637,2.1026175532,2.1825216112,-0.0299230836,-0.0305989541,-0.0313355111,-0.0278758807,-0.0291379851,-0.0390585645,-0.0709013064,0.0171614050,-0.0006604495,0.0009749425,-0.0046434073,0.0000775944
57850.4881322222,2.2460171024,2.2908950891,2.0968009007,2.1663204784,-0.0291938178,-0.0317262137,-0.0294397519,-0.0266473102,-0.0283677693,-0.0411424162,-0.0579905975,0.0189910785,-0.0004702781,0.0009664840,-0.0028509005,-0.0007203660
57850.4881788889,2.2342854954,2.2826764741,2.1019337840,2.1482640058,-0.0289360132,-0.0321886727,-0.0284300998,-0.0254812996,-0.0276945462,-0.0467593088,-0.0335083175,0.0243440209,-0.0005692712,0.0010329443,-0.0032067755,0.0024845707
57850.4901405556,-0.0451202718,-0.0064825257,0.0082061123,0.2168357062,-0.0003910681,-0.0019156053,0.0041818810,0.0050777370,-0.0300998574,0.0255760394,0.0602063835,0.1433599426,0.0020680571,0.0020046428,0.0038606897,-0.0004732016
57850.4901872222,2.0231111448,2.0592995858,1.9041257326,1.9990425355,-0.0169315412,-0.0189083982,-0.0163659395,-0.0170027042,-0.0183645675,-0.0153047638,-0.0453605022,0.0361336745,0.0013496153,0.0022414964,0.0031052498,-0.0014965691
57850.4902338889,2.2414068251,2.2793658502,2.0892527737,2.1765248096,-0.0194126366,-0.0201298206,-0.0184681596,-0.0196626783,-0.0145068126,-0.0182909316,-0.0581518772,0.0262426373,0.0013815621,0.0021072748,-0.0006723159,0.0007147888
57850.4902805556,2.2310901264,2.2677445476,2.0931582732,2.1773736355,-0.0188263301,-0.0188744647,-0.0210475316,-0.0183756256,-0.0134942810,-0.0193138578,-0.0568512602,0.0223926780,0.0017250103,0.0015797748,0.0004003866,0.0012418691
57850.4903511111,2.2544531308,2.2927821519,2.1120725383,2.1971060080,-0.0187512562,-0.0190988095,-0.0184358613,-0.0193789637,-0.0147473852,-0.0176751295,-0.0573270759,0.0260292230,0.0015690663,0.0025446589,-0.0004830423,0.0003003312
57850.4903977778,2.2579731767,2.2961942936,2.1100919800,2.1952383127,-0.0196995712,-0.0208197487,-0.0192903251,-0.0194536282,-0.0135793648,-0.0154391500,-0.0557554128,0.0267106776,-0.0000372795,0.0030972034,0.0009907410,-0.0006149917
57850.4904444445,2.2464195173,2.2834558451,2.0982033612,2.1776662610,-0.0190706360,-0.0194122217,-0.0192070462,-0.0178062183,-0.0135942097,-0.0157346181,-0.0551100242,0.0206492156,0.0002424195,0.0014231225,-0.0008955599,-0.0019566760
57850.4904911111,2.2135933367,2.2446449679,2.0626402146,2.1433340215,-0.0192078792,-0.0184366577,-0.0172551496,-0.0182497639,-0.0135309270,-0.0147801561,-0.0533230626,0.0214377870,0.0014484526,0.0012085916,0.0008231231,-0.0001075785
57850.4905616667,2.2116902861,2.2415587439,2.0560732046,2.1360512817,-0.0182514951,-0.0180901488,-0.0165651335,-0.0166602137,-0.0118272851,-0.0115511480,-0.0507165947,0.0176958884,0.0004613176,0.0020478380,-0.0004960999,-0.0005884603
57850.4906083333,2.2686238863,2.3063435693,2.1296244165,2.2125794763,-0.0184574367,-0.0191252402,-0.0180173044,-0.0179145137,-0.0129693416,-0.0144078822,-0.0535534989,0.0249773651,0.0003518323,0.0029822342,0.0008292769,-0.0004212319
57850.4906550000,2.2700461872,2.3087730113,2.1276554046,2.2122984526,-0.0183729291,-0.0180539028,-0.0176956984,-0.0170056468,-0.0128341065,-0.0157145875,-0.0552605607,0.0274586116,-0.0004809489,0.0025662873,0.0003074769,-0.0003769607
57850.4907016667,2.2741899019,2.3147810796,2.1311708655,2.2163341782,-0.0173779382,-0.0174237043,-0.0159344414,-0.0179700875,-0.0119106538,-0.0167107520,-0.0552466052,0.0291759222,0.0007244226,0.0009525110,-0.0004740443,-0.0013561440
57850.4907722222,2.2716717946,2.3091330146,2.1413103603,2.2216190575,-0.0173257057,-0.0173744881,-0.0174570604,-0.0152252854,-0.0114612870,-0.0127077578,-0.0499610230,0.0220462283,0.0008617880,0.0021707835,-0.0000461553,0.0004984478
57850.4908188889,2.2719721324,2.3093264855,2.1382038798,2.2199987480,-0.0181949559,-0.0171111454,-0.0174676330,-0.0160512285,-0.0116271068,-0.0134081125,-0.0504974584,0.0201451798,0.0008431874,0.0024884457,0.0012949924,0.0013563107
57850.4908655556,2.2720804769,2.3112951766,2.1425806062,2.2243788909,-0.0173504702,-0.0168951618,-0.0160740150,-0.0161233625,-0.0128745430,-0.0138259011,-0.0510074955,0.0243239335,0.0009237713,0.0017802867,0.0009090415,0.0004151522
57850.4909122222,2.2770750262,2.3111917778,2.1506564083,2.2298520739,-0.0160628919,-0.0170954070,-0.0159783578,-0.0165264900,-0.0123988707,-0.0092596307,-0.0485742650,0.0180419232,0.0009855241,0.0013774865,0.0003050226,-0.0014365855
57850.4909827778,2.2863152661,2.3236523655,2.1540447176,2.2307524423,-0.0167541034,-0.0160035037,-0.0154203702,-0.0146692659,-0.0127043768,-0.0096003177,-0.0515949306,0.0220880050,0.0005599451,0.0020251760,0.0009856463,0.0003218753
57850.4910294444,2.2718407349,2.3090940883,2.1480694941,2.2265096310,-0.0152905225,-0.0149232335,-0.0151646680,-0.0158344009,-0.0120787493,-0.0102551293,-0.0487220276,0.0198483620,0.0014102196,0.0020953470,-0.0001181376,-0.0005496043
57850.4910761111,2.2708170168,2.3066082862,2.1266378974,2.2114006050,-0.0148921169,-0.0172431578,-0.0153966037,-0.0150838073,-0.0106404937,-0.0135309460,-0.0536741881,0.0287223926,-0.0008763331,0.0010419113,-0.0001606553,0.0000393306
57850.4911227778,2.2466925118,2.2883619729,2.0907867842,2.1788408813,-0.0157067550,-0.0146716507,-0.0160753551,-0.0141879949,-0.0136687023,-0.0199608360,-0.0555135953,0.0361301895,0.0005969216,0.0009895746,-0.0013177343,-0.0005937302
57850.4911933333,2.2648883597,2.3019233019,2.1238033961,2.2040038913,-0.0153578233,-0.0134519875,-0.0144010011,-0.0137137061,-0.0127653480,-0.0119997838,-0.0503359018,0.0256941774,0.0002079521,0.0017816672,0.0000984205,-0.0007032293
57850.4912400000,2.2627723664,2.2973669908,2.1416589707,2.2195444888,-0.0147107369,-0.0153939909,-0.0134976125,-0.0133917180,-0.0123271515,-0.0073217098,-0.0476923044,0.0200724060,0.0019314192,0.0019568529,0.0002518782,-0.0000829710
57850.4912866667,2.2651931998,2.2969939145,2.1565165579,2.2287033082,-0.0137113104,-0.0149850087,-0.0131557308,-0.0131933018,-0.0112084418,-0.0069903962,-0.0442848020,0.0111559490,0.0023676052,0.0024999115,-0.0002577921,-0.0010066298
57850.4913333333,2.2726068204,2.3036316866,2.1604663993,2.2311335879,-0.0146527786,-0.0146331206,-0.0148093074,-0.0124176569,-0.0127848074,-0.0038665218,-0.0421805130,0.0079597800,0.0020487119,0.0024886041,-0.0010081890,-0.0010010926
57850.4914038889,2.2460695549,2.2753375278,2.1809320193,2.2272481674,-0.0150053594,-0.0139941821,-0.0135717742,-0.0157087727,-0.0118526130,-0.0114819400,-0.0097302501,-0.0100639454,0.0012068481,0.0017962545,0.0012588326,0.0013923944
57850.4914505556,2.2668216734,2.3029388552,2.1301534011,2.2114951265,-0.0146391456,-0.0140791455,-0.0145651383,-0.0134294714,-0.0129223341,-0.0129620247,-0.0528773763,0.0259307025,0.0009557385,0.0024924854,0.0009476411,0.0001881608
57850.4914972222,2.2445096819,2.2773816849,2.1164127301,2.1911106256,-0.0134449753,-0.0135880043,-0.0126661469,-0.0130948533,-0.0120578408,-0.0088477209,-0.0448956804,0.0157316920,0.0016809488,0.0035328729,0.0008608633,0.0007802619
57850.4915438889,2.2170527692,2.2476461211,2.1191317582,2.1869649574,-0.0137756322,-0.0126339022,-0.0128674610,-0.0134610214,-0.0125532235,-0.0051473752,-0.0393809737,0.0071286584,0.0011759710,0.0015734747,0.0001174384,-0.0020768414
57850.4916144444,2.1298920533,2.1519970911,2.0379174553,2.0978967544,-0.0146575369,-0.0137893392,-0.0115091994,-0.0136926885,-0.0116044423,0.0015658585,-0.0325608391,-0.0027608496,0.0022915793,0.0047634872,0.0014752793,0.0002959359
57850.4916611111,2.2109614442,2.2341352213,2.1390204992,2.1927061423,-0.0143030421,-0.0132464840,-0.0135816585,-0.0149814018,-0.0112865877,0.0040606274,-0.0306958354,-0.0068742120,0.0029562792,0.0048495556,0.0024475019,0.0014866768
57850.4917077778,2.2700153097,2.3001452522,2.1637985913,2.2300918390,-0.0141370856,-0.0123363864,-0.0142427571,-0.0151085605,-0.0120458948,-0.0026146780,-0.0371991292,0.0041202948,0.0005692983,0.0041589276,0.0011084886,-0.0005632362
57850.4917544445,2.2605529233,2.2933238322,2.1559376453,2.2265182897,-0.0136729401,-0.0126465880,-0.0127560833,-0.0156173131,-0.0129475708,-0.0049585334,-0.0395506857,0.0095760345,0.0031026711,0.0031777983,0.0001539597,-0.0004280101
57850.4918250000,2.2496887794,2.2814138505,2.1488900468,2.2184740573,-0.0135435442,-0.0138803925,-0.0123844852,-0.0129866414,-0.0107524336,-0.0021844509,-0.0385601431,0.0100261298,0.0022361521,0.0036453375,0.0020381538,0.0011680771
57850.4918716667,2.2696911285,2.3040435645,2.1543684021,2.2257626388,-0.0150437046,-0.0126902462,-0.0134778987,-0.0138594510,-0.0122365729,-0.0065111547,-0.0387392641,0.0111723901,0.0013847662,0.0035047121,0.0005756786,0.0000516530
57850.4919183333,2.2425118580,2.2780414443,2.1323891822,2.2088485801,-0.0135824539,-0.0133299161,-0.0131051930,-0.0131339104,-0.0126248260,-0.0086755457,-0.0454049076,0.0205059472,0.0019601961,0.0023171338,-0.0004503896,-0.0001300378
57850.4919650000,2.2422610832,2.2787575778,2.1041910807,2.1816902717,-0.0139613257,-0.0135002759,-0.0131534529,-0.0127548650,-0.0117205215,-0.0116833363,-0.0480561924,0.0234272622,0.0012831447,0.0046579952,0.0007294764,0.0009520994
57850.4920355556,2.2377599101,2.2739171675,2.1077247439,2.1869355460,-0.0142719284,-0.0129376223,-0.0141070696,-0.0137172148,-0.0108045468,-0.0072958277,-0.0474448923,0.0229467977,0.0010361335,0.0036871987,-0.0007927984,0.0000222953
57850.4920822222,2.2638558555,2.2981530215,2.1371570142,2.2143071872,-0.0132982685,-0.0135830835,-0.0133995114,-0.0115979412,-0.0121919569,-0.0108117696,-0.0478087696,0.0209094119,0.0014682392,0.0023482296,0.0000983961,0.0003436975
57850.4921288889,2.2751022781,2.3047397804,2.1752827222,2.2413277398,-0.0137828912,-0.0137563788,-0.0125972941,-0.0124345745,-0.0120849997,-0.0044442486,-0.0387920903,0.0096928133,0.0015591889,0.0025692437,0.0005212768,-0.0017194093
57850.4921755556,2.2711150710,2.3020066451,2.1801140613,2.2429560311,-0.0135468891,-0.0133370774,-0.0143081690,-0.0134219387,-0.0128385441,-0.0014375214,-0.0345707522,0.0023897806,0.0025249271,0.0031319281,0.0001852541,0.0008584419
57850.4922461111,2.2529251395,2.2791806407,2.1844281052,2.2409778138,-0.0141628327,-0.0137835910,-0.0122113857,-0.0137585124,-0.0116738462,0.0044091179,-0.0286559506,-0.0064876303,0.0003136307,0.0027861925,0.0011505633,-0.0002591657
57850.4922927778,2.2462595047,2.2759159669,2.1491309322,2.2154119985,-0.0148044863,-0.0136855948,-0.0122763029,-0.0134547703,-0.0095601001,-0.0024051802,-0.0385065234,0.0058240429,0.0000626089,0.0018413039,0.0007824728,-0.0008196388
57850.4923394444,2.2520749996,2.2832441362,2.1364154896,2.2096629994,-0.0138217903,-0.0130451536,-0.0126186654,-0.0124228019,-0.0117456204,-0.0071849066,-0.0424632133,0.0117759090,0.0017645696,0.0025391714,0.0011231140,0.0006337315
57850.4923861111,2.2431097706,2.2730424846,2.1414816780,2.2091603044,-0.0138016625,-0.0133479373,-0.0129829670,-0.0115382262,-0.0115504930,-0.0025732255,-0.0394028708,0.0076537891,0.0017339168,0.0022356637,0.0006683283,-0.0007213151
57850.4924566667,2.2494103833,2.2791266411,2.1495771981,2.2120328953,-0.0136823456,-0.0134492593,-0.0129891251,-0.0123559154,-0.0115601607,-0.0021285477,-0.0369316666,0.0036099396,0.0012920244,0.0017514220,0.0005194156,0.0012579960
57850.4925033333,2.2517632731,2.2783120385,2.1743024139,2.2326613371,-0.0141335588,-0.0125033709,-0.0124819294,-0.0115081087,-0.0115683301,0.0019352186,-0.0280380952,-0.0055939864,0.0008818392,0.0030606467,0.0018319982,-0.0004145922
57850.4925500000,2.2505846417,2.2741651205,2.1845973644,2.2358400603,-0.0143330442,-0.0128067548,-0.0110807454,-0.0136654479,-0.0129751976,0.0037416539,-0.0243088341,-0.0136214907,-0.0001241977,0.0023954741,0.0002629242,0.0008069990
57850.4925966667,2.2387666542,2.2606499701,2.1834511124,2.2335770886,-0.0138386158,-0.0130861235,-0.0118415444,-0.0131686410,-0.0127234375,0.0065329132,-0.0212489895,-0.0149794027,0.0010285340,0.0040861851,0.0014372646,0.0008053769
57850.4926672222,2.2209539344,2.2395462363,2.1805847050,2.2203452527,-0.0141552905,-0.0117815015,-0.0109131261,-0.0125939098,-0.0117884209,0.0089045178,-0.0114307311,-0.0271029785,0.0019684664,0.0011919094,0.0010689284,0.0012818773
57850.4927138889,2.2457794213,2.2705096114,2.1839647825,2.2362941037,-0.0152568203,-0.0142949223,-0.0111704833,-0.0122049079,-0.0142682280,0.0041245713,-0.0266461089,-0.0118578556,0.0009872056,0.0024964798,0.0010600994,0.0005278077
57850.4927605556,2.2564050651,2.2830167390,2.1895447104,2.2446316942,-0.0131049376,-0.0134931212,-0.0127088783,-0.0131215859,-0.0135085189,0.0024836464,-0.0285566440,-0.0083691782,0.0014715166,0.0014170357,0.0013030123,0.0000517740
57850.4928072222,2.2447431747,2.2646422565,2.1909294825,2.2385908165,-0.0118735361,-0.0114793559,-0.0121097247,-0.0118532298,-0.0132080955,0.0062777267,-0.0196292074,-0.0204332529,0.0023363542,0.0042526876,0.0019470747,-0.0003877232
57850.4928777778,2.2434782408,2.2667057205,2.1697942355,2.2279055086,-0.0135408133,-0.0132599189,-0.0107507361,-0.0114872705,-0.0133214047,0.0018156782,-0.0290239262,-0.0078744870,0.0031039129,0.0004346868,0.0022450648,0.0009195225
57850.4929244444,2.2544542314,2.2495140876,2.1465822878,2.2346924981,-0.0121422613,-0.0125322397,-0.0098772874,-0.0119777264,-0.0128969858,-0.0011885122,-0.0325315879,-0.0065679724,0.0019056667,0.0005900331,0.0005184632,-0.0003435204
57850.4929711111,2.2358977351,2.2630042663,2.1594670564,2.2189256546,-0.0123937063,-0.0112165168,-0.0107103251,-0.0120298980,-0.0129203873,0.0016957179,-0.0313913424,-0.0057338399,0.0022277023,0.0030169718,0.0002956503,0.0007161070
57850.4930177778,2.2536621991,2.2830914357,2.1546929301,2.2183702187,-0.0132829010,-0.0129269078,-0.0111755285,-0.0111113153,-0.0140030684,-0.0020423881,-0.0366121006,0.0036771289,0.0003523808,0.0030271785,0.0005364281,0.0013960419
57850.4930883333,2.2567713542,2.2818359753,2.1787549360,2.2345038383,-0.0115074813,-0.0106303830,-0.0100593897,-0.0114996320,-0.0127353746,0.0024689106,-0.0275532218,-0.0057385508,0.0014115450,0.0022678301,0.0005536390,0.0009966068
57850.4931350000,2.2474395123,2.2757042163,2.1630249927,2.2236921552,-0.0114888137,-0.0104368409,-0.0104798283,-0.0102801508,-0.0126083323,-0.0003126721,-0.0318401139,-0.0014379283,0.0013246118,0.0021603423,0.0011507330,-0.0007904033
57850.4931816667,2.2481829219,2.2790111761,2.1389368931,2.2056397540,-0.0115198003,-0.0099900054,-0.0105901236,-0.0097966416,-0.0122905858,-0.0023446017,-0.0380740606,0.0056514489,0.0009849158,0.0027339729,0.0007261229,0.0005097807
57850.4932283333,2.2362678055,2.2599456315,2.1581288800,2.2167527657,-0.0115841140,-0.0122356884,-0.0086501042,-0.0105423813,-0.0116582625,0.0023327136,-0.0283271813,-0.0062516280,0.0005345726,0.0030486959,0.0018769697,0.0005269829
57850.4932988889,2.2293853254,2.2504765246,2.1671529376,2.2165564446,-0.0113761927,-0.0106978271,-0.0089440568,-0.0087649956,-0.0116296917,0.0051424145,-0.0202105247,-0.0149220360,0.0014449123,0.0026138037,0.0008133674,0.0009623666
57850.4933455556,2.2431947386,2.2669291073,2.1945302653,2.2421161041,-0.0102492985,-0.0105089605,-0.0078798425,-0.0095563783,-0.0117446283,0.0068834846,-0.0197421738,-0.0178854086,0.0000347174,0.0023075090,0.0011236387,-0.0009710316
57850.4933922222,2.2350486990,2.2589037800,2.1899735281,2.2325942590,-0.0115202323,-0.0112066617,-0.0079798612,-0.0089526747,-0.0125320370,0.0092769271,-0.0173594432,-0.0216286388,0.0010537429,0.0011112212,0.0014231807,-0.0002939127
57850.4934388889,2.2282788396,2.2483069378,2.1961858499,2.2309651845,-0.0092122135,-0.0113069419,-0.0077846034,-0.0102884463,-0.0120974209,0.0102212398,-0.0096802146,-0.0307221414,0.0020897472,0.0022521910,0.0007276449,0.0003775164
57850.4935094444,2.2015725867,2.2199339793,2.1783047439,2.2041497646,-0.0105597839,-0.0082941070,-0.0084911749,-0.0095270896,-0.0118997679,0.0145365641,0.0004054117,-0.0394072303,0.0013453261,0.0016488022,0.0018250994,0.0008177064
57850.4935561111,2.1816108187,2.2011114235,2.1439268364,2.1784908354,-0.0091413009,-0.0087648646,-0.0082305375,-0.0085466188,-0.0117489656,0.0105294378,-0.0075404322,-0.0294567842,0.0017539742,0.0041076635,0.0004657046,0.0010465614
57850.4936027778,2.1623734635,2.1832523285,2.1022341464,2.1494914053,-0.0116680112,-0.0095396658,-0.0067554875,-0.0084773534,-0.0108202117,0.0076393543,-0.0199850297,-0.0161350186,0.0024473961,0.0026533095,0.0027260595,0.0009488920
57850.4936494444,2.1519208209,2.1755139705,2.0834486620,2.1301954231,-0.0087248453,-0.0105169053,-0.0064369907,-0.0089504643,-0.0110213436,0.0058221018,-0.0192745545,-0.0129907824,0.0022022189,0.0031356927,0.0025308973,0.0019892827
57850.4937200000,2.1699955142,2.1920148737,2.0893769926,2.1448027295,-0.0088300439,-0.0089484184,-0.0080885833,-0.0069539247,-0.0101061083,0.0029173804,-0.0245930977,-0.0088713812,0.0010682619,0.0036239376,0.0013458520,0.0016021082
57850.4937666667,2.2397198866,2.2632943901,2.1884635725,2.2387650179,-0.0078954292,-0.0081990423,-0.0068426884,-0.0081594032,-0.0108492957,0.0072971677,-0.0186465626,-0.0149934577,0.0012117279,0.0017969982,0.0014391612,-0.0001802497
57850.4938133333,2.2432814201,2.2669079780,2.1916520762,2.2396748430,-0.0097352555,-0.0091348627,-0.0070667651,-0.0093302976,-0.0119727159,0.0080455051,-0.0193146677,-0.0185417380,0.0027774241,0.0038670501,0.0020198425,0.0007420903
57850.4938600000,2.2391710016,2.2663724009,2.1954813620,2.2351251872,-0.0089141332,-0.0098805871,-0.0068234983,-0.0081731498,-0.0119223332,0.0097093083,-0.0131219350,-0.0231948706,0.0018677475,0.0021067081,0.0009334380,0.0001667011
57850.4939305555,2.2436251222,2.2656507325,2.1939117798,2.2419602150,-0.0094557427,-0.0069512768,-0.0059832236,-0.0066482991,-0.0099660070,0.0081969688,-0.0165761518,-0.0184238820,0.0015764708,0.0026137478,0.0004386506,0.0008086467
57850.4939772222,2.2464790143,2.2674424565,2.1917386536,2.2378949383,-0.0073834057,-0.0077298842,-0.0058655207,-0.0075251737,-0.0107266129,0.0090831195,-0.0167841100,-0.0145797111,0.0008980552,0.0038559984,0.0014806206,0.0007653562
57850.4940238889,2.2332137988,2.2526767107,2.1956003894,2.2372051774,-0.0079555573,-0.0056265352,-0.0053492037,-0.0087899897,-0.0117767423,0.0102420888,-0.0118615185,-0.0222944822,0.0023668416,0.0018338738,0.0016927711,0.0000609504
57850.4940705556,2.2430719759,2.2658109175,2.1844145098,2.2339051957,-0.0079573537,-0.0061920511,-0.0067012123,-0.0070941481,-0.0097778377,0.0079986144,-0.0191312854,-0.0127108011,-0.0001276772,0.0028613084,0.0007059518,0.0001087298
57850.4941411111,2.2245673475,2.2494300163,2.1569009674,2.2071905729,-0.0072780324,-0.0088173321,-0.0050096454,-0.0065815552,-0.0096953762,-0.0089964939,-0.0064718410,-0.0053016863,-0.0003485458,0.0005421313,0.0000790438,0.0006518995
57850.4941877778,2.2701549467,2.3014258687,2.1638068551,2.2348454771,-0.0076072684,-0.0071040145,-0.0062842881,-0.0064115538,-0.0114092894,-0.0028880448,-0.0385076535,0.0157952880,0.0001275039,0.0026989298,0.0009033851,-0.0003869594
57850.4942344444,2.2629181450,2.2962478719,2.1564336161,2.2301428157,-0.0078423137,-0.0064410169,-0.0042099316,-0.0052937258,-0.0106744024,-0.0059580869,-0.0421597078,0.0169569499,-0.0001245983,0.0025416374,0.0010735662,-0.0018324079
57850.4942811111,2.2572260347,2.2938221463,2.1165896156,2.1951093292,-0.0078578530,-0.0076499247,-0.0063395865,-0.0067052798,-0.0100322240,-0.0116537560,-0.0455773148,0.0265100478,0.0003665953,0.0005876284,-0.0003913398,-0.0009809456
57850.4943516667,2.2654328828,2.3026940388,2.1364411141,2.2155890691,-0.0077634749,-0.0073916595,-0.0031746934,-0.0058114185,-0.0107891382,-0.0054031063,-0.0448111103,0.0224157384,0.0007017122,0.0049950211,-0.0006786884,-0.0015054365
57850.4943983333,2.2718792190,2.3033128378,2.1566738534,2.2307374966,-0.0070043672,-0.0068814737,-0.0041101024,-0.0066622301,-0.0107988683,-0.0029422268,-0.0419786799,0.0158215526,0.0008571457,0.0026346520,0.0005618534,-0.0011306885
57850.4944450000,2.2622136509,2.2905494939,2.1643270665,2.2258346114,-0.0074094788,-0.0079102554,-0.0040953876,-0.0069931157,-0.0115209596,0.0011808661,-0.0309582543,0.0030180246,0.0009125273,0.0012227928,0.0009639402,0.0004672481
57850.4944916667,2.2641710411,2.2919382442,2.1896720337,2.2450956436,-0.0070425338,-0.0061032042,-0.0044767672,-0.0066402134,-0.0109410414,0.0048374615,-0.0284726846,-0.0054156808,0.0009038225,0.0039809659,0.0023061443,0.0000462061
57850.4945622222,2.2571886835,2.2852787917,2.1752184378,2.2364905359,-0.0067098642,-0.0073468719,-0.0048170142,-0.0059418907,-0.0113207089,0.0040253396,-0.0289645202,0.0019941876,0.0018774530,0.0027967837,0.0005203635,-0.0007894495
57850.4946088889,2.2636704977,2.2930246355,2.1645893445,2.2298196552,-0.0065379134,-0.0071117761,-0.0046534551,-0.0053443891,-0.0127315110,-0.0008509149,-0.0320599567,0.0049749662,0.0016099196,0.0018623998,0.0016194290,0.0003421364
57850.4946555556,2.2350510688,2.2615628835,2.1505911140,2.2166990463,-0.0074720798,-0.0052087351,-0.0036157734,-0.0050266501,-0.0106805615,0.0000949433,-0.0317536928,0.0065833853,0.0032775436,0.0032865778,0.0016044512,-0.0008129915
57850.4947022222,2.2328246959,2.2565267812,2.1314551415,2.2004439503,-0.0070099479,-0.0069264899,-0.0042281555,-0.0062899818,-0.0124388421,-0.0009821990,-0.0329889041,0.0070431813,0.0006364488,0.0013592672,0.0005659578,0.0000339790
57850.4947727778,2.2335940819,2.2582478255,2.1496827840,2.2100132733,-0.0081118357,-0.0075105981,-0.0047996369,-0.0067125315,-0.0115608274,0.0033365081,-0.0263585801,-0.0006529956,0.0015602756,0.0033927197,0.0007512641,-0.0013216946
57850.4948194444,2.2481588640,2.2751228780,2.1739441515,2.2308245696,-0.0078923651,-0.0069991088,-0.0040804341,-0.0055543043,-0.0121096565,0.0027519194,-0.0259392100,-0.0022970768,0.0010663273,0.0030288147,0.0012172005,-0.0000116026
57850.4948661111,2.2199234731,2.2494224179,2.1295969590,2.1946953263,-0.0080824433,-0.0061971062,-0.0038339168,-0.0051183951,-0.0112931782,-0.0014519876,-0.0343894552,0.0087646178,0.0013669081,0.0017139420,-0.0010231601,-0.0015498387
57850.4949127778,2.2318627804,2.2597178976,2.1311247292,2.1968531777,-0.0074167450,-0.0062030734,-0.0054343946,-0.0064188260,-0.0118985595,0.0007672233,-0.0350075299,0.0087362511,0.0007545794,0.0022581003,-0.0003558532,-0.0019244868
57850.4949833333,2.2579857452,2.2875016583,2.1607701284,2.2244661915,-0.0085023124,-0.0076659397,-0.0057462796,-0.0052306006,-0.0120403732,-0.0003815821,-0.0328544137,0.0046782408,0.0030427997,0.0018982166,0.0001902229,-0.0018967430
57850.4950300000,2.2430272103,2.2405769741,2.1205173860,2.2163594315,-0.0069980304,-0.0075110922,-0.0048866630,-0.0063768492,-0.0118991101,-0.0000795465,-0.0336965819,0.0074402861,0.0027015960,0.0019638545,0.0017056649,0.0008374342
57850.4950766667,2.2227278701,2.2510165065,2.1051858587,2.1762198787,-0.0065289022,-0.0069220984,-0.0041305181,-0.0058755086,-0.0112524746,-0.0052487849,-0.0393433576,0.0169366284,0.0031781155,0.0019046509,0.0011415908,0.0010194884
57850.4951233333,2.2223241658,2.2548564478,2.0877824379,2.1596888768,-0.0076182575,-0.0071412147,-0.0055069492,-0.0060514266,-0.0119579459,-0.0061042982,-0.0424436479,0.0193700098,0.0017280112,0.0038087478,0.0015845669,0.0000353763
57850.4951938889,2.1197310661,2.1387197240,1.9856511027,2.0530970102,-0.0063594260,-0.0075594976,-0.0058042337,-0.0040528605,-0.0116400237,-0.0033966885,-0.0355119575,0.0118995089,0.0018730241,0.0025507890,0.0014965583,0.0005510207
57850.4952405556,2.1540772549,2.1736232988,2.0478464120,2.1152568425,-0.0066982293,-0.0074038807,-0.0029604694,-0.0061411325,-0.0098172907,-0.0004932593,-0.0323783688,0.0066726117,0.0016013023,0.0036071567,0.0028200403,-0.0002154799
57850.4952872222,2.2531867400,2.2793642119,2.1738790542,2.2366797417,-0.0068645351,-0.0070837483,-0.0049981950,-0.0055463629,-0.0137416611,0.0009487101,-0.0280819862,-0.0007414619,0.0005415301,0.0016546357,0.0028681856,0.0003083966
57850.4953338889,2.2621758012,2.2919553245,2.1841874903,2.2416270917,-0.0079367590,-0.0067027022,-0.0040466729,-0.0067680604,-0.0111862195,0.0031917273,-0.0268349212,-0.0002238946,0.0002869338,0.0017609846,0.0016784603,0.0007254866
57850.4954044444,2.2523287720,2.2777655756,2.1761786766,2.2319513112,-0.0079901473,-0.0048310242,-0.0053689315,-0.0058012671,-0.0120162511,0.0026468458,-0.0258503897,-0.0017507983,0.0012255461,0.0028335189,0.0018801092,0.0006736952
57850.4954511111,2.2385683851,2.2626819915,2.1581252885,2.2165016148,-0.0089345200,-0.0085147418,-0.0054226117,-0.0070596400,-0.0115901336,0.0020504420,-0.0266989052,-0.0038895238,0.0017255521,0.0034556997,0.0012298140,-0.0008831270
57850.4954977778,2.2271669885,2.2483749858,2.1619641356,2.2150588113,-0.0076371238,-0.0084706373,-0.0050387797,-0.0068210444,-0.0119256834,0.0075132975,-0.0194617590,-0.0125417063,0.0012221368,0.0018954606,0.0004554346,-0.0006145017
57850.4955444444,2.2420041989,2.2637633975,2.1682263761,2.2167532342,-0.0081409241,-0.0077736207,-0.0049059169,-0.0056935044,-0.0096780972,0.0081768797,-0.0217618475,-0.0114884962,0.0013893344,0.0026822393,0.0008910145,-0.0009157880
57850.4956150000,2.2331746892,2.2621610507,2.1468665459,2.2082739862,-0.0098313427,-0.0081146930,-0.0051058318,-0.0062902858,-0.0126654374,0.0017327148,-0.0308191185,0.0013845405,0.0013717982,0.0034893826,0.0004922622,-0.0007388730
57850.4956616667,2.2668726794,2.2947396758,2.1639103759,2.2313087104,-0.0087732729,-0.0079559912,-0.0060556274,-0.0057499717,-0.0111947143,-0.0014570715,-0.0364693861,0.0104027871,0.0024612862,0.0036940340,0.0030786089,0.0010139478
57850.4957083333,2.2061873694,2.2321386755,2.1350519885,2.1927081960,-0.0080277326,-0.0090147648,-0.0066499200,-0.0063358961,-0.0141080417,0.0040018317,-0.0255615798,-0.0007310082,0.0012446558,0.0021570771,0.0010428269,-0.0008253314
57850.4957550000,2.2069359599,2.2272328937,2.1649117939,2.2078762833,-0.0092170248,-0.0093867166,-0.0055032773,-0.0073853213,-0.0133219349,0.0099977831,-0.0142423083,-0.0182869990,0.0017452812,0.0028410861,0.0023802515,0.0002755367
57850.4958255556,2.2258241041,2.2453708746,2.1677667795,2.2145351627,-0.0080725952,-0.0083311186,-0.0067628713,-0.0056806055,-0.0142630329,0.0071321069,-0.0154893416,-0.0152871654,0.0013449835,0.0021933406,0.0014246240,-0.0001213773
57850.4958722222,2.1190774999,2.1358390280,2.0833504430,2.1183913940,-0.0086107304,-0.0086063313,-0.0057619425,-0.0073097912,-0.0123120344,0.0105649083,-0.0065610915,-0.0276078600,0.0015024042,0.0026137598,0.0022433126,-0.0006480803
57850.4959188889,2.1780287218,2.1984006803,2.1343500226,2.1707853857,-0.0078260282,-0.0088144360,-0.0052938821,-0.0074178997,-0.0127119659,0.0087608798,-0.0089469699,-0.0267703678,0.0008633618,0.0028120280,0.0018716630,0.0001508705
57850.4959655556,2.2095580521,2.2328500393,2.1676146975,2.2086145421,-0.0099054631,-0.0084148523,-0.0053106079,-0.0068743453,-0.0130651593,0.0075255556,-0.0143372189,-0.0201948560,0.0024199061,0.0018247316,0.0030412982,0.0007093612
57850.4960361111,2.2181166399,2.2353759604,2.1854471207,2.2232758055,-0.0086423281,-0.0096805496,-0.0057654257,-0.0072425318,-0.0122529619,0.0100037759,-0.0087068556,-0.0262108372,0.0026001903,0.0029019610,0.0007649424,-0.0001248270
57850.4960827778,2.2359167892,2.2597675497,2.1655337101,2.2214489171,-0.0083792051,-0.0083494325,-0.0047894274,-0.0066605588,-0.0132654297,0.0045276401,-0.0249914009,-0.0043799035,0.0019508423,0.0049340924,0.0017665309,0.0003660921
57850.4961294444,2.2394537199,2.2671728593,2.1741052136,2.2300873827,-0.0090580972,-0.0105449935,-0.0054077539,-0.0061451405,-0.0135646240,0.0034228264,-0.0249183687,-0.0046788141,0.0014788391,0.0026116880,0.0003076116,-0.0006678892
57850.4961761111,2.2385623623,2.2604524154,2.1825523693,2.2304240978,-0.0092586124,-0.0083131027,-0.0052633219,-0.0066611765,-0.0129088129,0.0076789430,-0.0156363475,-0.0144142000,0.0007604578,0.0020296045,-0.0000134600,0.0004443560
57850.4962466667,2.1920904184,2.2090154073,2.1480854585,2.1856985750,-0.0099883836,-0.0097112012,-0.0047085942,-0.0055799251,-0.0126594871,0.0100151252,-0.0084781352,-0.0241992594,0.0017062434,0.0029830967,0.0018197724,0.0001314790
57850.4962933333,2.1755523739,2.1912268595,2.1496351628,2.1804584261,-0.0094925965,-0.0080044805,-0.0050627302,-0.0077701651,-0.0123000024,0.0124084729,-0.0020041547,-0.0303139456,0.0025116272,0.0033831776,0.0021657334,0.0016570666
57850.4963400000,2.1929958817,2.2108728976,2.1588091974,2.1956569837,-0.0078898053,-0.0086963025,-0.0040935216,-0.0035708287,-0.0123237237,0.0112451982,-0.0090855832,-0.0242189468,0.0023517873,0.0040393087,0.0019924646,0.0002784078
57850.4963866667,2.2250632210,2.2461639627,2.1773862180,2.2221698856,-0.0086685252,-0.0063448024,-0.0043911822,-0.0073544831,-0.0123229822,0.0079004629,-0.0146444898,-0.0169858380,0.0019515330,0.0031712769,0.0023867160,0.0005952561
57850.4964572222,2.2254498662,2.2449541575,2.1788915296,2.2263119752,-0.0068311589,-0.0085432521,-0.0043038888,-0.0035368806,-0.0124493501,0.0086619400,-0.0147177313,-0.0172203837,0.0025282553,0.0021816706,0.0031846610,-0.0010306900
57850.4965038889,2.2164607744,2.2343366851,2.1561458354,2.2065996861,-0.0076220215,-0.0087341810,-0.0036165813,-0.0054396496,-0.0118709413,0.0074837531,-0.0167986960,-0.0104258422,0.0031415163,0.0042504147,0.0022426067,0.0008137359
57850.4965505556,1.9304459190,1.9788493144,2.1651159988,2.1988104114,-0.0061936335,-0.0073242445,-0.0035878156,-0.0059797798,-0.0113872125,-0.0337829704,-0.0149081137,-0.0187392533,-0.0005358974,0.0006756005,0.0018629374,0.0001307786
57850.4965972222,2.1563041218,2.1614198086,2.1409340012,2.1718253189,-0.0078078568,-0.0045687520,-0.0033323636,-0.0056344469,-0.0108619449,0.0152570565,0.0035245439,-0.0352770662,0.0030871616,0.0025895374,0.0011378405,0.0009582992
