mjd,I0,I1,I2,I3,Q0,Q1,Q2,Q3,U0,U1,U2,U3,V0,V1,V2,V3
57850.3581961111,0.4207803501,0.3643737571,0.3780120909,0.3195424862,0.0703401864,-0.0559402520,-0.0266159106,-0.0319871638,-0.0428296634,0.0069283907,-0.0071403639,-0.0002342791,0.0000572863,0.0012937601,0.0017378193,0.0032795324
57850.3582427778,2.2145639883,2.2461924406,2.0510809511,2.1021259370,-0.1141663471,-0.1153234137,-0.1054010789,-0.1246978660,-0.0520951928,-0.0578643112,-0.0741892095,-0.0690870890,-0.0008059486,-0.0003146554,-0.0046270704,-0.0004216069
57850.3582894444,2.2495796211,2.2825228458,2.0784601163,2.1304227450,-0.1144151592,-0.1187411603,-0.0954387894,-0.1359905778,-0.0529816830,-0.0581152717,-0.0782217143,-0.0646858686,-0.0012120247,-0.0009813186,-0.0039086151,0.0013796125
57850.3583361111,2.2339972882,2.2680886015,2.0606965954,2.1144396732,-0.1139087773,-0.1154843099,-0.0948826925,-0.1315494062,-0.0533176611,-0.0579562882,-0.0776838297,-0.0657144938,-0.0023746124,-0.0013791476,-0.0029684665,0.0008738316
57850.3584066667,2.2370431620,2.2668607302,2.0687116299,2.1228533488,-0.1128513103,-0.1174175257,-0.0745260113,-0.1513524657,-0.0541225427,-0.0564455564,-0.0864120816,-0.0584285502,-0.0017307408,-0.0010533938,-0.0038946889,0.0023501106
57850.3584533333,2.2598985541,2.2951150314,2.0966339892,2.1497896378,-0.1127526832,-0.1169575029,-0.0912183964,-0.1364544464,-0.0561093505,-0.0585755777,-0.0801079765,-0.0662712737,-0.0018425625,-0.0013268465,-0.0035860772,0.0018284830
57850.3585000000,2.2794898581,2.3155626864,2.1138870665,2.1654762437,-0.1131430084,-0.1183870376,-0.0772043406,-0.1528528078,-0.0555795403,-0.0601401655,-0.0872650674,-0.0608693403,-0.0009290749,-0.0004146469,-0.0041165409,0.0024632423
57850.3585466667,2.2779120010,2.3153174078,2.1137339666,2.1638795402,-0.1121531545,-0.1142250676,-0.0943953338,-0.1348635921,-0.0561559126,-0.0601365956,-0.0798532411,-0.0673834357,-0.0006160801,-0.0015191423,-0.0039949147,0.0024963273
57850.3586172222,2.2735227083,2.3105428032,2.1103390868,2.1642279072,-0.1127790906,-0.1126189951,-0.0986696261,-0.1275300924,-0.0551597819,-0.0609456259,-0.0783810211,-0.0711963899,-0.0021355627,-0.0014633785,-0.0022749635,0.0017035106
57850.3586638889,2.2723929822,2.3100181119,2.1033478704,2.1574437185,-0.1123522660,-0.1066386195,-0.1274989274,-0.0969558065,-0.0560168616,-0.0643022304,-0.0660109675,-0.0810826460,-0.0018488404,-0.0004169123,-0.0024847338,0.0003618390
57850.3587105556,2.2617552321,2.2993840732,2.1061529857,2.1598766125,-0.1099777168,-0.1077577685,-0.1119509471,-0.1132444679,-0.0553986951,-0.0636811393,-0.0723801596,-0.0772230318,-0.0015513775,-0.0015791491,-0.0024944336,0.0024499434
57850.3587572222,2.2696085960,2.3072577867,2.0961159043,2.1502722463,-0.1111319839,-0.1108052348,-0.1006806453,-0.1226320303,-0.0569991953,-0.0626290290,-0.0771703582,-0.0718545316,-0.0015234256,-0.0008841563,-0.0027145130,0.0009665469
57850.3588277778,2.2749855549,2.3121104394,2.1097541773,2.1655249138,-0.1103976478,-0.1093982218,-0.1101979065,-0.1118844173,-0.0588926551,-0.0621319447,-0.0751830476,-0.0775869101,-0.0021606989,-0.0007284983,-0.0017865411,0.0022684599
57850.3588744444,2.2687855231,2.3036053367,2.1053289602,2.1591715783,-0.1101017317,-0.1054890370,-0.1267619043,-0.0950851610,-0.0586769698,-0.0666764596,-0.0665161886,-0.0846649120,-0.0012518948,-0.0011633712,-0.0018359555,0.0006956760
57850.3589211111,2.2752660812,2.3130592901,2.1138396335,2.1670060356,-0.1101283334,-0.1084105347,-0.1009844790,-0.1219814862,-0.0575923533,-0.0643175593,-0.0791886865,-0.0732864423,-0.0014822258,-0.0007524367,-0.0039282617,0.0022184530
57850.3589677778,2.2803714616,2.3190159496,2.1147005881,2.1670207544,-0.1099062670,-0.1102803437,-0.0965921954,-0.1251415359,-0.0590302374,-0.0631868725,-0.0803709962,-0.0730147181,-0.0001206964,0.0008823886,-0.0031157530,0.0021280573
57850.3590383333,2.2702665064,2.3082896047,2.1025184842,2.1553266679,-0.1091440315,-0.1144308561,-0.0841221573,-0.1357571399,-0.0595507907,-0.0619653022,-0.0850051400,-0.0688406243,-0.0024425293,-0.0014238287,-0.0039079446,0.0016502976
57850.3590850000,2.2653914143,2.3009760623,2.0991849986,2.1511079094,-0.1079526727,-0.1107535644,-0.0766541763,-0.1425298715,-0.0595569635,-0.0623114399,-0.0861539501,-0.0661854102,-0.0022544097,-0.0015068011,-0.0044804907,0.0024589674
57850.3591316667,2.2593704155,2.2953116775,2.0993656580,2.1530147976,-0.1087066730,-0.1049087374,-0.1137664796,-0.1026712920,-0.0602023282,-0.0656664384,-0.0715902486,-0.0808540634,-0.0018786662,-0.0007113241,-0.0027534595,0.0012628029
57850.3591783333,2.2574513225,2.2930633918,2.0854261236,2.1386882133,-0.1078916750,-0.1075976172,-0.1054815130,-0.1126081271,-0.0592796772,-0.0648678307,-0.0751521921,-0.0771854262,-0.0017433981,-0.0005438255,-0.0034181312,0.0005253883
57850.3592488889,2.2337550236,2.2636351321,2.1648031447,2.2115302757,-0.1060412774,-0.1075943590,-0.0943286906,-0.0943688307,-0.0585741526,-0.0627067240,-0.0824594080,-0.0881644785,-0.0009532315,-0.0018904904,-0.0013085176,-0.0023216129
57850.3592955556,2.2713598240,2.3080089683,2.1088044376,2.1680418599,-0.1075566766,-0.1110146561,-0.0683751601,-0.1386368266,-0.0602785382,-0.0640869008,-0.0898488215,-0.0692814058,-0.0019939945,0.0003208335,-0.0037974754,-0.0008921793
57850.3593422222,2.2577469670,2.2944343066,2.0841517139,2.1638828162,-0.1049708132,-0.1142811742,-0.0466246143,-0.1369165241,-0.0593148906,-0.0633335885,-0.0959655337,-0.0703124723,-0.0000667283,-0.0007907308,-0.0031220035,-0.0006820087
57850.3593888889,2.2070046637,2.2394954677,2.0844929161,2.1601111261,-0.1031006156,-0.1151949992,-0.0508525931,-0.1292868963,-0.0588183182,-0.0582464008,-0.0956444506,-0.0732966964,-0.0004472211,0.0009400611,-0.0015137772,-0.0017410263
57850.3594594444,2.1569135160,2.1887031004,2.0209227071,2.0942949815,-0.1002697628,-0.1163754288,-0.0501537268,-0.1219980861,-0.0584144668,-0.0565313632,-0.0913568891,-0.0726912456,-0.0004964316,0.0015200346,-0.0017857085,-0.0014808415
57850.3595061111,2.2147793027,2.2484222466,2.0693544888,2.1456353058,-0.1028689566,-0.1145565738,-0.0500306203,-0.1273583742,-0.0588033773,-0.0588342042,-0.0932378577,-0.0725325821,-0.0004055785,0.0007456935,-0.0020782018,-0.0009490997
57850.3595527778,2.1759958960,2.2080698352,2.0581399284,2.1322704979,-0.1011555336,-0.1168085327,-0.0509327645,-0.1228767367,-0.0585311208,-0.0574262346,-0.0924657264,-0.0736460841,-0.0005106035,0.0009046782,-0.0025775607,-0.0013358505
57850.3595994444,2.1448632824,2.1748978253,1.9919593260,2.0654698466,-0.1002316594,-0.1104243167,-0.0452744928,-0.1240667386,-0.0581072253,-0.0573178103,-0.0914710940,-0.0701437168,-0.0000928438,0.0001746837,-0.0015494154,-0.0000008472
57850.3596700000,2.1533275091,2.1834740595,1.9825137798,2.0623374689,-0.1013153349,-0.1077283322,-0.0431237145,-0.1276267035,-0.0563668809,-0.0590520661,-0.0906443687,-0.0689200812,-0.0006457603,-0.0004734059,-0.0014959743,-0.0013174523
57850.3597166667,2.2569823910,2.2930834263,2.1012883019,2.1810250067,-0.1031594325,-0.1144777047,-0.0451762949,-0.1348389753,-0.0608241845,-0.0618125804,-0.0958090273,-0.0723094189,-0.0003548198,0.0011768964,-0.0009286075,-0.0006367682
57850.3597633333,2.2579701917,2.2916548966,2.1205694039,2.1988662469,-0.1030333931,-0.1145604735,-0.0483628957,-0.1287965375,-0.0599219174,-0.0607346525,-0.0950890639,-0.0751425823,0.0000340966,0.0000259964,-0.0015162341,-0.0007917869
57850.3598100000,2.2607546581,2.2943050289,2.1300807624,2.2069862190,-0.1033386588,-0.1157986368,-0.0513392401,-0.1264856059,-0.0621582210,-0.0616085414,-0.0946818856,-0.0760088855,-0.0008604318,0.0017000030,-0.0033889894,-0.0012036206
57850.3598805555,2.2656212178,2.3009584075,2.1302118546,2.2090292236,-0.1019237760,-0.1144447672,-0.0483852862,-0.1288678285,-0.0600540729,-0.0618284941,-0.0956679616,-0.0751131640,-0.0009416123,-0.0011857220,-0.0009048801,-0.0008033752
57850.3599272222,2.2518018063,2.2847182203,2.0827425306,2.1336925949,-0.1017191712,-0.1092087220,-0.0506700913,-0.1522304659,-0.0601186371,-0.0629325253,-0.0940483935,-0.0623898968,-0.0026852536,0.0004400376,-0.0050698193,0.0024177669
57850.3599738889,2.2282000422,2.2626369851,2.0512311811,2.1010591542,-0.0993616169,-0.1012837970,-0.0757092562,-0.1274124001,-0.0587119945,-0.0647087967,-0.0834528454,-0.0693357848,-0.0029848157,-0.0007622576,-0.0032712619,0.0027283631
57850.3600205556,2.2157502760,2.2504695659,2.0639773756,2.1145975486,-0.0978631326,-0.1018680302,-0.0719732222,-0.1326104275,-0.0590805660,-0.0626527566,-0.0850913096,-0.0682915726,-0.0020518223,0.0003879824,-0.0028669651,0.0026761608
57850.3600911111,2.1644424389,2.1965570235,2.0122978543,2.0643899936,-0.0953482254,-0.0912826557,-0.1057987343,-0.0928286435,-0.0566288542,-0.0641818936,-0.0697689038,-0.0791035660,-0.0013662686,-0.0000637857,-0.0035200124,0.0010993164
57850.3601377778,2.2426847244,2.2777795348,2.0568769239,2.1095537283,-0.1006628755,-0.0947342466,-0.1089510857,-0.0918991664,-0.0592880154,-0.0665655687,-0.0706584571,-0.0810867379,-0.0014490477,-0.0001153361,-0.0025152919,0.0014421329
57850.3601844444,2.2107966679,2.2426231840,2.0532896924,2.1077097583,-0.0990403993,-0.0897582112,-0.1226736396,-0.0757794209,-0.0577197780,-0.0669848425,-0.0661071397,-0.0881272556,-0.0014363727,-0.0022610725,-0.0020633760,0.0003574364
57850.3602311111,2.1997764034,2.2291528702,2.0356237503,2.0930229628,-0.0971194481,-0.0910478802,-0.1185153306,-0.0769602564,-0.0589582904,-0.0657348589,-0.0666630292,-0.0855534675,-0.0014562840,-0.0040310452,-0.0025879694,0.0003932542
57850.3603016667,2.2559091197,2.2906732250,2.0922725899,2.1484688556,-0.1005611229,-0.0927444644,-0.1168261609,-0.0860375199,-0.0599229055,-0.0677027153,-0.0711801664,-0.0860074988,-0.0024776370,-0.0025368630,-0.0015096814,-0.0000206563
57850.3603483333,2.2624154589,2.2988630483,2.1008086734,2.1563629759,-0.0998420730,-0.0900123741,-0.1296956384,-0.0747945565,-0.0603393589,-0.0685596861,-0.0660097736,-0.0898907860,-0.0014491817,-0.0025595541,0.0025903878,0.0002396542
57850.3603950000,2.2605897126,2.2951069659,2.1377811433,2.1655862704,-0.0978848186,-0.0880012651,-0.1252121802,-0.0473823048,-0.0608581077,-0.0696929889,-0.0693862101,-0.0989986781,-0.0011217989,-0.0022872921,0.0006416616,-0.0000235471
57850.3604416667,2.2606232469,2.2962650584,2.1136678331,2.1654397572,-0.0990747045,-0.0921900743,-0.1280612944,-0.0708846560,-0.0607081315,-0.0687495023,-0.0679924445,-0.0929652732,-0.0020913254,-0.0022617433,0.0015151566,0.0001595995
57850.3605122222,2.2640325182,2.3007687284,2.0991972980,2.1541732770,-0.1013234792,-0.0946459131,-0.1177498692,-0.0846080063,-0.0620187190,-0.0674387827,-0.0713272469,-0.0876737124,-0.0021943183,-0.0014645844,-0.0012287966,0.0014173220
57850.3605588889,2.2613563804,2.3006140259,2.0931914206,2.1457446308,-0.1002540237,-0.0963684048,-0.0995629164,-0.1017132226,-0.0621927883,-0.0664979257,-0.0788377890,-0.0811930328,-0.0022983905,-0.0003720752,-0.0028228296,0.0008319487
57850.3606055556,2.2767923510,2.3144750046,2.1171734414,2.1709834444,-0.0993465763,-0.0969004701,-0.1097879423,-0.0943653487,-0.0618277400,-0.0696631398,-0.0766269131,-0.0851489462,-0.0022185652,-0.0015464105,-0.0020227118,0.0025040341
57850.3606522222,2.2776131564,2.3149488931,2.1158811423,2.1706452928,-0.0999607035,-0.0943464488,-0.1134022350,-0.0888340808,-0.0626755529,-0.0693193490,-0.0750912946,-0.0868028577,-0.0018802004,-0.0017649019,-0.0012777134,0.0015951623
57850.3607227778,2.2676552362,2.3033590813,2.1069964250,2.1620212727,-0.0986158936,-0.0921185409,-0.1070422894,-0.0928465094,-0.0611121456,-0.0688095666,-0.0749537877,-0.0847952434,-0.0023933949,0.0004490196,-0.0023433476,0.0011492712
57850.3607694444,2.2716576139,2.3090454922,2.1121493998,2.1655498030,-0.0987287870,-0.0986034217,-0.1074965823,-0.0932123168,-0.0635745770,-0.0676776479,-0.0773555477,-0.0860304427,-0.0008609192,0.0006052457,-0.0019685162,0.0006602264
57850.3608161111,2.2615525419,2.2971941145,2.1003605360,2.1531302408,-0.1001695482,-0.0937070169,-0.1140888270,-0.0844710567,-0.0629746648,-0.0691399418,-0.0741675510,-0.0872010806,-0.0004627222,0.0002967717,-0.0023727360,0.0016954687
57850.3608627778,2.2309780345,2.2672918092,2.0831875926,2.1371573021,-0.0982739589,-0.0889972320,-0.1248839027,-0.0703499680,-0.0619377830,-0.0683355552,-0.0686114655,-0.0915855539,-0.0018711038,-0.0021824616,0.0013224389,-0.0004595657
57850.3609333333,2.2337512354,2.2703731909,2.1027737325,2.1420353459,-0.0962897439,-0.0872637593,-0.1246167084,-0.0561867460,-0.0624763730,-0.0708950058,-0.0706464067,-0.0967456836,-0.0016451125,-0.0027083663,0.0011429386,0.0002488792
57850.3609800000,2.2601068750,2.2981804111,2.1145961361,2.1579522362,-0.0987170461,-0.0893460875,-0.1247809533,-0.0590096902,-0.0646799941,-0.0732632036,-0.0713011608,-0.0969479341,-0.0015287576,-0.0011596984,0.0021843963,0.0000647024
57850.3610266667,2.2623893421,2.2976989450,2.0963015145,2.1503248221,-0.0983595044,-0.0935517823,-0.1009627756,-0.0947527776,-0.0641642052,-0.0720217917,-0.0787783398,-0.0857717745,-0.0008974300,-0.0010449687,-0.0029538170,0.0018787793
57850.3610733333,2.2567904854,2.2927508284,2.0927956460,2.1446998543,-0.0989856859,-0.0985344711,-0.0826757040,-0.1145871827,-0.0645401558,-0.0682222394,-0.0849462453,-0.0795783042,-0.0001111282,0.0004684003,-0.0034100849,0.0023063602
57850.3611438889,2.2263333408,2.2581370784,2.0530079273,2.1064104128,-0.0978840365,-0.0936918260,-0.1037227561,-0.0897191999,-0.0634967783,-0.0705339279,-0.0773423471,-0.0846751332,-0.0021730430,-0.0008817908,-0.0024640785,0.0023778930
57850.3611905556,2.2666340478,2.3032550469,2.0958496649,2.1478757485,-0.0994396662,-0.0945580932,-0.0954096638,-0.1023669787,-0.0651577032,-0.0716868276,-0.0807529395,-0.0835699833,-0.0016371422,-0.0001421034,-0.0023323981,0.0018437717
57850.3612372222,2.2586641358,2.2940421826,2.0875207898,2.1406233620,-0.0987274362,-0.0942697735,-0.0960495390,-0.1022914638,-0.0675500964,-0.0722502951,-0.0830330844,-0.0828930583,-0.0008933419,-0.0009727152,-0.0036264845,0.0014113001
57850.3612838889,2.2402961959,2.2743341895,2.0849415313,2.1371349619,-0.0987777754,-0.0930436325,-0.1046267491,-0.0904351357,-0.0656653774,-0.0723797508,-0.0791156525,-0.0872508992,-0.0016446692,-0.0013218448,-0.0025947008,0.0015479321
57850.3613544444,2.2399164604,2.2745710622,2.0725006546,2.1246922950,-0.0979135048,-0.0970312314,-0.0918341180,-0.1055317719,-0.0665481874,-0.0700480204,-0.0824941536,-0.0838261199,-0.0001579928,0.0001960148,-0.0023228667,0.0013546536
57850.3614011111,2.2741242981,2.3114368955,2.1095985947,2.1579700963,-0.0992472929,-0.1016350074,-0.0673083202,-0.1311028062,-0.0680726236,-0.0712539105,-0.0930330263,-0.0783236451,-0.0003797756,-0.0006217625,-0.0026090529,0.0004110176
57850.3614477778,2.2826879489,2.3212552994,2.1217616654,2.1738750600,-0.1007208491,-0.1037355512,-0.0837961509,-0.1161036436,-0.0674185546,-0.0713089132,-0.0887283281,-0.0841598309,-0.0014762668,-0.0010689880,-0.0029947109,0.0018014470
57850.3614944444,2.2789347917,2.3160362599,2.1161851197,2.1693050475,-0.1000406137,-0.1026493086,-0.0699541729,-0.1284850585,-0.0676854061,-0.0731134096,-0.0928476284,-0.0798795351,-0.0023504671,-0.0021430135,-0.0031546650,0.0023999777
57850.3615650000,2.2703824164,2.3071944190,2.1136904820,2.1803816367,-0.1005980146,-0.1044701964,-0.0504157458,-0.1306465153,-0.0690625766,-0.0716539006,-0.0980221229,-0.0827441193,-0.0024143389,-0.0003450760,-0.0042516358,0.0000906182
57850.3616116667,2.2604149424,2.2970353677,2.0723304749,2.1511303775,-0.0998638796,-0.1093795581,-0.0422737500,-0.1278465058,-0.0692331039,-0.0712553525,-0.0989245304,-0.0818709506,-0.0022831019,-0.0005100662,-0.0054903086,-0.0008961922
57850.3616583333,2.2492570838,2.2846978972,2.0753574880,2.1538265776,-0.0999670339,-0.1134207546,-0.0398843343,-0.1234666902,-0.0687286680,-0.0703193369,-0.0994527454,-0.0838632672,-0.0026519279,-0.0003152239,-0.0013094531,-0.0027414999
57850.3617050000,2.2390780844,2.2757035015,2.1073914278,2.1845219155,-0.1005279472,-0.1102480251,-0.0412630161,-0.1220855285,-0.0692500545,-0.0708709010,-0.1007295061,-0.0862130503,-0.0015776044,-0.0006234397,-0.0026185953,-0.0004948329
57850.3617755556,2.2406458952,2.2768487225,2.0984827681,2.1691007918,-0.0997966166,-0.1070968662,-0.0499575994,-0.1319981384,-0.0687863748,-0.0735027011,-0.0995303681,-0.0835857895,-0.0014192866,-0.0003726132,-0.0033770906,-0.0002189841
57850.3618222222,2.2473211589,2.2818321142,2.0741222809,2.1207008605,-0.1006456034,-0.1031004178,-0.0705654797,-0.1323373808,-0.0696973056,-0.0735399546,-0.0929002845,-0.0816578628,-0.0015208209,-0.0004409375,-0.0030155022,0.0001315604
57850.3618688889,2.2646707210,2.3003476142,2.0959262021,2.1491806622,-0.1014418003,-0.1006736914,-0.0830143758,-0.1177823619,-0.0710151221,-0.0757856398,-0.0917724928,-0.0862289066,-0.0002162629,0.0004097190,-0.0030967308,0.0037188452
57850.3619155555,2.2680565797,2.3049565886,2.0994738111,2.1539691938,-0.1023690737,-0.0977291489,-0.1072876595,-0.0925796259,-0.0721692923,-0.0774833402,-0.0843974742,-0.0941515492,-0.0019870184,-0.0003111350,-0.0030119411,0.0019542298
57850.3619861111,2.2659050668,2.3041396772,2.1007939746,2.1527095375,-0.1020730850,-0.1004746068,-0.0944499191,-0.1066082415,-0.0712041205,-0.0780918657,-0.0904683073,-0.0908538953,-0.0024772115,0.0007251226,-0.0030213980,0.0019320838
57850.3620327778,2.2750746735,2.3108540417,2.1027898902,2.1669752903,-0.1030774922,-0.1052060246,-0.0556631863,-0.1334408056,-0.0730139672,-0.0759089988,-0.1002049346,-0.0870793809,-0.0007350486,0.0010288873,-0.0039926653,-0.0005408191
57850.3620794444,2.2734913912,2.3090980142,2.1028906416,2.1644987066,-0.1025396341,-0.1062594888,-0.0590174273,-0.1340884587,-0.0736099779,-0.0781536145,-0.1002953804,-0.0860435594,-0.0014343213,-0.0007578783,-0.0046442859,-0.0004671429
57850.3621261111,2.2712751836,2.3096414784,2.1064186461,2.1664576413,-0.1027702582,-0.1069312737,-0.0585150780,-0.1334979741,-0.0741780476,-0.0763749857,-0.1002484496,-0.0874509862,-0.0016531541,0.0003868048,-0.0051732314,-0.0010446989
57850.3621966667,2.2649126536,2.3028462843,2.0962438557,2.1792066028,-0.1039911600,-0.1104202993,-0.0397044789,-0.1296807059,-0.0743589653,-0.0762378613,-0.1060272744,-0.0893781029,-0.0016128728,-0.0002916502,-0.0052716662,-0.0001997119
57850.3622433333,2.2774628300,2.3157071783,2.1162033726,2.1920943454,-0.1032739887,-0.1139741117,-0.0442898914,-0.1318504736,-0.0751407118,-0.0771356980,-0.1058624219,-0.0902169457,-0.0006981741,-0.0014218783,-0.0032102877,-0.0004962816
57850.3622900000,2.2750565566,2.3142133642,2.1136094944,2.1665944389,-0.1040176607,-0.1076560244,-0.0674463293,-0.1358689990,-0.0751361765,-0.0792410767,-0.1006942305,-0.0888825065,-0.0012859114,-0.0022228270,-0.0049975523,-0.0007553577
57850.3623366667,2.2628342556,2.2984142104,2.0963182009,2.1583038114,-0.1031852622,-0.1069544841,-0.0576572533,-0.1328540270,-0.0746912212,-0.0778493405,-0.1006665555,-0.0892995021,-0.0011327640,-0.0004445009,-0.0045036400,-0.0000744556
57850.3624072222,2.2769086622,2.3140084252,2.1086884524,2.1686429133,-0.1038454661,-0.1093770603,-0.0608298596,-0.1350290069,-0.0752504820,-0.0807479231,-0.1030728177,-0.0903318500,-0.0017962019,0.0005890123,-0.0052329705,0.0002158901
57850.3624538889,2.2796061146,2.3162320599,2.1150695843,2.1677469234,-0.1059537927,-0.1074379722,-0.0694884954,-0.1358389979,-0.0772795271,-0.0799860177,-0.1008594549,-0.0902946765,-0.0001155167,-0.0007139613,-0.0035106599,0.0028696107
57850.3625005556,2.2796002429,2.3156250707,2.1142216712,2.1766351451,-0.1044074166,-0.1106453030,-0.0584305283,-0.1356399009,-0.0773459749,-0.0804925309,-0.1041381351,-0.0919740669,-0.0005688019,0.0000699616,-0.0029000562,0.0000401523
57850.3625472222,2.2707359596,2.3071952751,2.1095629749,2.1698382026,-0.1055292379,-0.1111489461,-0.0617574553,-0.1357128708,-0.0770381239,-0.0807139082,-0.1043289966,-0.0927568899,-0.0006733414,0.0013019135,-0.0048025160,-0.0001542130
57850.3626177778,2.2651957752,2.3048906576,2.1019409660,2.1639390409,-0.1048935791,-0.1117665537,-0.0584624509,-0.1370298006,-0.0779628912,-0.0813855880,-0.1038225254,-0.0913896828,-0.0013018223,-0.0009221825,-0.0044083968,-0.0002478461
57850.3626644444,2.2714085088,2.3104109440,2.1053853288,2.1706450612,-0.1054309799,-0.1129629869,-0.0554492790,-0.1356800114,-0.0799320025,-0.0828698867,-0.1053859018,-0.0925746994,-0.0001876781,0.0005767131,-0.0046513826,-0.0007062223
57850.3627111111,2.2750796465,2.3140984235,2.1087298922,2.1685192977,-0.1064488014,-0.1097431056,-0.0600928136,-0.1375016110,-0.0774524359,-0.0819587757,-0.1036603129,-0.0926627603,-0.0014230370,-0.0001702429,-0.0051749369,0.0005003132
57850.3627577778,2.2690138495,2.3051819891,2.1021790484,2.1550547447,-0.1067130364,-0.1076451458,-0.0733538770,-0.1303513621,-0.0767852512,-0.0824332049,-0.0999443066,-0.0914927019,-0.0008657160,-0.0007082088,-0.0032238630,0.0021924294
57850.3628283333,2.2645218901,2.3016561474,2.0892562178,2.1489065773,-0.1061706830,-0.1106299111,-0.0606264436,-0.1353766745,-0.0780638233,-0.0841269431,-0.1032300738,-0.0927307567,-0.0011741002,0.0001109828,-0.0038691523,0.0003306995
57850.3628750000,2.2733813099,2.3111112411,2.1056737176,2.1552882642,-0.1077440037,-0.1078836278,-0.0696551394,-0.1358628370,-0.0788127739,-0.0834732972,-0.1015236919,-0.0927057475,-0.0004498485,-0.0015612426,-0.0034236548,0.0007440859
57850.3629216667,2.2744931027,2.3108639167,2.1123160036,2.1632564320,-0.1077030915,-0.1073703603,-0.0932175246,-0.1130438639,-0.0779784478,-0.0838144981,-0.0987205374,-0.0986228465,-0.0006735599,-0.0003139919,-0.0018519432,0.0025631644
57850.3629683333,2.2546810280,2.2934315714,2.0927955587,2.1459057615,-0.1063522385,-0.1007763113,-0.1115076004,-0.0942949864,-0.0804910869,-0.0849607297,-0.0930064237,-0.1017463055,0.0009690996,-0.0010222895,-0.0016196019,0.0013948368
57850.3630388889,2.2672949016,2.3066720674,2.1075898028,2.1596512035,-0.1076847280,-0.1049953522,-0.0951415040,-0.1112509560,-0.0797130651,-0.0866244450,-0.0985707064,-0.0985332459,-0.0017936630,-0.0000935636,-0.0033564986,0.0033249835
57850.3630855556,2.2501959979,2.2924017779,2.0840936588,2.1348524901,-0.1063767246,-0.1054350561,-0.0926845993,-0.1128241670,-0.0789502154,-0.0829452325,-0.0974787390,-0.0960970769,-0.0017912594,0.0000005188,-0.0017855876,0.0029438619
57850.3631322222,2.2737703578,2.3100298250,2.1084774611,2.1606349258,-0.1079703994,-0.1074905198,-0.0802843304,-0.1243820281,-0.0804965605,-0.0851930037,-0.0996999910,-0.0953305642,-0.0009904352,0.0003878939,-0.0035249501,0.0028718417
57850.3631788889,2.2683184613,2.3046059825,2.1005001231,2.1574392555,-0.1061628317,-0.1117907012,-0.0627213363,-0.1377353943,-0.0798769052,-0.0852306753,-0.1040711284,-0.0947052149,-0.0005654173,0.0006381531,-0.0027554431,0.0004296175
57850.3632494444,2.2638459402,2.3014401583,2.1003987179,2.1676657185,-0.1074019443,-0.1135725462,-0.0516284229,-0.1359263080,-0.0805002609,-0.0850363005,-0.1066159160,-0.0967008088,-0.0016910814,0.0002602139,-0.0041218555,0.0005628882
57850.3632961111,2.2556661727,2.2919950476,2.1050222869,2.1858331591,-0.1071462565,-0.1145120825,-0.0413594947,-0.1302828619,-0.0807766087,-0.0846539521,-0.1064856427,-0.0983515723,-0.0008284510,0.0008565374,-0.0024473898,0.0001878698
57850.3633427778,2.2600746637,2.2963582240,2.0910949767,2.1464464114,-0.1073719544,-0.1101454816,-0.0644360057,-0.1348985703,-0.0796934750,-0.0833581845,-0.1030011841,-0.0961488117,-0.0009937750,0.0007741107,-0.0038914378,0.0004003739
57850.3633894444,2.2530475233,2.2873398646,2.0793261980,2.1574144110,-0.1062023482,-0.1149305691,-0.0440346010,-0.1307029413,-0.0798358834,-0.0835155549,-0.1062628785,-0.0970199477,-0.0006128631,0.0007722407,-0.0018756020,-0.0002299277
57850.3634600000,2.2366732476,2.2699063789,2.0701939989,2.1220217838,-0.1061913233,-0.1098703150,-0.0608028757,-0.1386958089,-0.0797023657,-0.0830386811,-0.1034431845,-0.0920252761,-0.0009423312,0.0001555663,-0.0045798172,0.0024297529
57850.3635066667,2.2622461361,2.2969544287,2.0999490776,2.1599359419,-0.1068242848,-0.1113611028,-0.0634492440,-0.1353352839,-0.0795701976,-0.0842220670,-0.1033783652,-0.0965363891,-0.0007502710,-0.0003281110,-0.0034786910,-0.0013437621
57850.3635533333,2.2444296810,2.2754466219,2.1805297554,2.2274186276,-0.1057856152,-0.1052562308,-0.0893614190,-0.0863900373,-0.0797453950,-0.0847148053,-0.1027451611,-0.1098968219,-0.0007799921,-0.0011521704,-0.0003927178,-0.0020289021
57850.3636000000,2.2701537870,2.3081551334,2.0653238630,2.1126189961,-0.1062518114,-0.1118022514,-0.0581356160,-0.1418630742,-0.0815100357,-0.0852493270,-0.1018351207,-0.0920137453,-0.0001038843,0.0005239564,-0.0037745833,0.0037533241
57850.3636705556,2.2588318933,2.2957677161,2.1107746840,2.1890987120,-0.1066662505,-0.1176047821,-0.0420869649,-0.1269145557,-0.0805417741,-0.0836725562,-0.1073472813,-0.1005385311,-0.0003765008,0.0004374826,-0.0010389428,-0.0004307932
57850.3637172222,2.2271392921,2.2633175069,2.1020700695,2.1795148119,-0.1047247433,-0.1162750768,-0.0422422844,-0.1263660999,-0.0802106822,-0.0826937304,-0.1067014466,-0.0999039696,-0.0000726625,-0.0001618593,-0.0035335455,-0.0003248360
57850.3637638889,2.2398739806,2.2777413524,2.1130223474,2.1924625395,-0.1045915334,-0.1157490430,-0.0422595234,-0.1272505666,-0.0814477412,-0.0845384468,-0.1067445726,-0.0999922599,-0.0003480611,0.0008010665,-0.0014610264,0.0002227920
57850.3638105556,2.2553507603,2.2927181560,2.1244737490,2.2067203641,-0.1059291825,-0.1186889322,-0.0405328928,-0.1283905045,-0.0818078578,-0.0848732349,-0.1070301864,-0.1014636061,-0.0004334213,0.0004947358,-0.0016506939,-0.0002142620
57850.3638811111,2.2485396264,2.2842945328,2.1164279335,2.1942554498,-0.1068635061,-0.1160204437,-0.0422480088,-0.1278669749,-0.0819055592,-0.0840951992,-0.1076167261,-0.0999339464,0.0005961471,0.0007426669,-0.0018209585,-0.0007421925
57850.3639277778,2.2520230959,2.2873331681,2.1447048116,2.2181173632,-0.1044719322,-0.1200626777,-0.0492697230,-0.1185202467,-0.0820803025,-0.0842896654,-0.1076424391,-0.1036405885,0.0011934089,0.0004974830,-0.0028536702,-0.0010323357
57850.3639744444,2.2547925303,2.2896049331,2.1267502007,2.2052424279,-0.1066462174,-0.1202836873,-0.0451572130,-0.1242859935,-0.0812403596,-0.0844552754,-0.1069921531,-0.1019071041,-0.0005875731,-0.0006515452,-0.0013574824,-0.0004517905
57850.3640211111,2.2644996749,2.2991746508,2.1148380052,2.1936570701,-0.1054766166,-0.1170516360,-0.0424453025,-0.1271735939,-0.0827572445,-0.0837036328,-0.1070787864,-0.1009415387,-0.0005172973,0.0013172675,-0.0036760146,-0.0011467195
57850.3640916667,2.2574186139,2.2922059929,2.1176241255,2.1952115512,-0.1051309067,-0.1171670437,-0.0445982713,-0.1229485577,-0.0813850795,-0.0834240387,-0.1071309557,-0.1012211910,-0.0013208434,0.0008583109,-0.0025779497,-0.0006576539
57850.3641383333,2.2603968796,2.2651308145,2.0690175965,2.1799276325,-0.1060473201,-0.1148751726,-0.0354421513,-0.1334344969,-0.0829024156,-0.0835566045,-0.1049230181,-0.1000791770,-0.0005423859,0.0013538697,-0.0013541913,-0.0014731458
57850.3641850000,2.2728061535,2.3083707524,2.1024175066,2.1746907406,-0.1071342347,-0.1110015917,-0.0478392368,-0.1339245461,-0.0817932834,-0.0841638324,-0.1057829595,-0.0982328953,-0.0010386789,0.0005370091,-0.0034809035,-0.0004921205
57850.3642316667,2.2674753257,2.3045403283,2.0970863661,2.1538761543,-0.1072969178,-0.1088872790,-0.0619525765,-0.1343188050,-0.0814671332,-0.0864326405,-0.1029960355,-0.0986032082,-0.0007966367,0.0009209938,-0.0034444561,-0.0002103801
57850.3643022222,2.2590966169,2.2975140930,2.1164764134,2.1964256764,-0.1066081548,-0.1178471683,-0.0419346022,-0.1288474144,-0.0823775452,-0.0858796028,-0.1061827503,-0.1024608853,0.0000856178,-0.0001076968,-0.0025599514,-0.0008450490
57850.3643488889,2.2694754788,2.3075501629,2.1126494566,2.1964440937,-0.1081791704,-0.1172535302,-0.0412519883,-0.1302969920,-0.0816605718,-0.0838347130,-0.1062654444,-0.1019100406,0.0004456250,-0.0005520068,-0.0028975108,-0.0001326932
57850.3643955556,2.2688802640,2.3041540068,2.1073916438,2.1891433566,-0.1060674856,-0.1163596228,-0.0398061342,-0.1324984148,-0.0824702255,-0.0870675077,-0.1046262822,-0.1010845833,-0.0000800698,-0.0007541991,-0.0023536833,0.0006691166
57850.3644422222,2.2671102242,2.3015815486,2.1096585637,2.1912217957,-0.1077690106,-0.1177504096,-0.0412949180,-0.1306383742,-0.0819478005,-0.0849212146,-0.1058415391,-0.1002909829,-0.0013733466,-0.0003197506,-0.0022778090,-0.0004910454
57850.3645127778,2.2609117881,2.2968138521,2.1209222851,2.2028412461,-0.1081177294,-0.1196400588,-0.0420089891,-0.1282985816,-0.0803933762,-0.0844007854,-0.1051786836,-0.1029684824,0.0012444990,0.0007795149,-0.0024331256,0.0003785455
57850.3645594444,2.2604075604,2.2964127768,2.1162507084,2.1951626202,-0.1061586952,-0.1169200176,-0.0423444576,-0.1296330733,-0.0809455483,-0.0851249825,-0.1042138828,-0.1007176447,-0.0013684075,0.0012473397,-0.0013982439,-0.0010735698
57850.3646061111,2.2569326645,2.2933468267,2.1117456486,2.1916909701,-0.1062216466,-0.1157873934,-0.0418193087,-0.1273433246,-0.0818342220,-0.0849238774,-0.1029912742,-0.1017344591,0.0002045532,0.0007565918,-0.0016544088,0.0004314838
57850.3646527778,2.2590934323,2.2961153981,2.1169024758,2.1968277752,-0.1065384206,-0.1161022463,-0.0452320908,-0.1266133910,-0.0807688536,-0.0861754202,-0.1047630084,-0.1027360371,-0.0013690025,0.0000383982,-0.0025741868,-0.0017622885
57850.3665294444,0.0289873813,0.0926591545,0.1273340798,0.1957859132,0.0014163101,-0.0234776086,-0.0176390648,-0.0386581767,-0.0034422459,-0.0011510853,-0.0066272997,-0.0010556493,-0.0019679723,0.0017188888,0.0096826654,-0.0020802517
57850.3665761111,2.2959943508,2.3353938860,2.1396419695,2.1915133713,-0.1096702643,-0.1097307590,-0.0934207293,-0.1265870836,-0.0729579222,-0.0781009652,-0.0942360528,-0.0965236609,0.0005935624,0.0011139085,-0.0033717293,0.0034986528
57850.3666227778,2.2598120537,2.2985084352,2.0916149029,2.1393589869,-0.1086991522,-0.1109578205,-0.0773987002,-0.1382967244,-0.0708589441,-0.0743151382,-0.0918856248,-0.0953119235,0.0015369221,0.0003301780,-0.0032943088,0.0020244999
57850.3666694445,2.2030437970,2.2372149524,2.0353504172,2.0825015440,-0.1055261294,-0.1046960536,-0.0787899900,-0.1292140449,-0.0705095874,-0.0743576323,-0.0888370005,-0.0927551370,-0.0001930187,-0.0008055647,-0.0025970032,0.0036570784
57850.3667400000,2.1126755522,2.1441495107,1.9589501611,2.0071801944,-0.0995450814,-0.0996259517,-0.0904758637,-0.1113700241,-0.0662163922,-0.0704963301,-0.0847127464,-0.0888936532,-0.0000701220,0.0001290798,-0.0023161468,0.0033050654
57850.3667866667,2.2283199889,2.2618209855,2.0630632296,2.1202090778,-0.1068444232,-0.1083164639,-0.0884957391,-0.1248792808,-0.0691384795,-0.0746601404,-0.0887113320,-0.0937401078,0.0005698481,0.0017068745,-0.0022916301,0.0040131064
57850.3668333333,2.1791401748,2.2048482995,2.0155373520,2.1001895894,-0.1045261358,-0.1125786032,-0.0425695701,-0.1331432216,-0.0666557741,-0.0714127529,-0.0886498240,-0.0953814326,0.0003311384,0.0007698521,-0.0044264300,0.0003309925
57850.3668800000,2.1656294158,2.1933196243,1.9998903207,2.0646675473,-0.1043048673,-0.1118722749,-0.0624532832,-0.1359734834,-0.0658421329,-0.0729537155,-0.0883910831,-0.0927324143,-0.0006881375,0.0016548306,-0.0034526027,0.0001474624
57850.3669505556,2.1944076948,2.2272388380,2.0291959281,2.0860251239,-0.1052359573,-0.1096250052,-0.0722023026,-0.1370147318,-0.0678986659,-0.0724699064,-0.0874054019,-0.0936618392,-0.0013422847,-0.0001024566,-0.0024799200,0.0020789418
57850.3669972222,2.2739053151,2.3106466591,2.0962823651,2.1803983452,-0.1100515323,-0.1139148935,-0.0453126082,-0.1407260064,-0.0696509816,-0.0758761518,-0.0908451485,-0.0986843945,0.0011834112,0.0005678369,-0.0016352534,-0.0006879976
57850.3670438889,2.2368373922,2.2717138011,2.1205055335,2.1953853477,-0.1086698823,-0.1242545436,-0.0539992046,-0.1284479457,-0.0692984470,-0.0739890720,-0.0912401836,-0.0998237009,0.0003219315,-0.0016208307,-0.0020450288,-0.0008072461
57850.3670905555,2.2350804359,2.2683166493,2.1270799744,2.1954413005,-0.1086475759,-0.1257030507,-0.0608837030,-0.1193794640,-0.0694480852,-0.0750876509,-0.0905838741,-0.0999041425,-0.0008088244,0.0001394629,-0.0005830280,0.0000137405
57850.3671611111,2.2282045365,2.2630773328,2.1440149502,2.2182843145,-0.1079564848,-0.1243642948,-0.0577876082,-0.1226837712,-0.0680645662,-0.0740896441,-0.0911188934,-0.1005603782,0.0001890554,0.0005361486,-0.0020424286,-0.0012687870
57850.3672077778,2.2367256631,2.2722250382,2.1037164277,2.1865781858,-0.1081332685,-0.1197169272,-0.0486523122,-0.1341465352,-0.0685381002,-0.0751184074,-0.0903070828,-0.0995008383,-0.0003036843,0.0026235522,-0.0012502053,0.0011556930
57850.3672544444,2.2087703987,2.2434490291,2.0917725238,2.1719630821,-0.1066003013,-0.1198663510,-0.0517436666,-0.1267662099,-0.0683253372,-0.0740907890,-0.0877718716,-0.0998140225,0.0017046795,0.0011104158,-0.0002894040,-0.0002872847
57850.3673011111,2.1998947050,2.2331553057,2.0340498448,2.1191154983,-0.1063161438,-0.1145900436,-0.0414388273,-0.1358253765,-0.0681079720,-0.0740114336,-0.0853952220,-0.0958648093,-0.0002988528,0.0023538168,-0.0018715022,-0.0000095284
57850.3673716667,2.2041897962,2.2317308214,2.0160114209,2.1070177028,-0.1046081969,-0.1121231943,-0.0410242848,-0.1352304047,-0.0676040711,-0.0725446842,-0.0857559977,-0.0960066555,-0.0008935976,0.0021104967,-0.0007529386,0.0007101474
57850.3674183333,2.2320992904,2.2652211373,2.1212231247,2.1985756333,-0.1076727535,-0.1209400393,-0.0526197758,-0.1271693585,-0.0691967120,-0.0738196265,-0.0906644100,-0.1008793642,0.0015067189,0.0011718751,-0.0015082077,0.0004859951
57850.3674650000,2.2241421643,2.2578317513,2.1308614178,2.2034598676,-0.1064236635,-0.1243921642,-0.0579323026,-0.1190607453,-0.0696696975,-0.0743963079,-0.0906735728,-0.1012733827,0.0003262328,0.0013462419,-0.0006570671,-0.0000866079
57850.3675116667,2.2237536562,2.2567039021,2.1526710524,2.2222216741,-0.1071508747,-0.1243189173,-0.0631139166,-0.1152498547,-0.0696850798,-0.0746782609,-0.0919233580,-0.1016345598,0.0015738378,0.0017497796,-0.0007146055,-0.0011995736
57850.3675822222,2.2309781772,2.2639654389,2.1399467881,2.2146593390,-0.1055918312,-0.1231729382,-0.0558468394,-0.1224756968,-0.0684071260,-0.0760745650,-0.0914825723,-0.1016867928,-0.0008282536,0.0006839233,-0.0012076534,0.0007577049
57850.3676288889,2.2107653224,2.2459642216,2.1646549633,2.2321607376,-0.1062287892,-0.1254527017,-0.0622882642,-0.1139292694,-0.0698889300,-0.0757840514,-0.0916700319,-0.1023680331,-0.0003977495,0.0014936298,-0.0006499791,-0.0005513110
57850.3676755556,2.1732031967,2.2065525114,2.1430378167,2.2018728679,-0.1031909770,-0.1259712804,-0.0703230064,-0.1010447020,-0.0669169851,-0.0740359562,-0.0919871424,-0.0987501914,-0.0015760823,0.0015874454,0.0007818428,-0.0014646141
57850.3677222222,2.1850010990,2.2189706375,2.1114774257,2.1801346166,-0.1030485725,-0.1228788648,-0.0597570876,-0.1126148276,-0.0674575740,-0.0744449773,-0.0886257966,-0.1003434203,0.0000111512,0.0011019295,-0.0016993548,-0.0011965169
57850.3677927778,2.1259467553,2.1595009522,2.0567097099,2.1179891784,-0.1007449668,-0.1217752337,-0.0600859324,-0.1045257515,-0.0658306816,-0.0723931286,-0.0878892060,-0.0968600985,0.0006456217,0.0001082892,0.0005821756,-0.0009618152
57850.3678394444,2.1359576706,2.1649077466,2.0833636217,2.1413520707,-0.1005243937,-0.1244871885,-0.0653337851,-0.1020158976,-0.0663225656,-0.0722406428,-0.0875820712,-0.0975920698,-0.0001967054,0.0018467733,-0.0005881434,0.0008533597
57850.3678861111,2.1244112666,2.1564625242,2.0361493223,2.0950863659,-0.1002043752,-0.1228113547,-0.0613142407,-0.1025122603,-0.0656154028,-0.0713592827,-0.0860821593,-0.0969779057,0.0006873626,0.0023294894,0.0000326256,-0.0008892414
57850.3679327778,2.0863925958,2.1138234495,2.0155254003,2.0814494320,-0.0978400066,-0.1191978851,-0.0573891410,-0.1071804374,-0.0642783791,-0.0704310949,-0.0835379673,-0.0960186310,0.0003750315,0.0011652740,0.0007103962,-0.0003639148
57850.3680033333,2.1106103549,2.1390782548,2.0360374904,2.1101083255,-0.0994577922,-0.1151276021,-0.0494664977,-0.1191628369,-0.0656130935,-0.0712774556,-0.0846132237,-0.0965148137,0.0006948898,0.0011837566,0.0000712643,0.0002386579
57850.3680500000,2.2404680175,2.2761054549,2.1508869517,2.2248363268,-0.1039998850,-0.1214912029,-0.0541245526,-0.1207662093,-0.0699466759,-0.0739035948,-0.0902891059,-0.1026009740,0.0006115723,0.0010850957,0.0004248845,-0.0001634624
57850.3680966667,2.2505937542,2.2873192275,2.1414832384,2.2162503796,-0.1060723371,-0.1222150622,-0.0513907691,-0.1225494154,-0.0698984778,-0.0767686663,-0.0881003354,-0.1023981963,0.0011518804,0.0010287458,-0.0003086858,-0.0003332158
57850.3681433333,2.2490942841,2.2861570611,2.1163497913,2.1941389126,-0.1037917963,-0.1184761469,-0.0490137751,-0.1282233392,-0.0696109526,-0.0752477585,-0.0865836530,-0.1019597140,0.0001718714,0.0012125935,-0.0020540837,0.0005374176
57850.3682138889,2.2501883008,2.2856297707,2.0754854916,2.1575090773,-0.1042732808,-0.1106005491,-0.0421654325,-0.1343513776,-0.0697384015,-0.0750429895,-0.0870106003,-0.0999243139,0.0015708787,0.0013698853,-0.0028057322,0.0002396812
57850.3682605556,2.2397353928,2.2760670972,2.0826033721,2.1281999361,-0.1046586940,-0.1083720632,-0.0787926467,-0.1395758847,-0.0693836128,-0.0745555608,-0.0894078860,-0.0994951903,0.0005227503,0.0022926758,-0.0027828177,-0.0005268192
57850.3683072222,2.1821805717,2.2140044848,2.0400363898,2.0935654573,-0.1026644155,-0.1017595150,-0.0844878179,-0.1219272651,-0.0688986871,-0.0738879222,-0.0887533298,-0.0971813806,-0.0004071149,0.0009953425,-0.0018121662,0.0041190156
57850.3683538889,2.1756606781,2.2100857851,2.0260672650,2.0798344951,-0.1009868489,-0.1006955018,-0.0956343097,-0.1093388968,-0.0683126865,-0.0727852254,-0.0888990204,-0.0956806472,-0.0002169932,0.0019174509,-0.0018133090,0.0033862073
57850.3684244444,2.0820837534,2.1117311329,1.9390657119,1.9897550105,-0.0970898844,-0.0941536011,-0.1004804967,-0.0960888654,-0.0646029902,-0.0694525108,-0.0862499962,-0.0896545586,-0.0000980936,0.0007088080,-0.0020585414,0.0023879678
57850.3684711111,2.2028506116,2.2355640297,2.0531612985,2.1053002621,-0.1032723931,-0.0958509005,-0.1130228199,-0.0935563730,-0.0692292258,-0.0717930483,-0.0907823295,-0.0942209404,-0.0001267635,0.0000453091,-0.0018103139,0.0010423780
57850.3685177778,2.1864474579,2.2198734610,2.0341377722,2.0849685475,-0.1017042730,-0.0947626148,-0.1212811336,-0.0830396192,-0.0680167998,-0.0736553952,-0.0921583226,-0.0922682277,0.0007313438,-0.0007556440,-0.0015985065,0.0022543303
57850.3685644444,2.1957102503,2.2292120138,2.0473524427,2.0986335100,-0.1024755208,-0.0994616299,-0.0919201925,-0.1146363008,-0.0683563208,-0.0734678753,-0.0893588122,-0.0959140784,0.0001445340,0.0011391253,-0.0020100635,0.0025756694
57850.3686350000,2.2113642098,2.2449232795,2.0648312067,2.1175186961,-0.1048920861,-0.1035803869,-0.0778929762,-0.1295784109,-0.0698083778,-0.0753897335,-0.0900522509,-0.0979902742,0.0005916265,0.0003487488,-0.0020911015,0.0032277283
57850.3686816667,2.2785721235,2.3163433790,2.1164619055,2.1718644383,-0.1060410439,-0.1095048613,-0.0788276586,-0.1337229392,-0.0725077137,-0.0774922106,-0.0907778295,-0.1024958445,-0.0002757546,-0.0003476188,-0.0027284135,0.0038234121
57850.3687283333,2.2768076058,2.3143785131,2.1089615511,2.1616186750,-0.1071574879,-0.1096073125,-0.0648959651,-0.1475731016,-0.0721017656,-0.0763916848,-0.0881474265,-0.1044600525,-0.0002086236,0.0000176338,-0.0020314935,0.0031802442
57850.3687750000,2.2785035517,2.3152160458,2.1120583069,2.1669210400,-0.1034483726,-0.1079693359,-0.0771280184,-0.1350868949,-0.0743379877,-0.0774243258,-0.0908698874,-0.1024133235,0.0012286990,0.0010529560,-0.0026078888,0.0031757486
57850.3688455556,2.2503217824,2.2887140494,2.0971885831,2.1524395089,-0.1049843881,-0.1079072954,-0.0730503155,-0.1379425008,-0.0723442659,-0.0775799644,-0.0909035933,-0.1028446418,-0.0002175791,0.0019628958,-0.0039778506,0.0049524714
57850.3688922222,2.2590945659,2.2957645356,2.1025526107,2.1564863571,-0.1050749292,-0.1060658481,-0.0894501743,-0.1221903768,-0.0722661871,-0.0787619036,-0.0923816276,-0.0998543934,-0.0000109042,0.0017035085,-0.0024758841,0.0042180708
57850.3689388889,2.2784571043,2.3150848147,2.1110147232,2.1662208568,-0.1070328270,-0.1041411650,-0.1035357547,-0.1092496366,-0.0737680719,-0.0784028141,-0.0953290168,-0.0996668976,0.0000439555,0.0008721907,-0.0016908572,0.0028686237
57850.3689855556,2.2797340513,2.3163603772,2.1123445191,2.1673381557,-0.1074884334,-0.1028430554,-0.1033958433,-0.1074320789,-0.0736810916,-0.0783688156,-0.0951304415,-0.0994400128,-0.0004181054,-0.0003412252,-0.0016112300,0.0031233575
57850.3690561111,2.2721624497,2.3080342587,2.1000915185,2.1547150402,-0.1053014821,-0.1017002312,-0.1185952889,-0.0906475387,-0.0733992850,-0.0771700841,-0.0970977548,-0.0975958982,0.0012100665,0.0004019612,-0.0013681090,0.0026827252
57850.3691027778,2.2493531938,2.2830275092,2.0980446149,2.1511629008,-0.1036414569,-0.1019852011,-0.0961677766,-0.1153071974,-0.0730294357,-0.0766145316,-0.0939702183,-0.1005975108,-0.0011533006,-0.0005550060,-0.0015015389,0.0035410269
57850.3691494444,2.2578449353,2.2945882170,2.0983696574,2.1536174626,-0.1074702479,-0.1022887767,-0.1037585833,-0.1068916466,-0.0720816152,-0.0797616709,-0.0941749699,-0.1008480320,-0.0001268820,0.0008145351,-0.0019692578,0.0035420734
57850.3691961111,2.2166833303,2.2516749270,2.0632439908,2.1191356340,-0.1035402688,-0.1010054605,-0.0896454575,-0.1174212362,-0.0722167951,-0.0768676995,-0.0926741910,-0.1018595542,0.0006049512,0.0016153604,-0.0022577631,0.0022336666
57850.3692666667,2.2172715576,2.2489993897,2.0717751650,2.1272564330,-0.1024718436,-0.1003943041,-0.0824567096,-0.1233805836,-0.0736454535,-0.0763322906,-0.0927758612,-0.1014178312,-0.0002326342,0.0004965456,-0.0010024089,0.0029200246
57850.3693133333,2.2763973957,2.3128101903,2.1128500304,2.1688759100,-0.1062971109,-0.1050124375,-0.0989527811,-0.1135403907,-0.0752468200,-0.0800563361,-0.0957847028,-0.1034799362,0.0016923106,0.0009242976,-0.0019681905,0.0020644691
57850.3693600000,2.2775845454,2.3132885737,2.1046356989,2.1564987410,-0.1076804082,-0.1073260985,-0.0719742296,-0.1368191044,-0.0749613527,-0.0814346754,-0.0911231878,-0.1046687577,0.0003795043,0.0000543207,-0.0025300092,0.0029588182
57850.3694066667,2.2726055246,2.3090547616,2.1043803258,2.1566168691,-0.1061389517,-0.1100571207,-0.0728492035,-0.1370420062,-0.0764213336,-0.0808662276,-0.0922898673,-0.1062925211,-0.0006499848,0.0010154550,-0.0034715425,0.0010644753
57850.3694772222,2.2631751362,2.2993373407,2.0951573200,2.1969285179,-0.1059984018,-0.1183764931,-0.0237732463,-0.1300464839,-0.0758601399,-0.0821946859,-0.0846377019,-0.1090312147,-0.0001923639,0.0009830824,-0.0036497502,-0.0017638462
57850.3695238889,2.2498614988,2.2849599933,2.1238547028,2.2020466126,-0.1041078346,-0.1195397706,-0.0484621590,-0.1255783937,-0.0767127043,-0.0831282844,-0.0889137640,-0.1102133810,-0.0010695695,0.0024468139,-0.0002135438,-0.0002455916
57850.3695705556,2.1946933889,2.2278337597,2.1346016170,2.2025027047,-0.1022100804,-0.1236503655,-0.0595474386,-0.1092523388,-0.0747965589,-0.0827114266,-0.0918819271,-0.1066861438,-0.0009087653,0.0008346249,-0.0003921563,-0.0005797016
57850.3696172222,2.1669710754,2.1975635105,2.1308925378,2.1937571583,-0.1009685248,-0.1232255680,-0.0628540295,-0.1028765671,-0.0732387980,-0.0820655302,-0.0911292148,-0.1063790039,0.0008550646,0.0003838172,-0.0009601430,-0.0010560638
57850.3696877778,2.1426886267,2.1711953674,2.1253126556,2.1856379760,-0.1006524041,-0.1229686734,-0.0655094870,-0.1005947114,-0.0740757169,-0.0814810390,-0.0923192964,-0.1074964248,0.0004447066,0.0005153474,-0.0009295889,-0.0018268562
57850.3697344444,2.1152576394,2.1351036704,2.0524823210,2.1218376229,-0.0993535365,-0.1218257655,-0.0604248078,-0.0976200596,-0.0717883701,-0.0802423200,-0.0891697675,-0.1042357896,0.0000739857,0.0010964203,0.0006573777,-0.0019708999
57850.3697811111,2.0676883537,2.0892258138,1.9937585030,2.0552172732,-0.0968349018,-0.1203748454,-0.0612760208,-0.0923652016,-0.0699416093,-0.0803195286,-0.0872859333,-0.1013999561,0.0008673140,0.0026776698,-0.0004981928,-0.0012205080
57850.3698277778,2.0379879318,2.0569339236,1.9519457282,2.0173405631,-0.0961665337,-0.1146491742,-0.0556528132,-0.0962305894,-0.0691567383,-0.0785179579,-0.0844119184,-0.0996601000,0.0018240152,0.0003501753,0.0003923241,-0.0003289271
57850.3698983333,2.0769251707,2.0943937328,1.8891406982,1.9690464654,-0.0964898522,-0.1099632970,-0.0410876828,-0.1118343780,-0.0728227158,-0.0783699165,-0.0804896505,-0.1013264566,0.0008794193,0.0027370494,-0.0008342642,0.0007080488
57850.3699450000,2.2089653403,2.2432432892,2.1407587999,2.2114061625,-0.1037522925,-0.1253417948,-0.0591559244,-0.1120962876,-0.0764140010,-0.0852004873,-0.0927999170,-0.1109253030,0.0011197125,0.0025659889,-0.0004265546,-0.0017046506
57850.3699916667,2.2147264273,2.2486844041,2.1152186804,2.1846780936,-0.1051611231,-0.1219343867,-0.0571074894,-0.1147907256,-0.0782741021,-0.0855046539,-0.0928014116,-0.1102294985,0.0009545078,-0.0002876755,-0.0012495884,-0.0006487901
57850.3700383333,2.1971044929,2.2253336145,2.0619883773,2.1447556168,-0.1035495562,-0.1190233842,-0.0479570352,-0.1206302970,-0.0763177477,-0.0851093213,-0.0879990089,-0.1105395304,0.0017258331,0.0032538282,-0.0010400762,0.0004807845
57850.3701088889,2.2253745530,2.2556349585,2.0799261104,2.1617997258,-0.1047797373,-0.1202203279,-0.0481629978,-0.1250229496,-0.0783856375,-0.0849056640,-0.0889828896,-0.1125886568,0.0007592483,0.0018330638,-0.0005198715,0.0001857678
57850.3701555556,2.2396081519,2.2734828814,2.1292057771,2.2068601655,-0.1075177356,-0.1209464964,-0.0500858000,-0.1256671280,-0.0786256671,-0.0875509059,-0.0902404204,-0.1159846246,0.0009361370,0.0014508253,-0.0005675556,-0.0014339664
57850.3702022222,2.2255583687,2.2592233782,2.0928735527,2.1711738233,-0.1057625961,-0.1219737466,-0.0488028260,-0.1236564244,-0.0781587601,-0.0873959491,-0.0898775843,-0.1134733213,-0.0005774856,0.0015198011,0.0007273759,0.0006434571
57850.3702488889,2.2229287410,2.2572313639,2.0968739283,2.1723973664,-0.1049925165,-0.1207458553,-0.0511456380,-0.1206734205,-0.0780347133,-0.0894697455,-0.0908123161,-0.1145120208,0.0011478902,0.0013458214,-0.0011419118,-0.0006406152
57850.3703194444,2.1959741557,2.2312127024,2.0164828647,2.0959171547,-0.1042908684,-0.1147551288,-0.0397628931,-0.1327220323,-0.0782092155,-0.0862459352,-0.0848378120,-0.1148677273,0.0010042000,0.0007005800,-0.0039799246,0.0016883512
57850.3703661111,2.1818481316,2.2115664000,2.0000737175,2.0756463953,-0.1050202248,-0.1099069178,-0.0449836990,-0.1290051318,-0.0758758989,-0.0842892920,-0.0868763126,-0.1122257008,0.0003299013,0.0012442070,-0.0041600365,-0.0005448799
57850.3704127778,2.1946486083,2.2247473179,2.0101505775,2.0919605156,-0.1051491454,-0.1139745003,-0.0451528026,-0.1296442605,-0.0782490373,-0.0847483415,-0.0862337854,-0.1125137431,0.0012159901,0.0007162345,-0.0029522992,-0.0004979779
57850.3704594444,2.2430581246,2.2745017039,2.0737441854,2.1569632067,-0.1071834880,-0.1163731079,-0.0447297900,-0.1305307673,-0.0791890386,-0.0865937462,-0.0888131619,-0.1152300807,-0.0004596478,0.0007342349,-0.0013048930,0.0001122557
57850.3705300000,2.2492313674,2.2845712995,2.1127733117,2.1956229624,-0.1081060121,-0.1196133568,-0.0492394869,-0.1307294909,-0.0780908913,-0.0880781415,-0.0900846079,-0.1189699700,0.0014766204,0.0012648984,-0.0009769400,-0.0007063367
57850.3705766667,2.2656790966,2.3023736050,2.1201184473,2.2011315608,-0.1075097797,-0.1207994276,-0.0478335891,-0.1300759929,-0.0775585088,-0.0877893178,-0.0885515347,-0.1159160371,0.0001238918,0.0018637433,-0.0024558926,0.0000600042
57850.3706233333,2.2583450179,2.2948103535,2.1373288143,2.2162363767,-0.1091160442,-0.1233941540,-0.0523258274,-0.1237637336,-0.0798170652,-0.0879913088,-0.0895882766,-0.1157249138,0.0006091829,0.0005953372,-0.0004018354,-0.0006330412
57850.3706700000,2.2506654752,2.2864606468,2.1449999072,2.2231941273,-0.1084262206,-0.1237940510,-0.0521588734,-0.1251286275,-0.0781115860,-0.0884638973,-0.0904159766,-0.1157569595,0.0012698658,0.0018508935,-0.0000302087,-0.0014874216
57850.3707405556,2.2428773837,2.2783478442,2.1616400170,2.2343332748,-0.1071144681,-0.1245380985,-0.0590324140,-0.1176651222,-0.0770477274,-0.0870842945,-0.0910099360,-0.1144241593,0.0008372493,0.0023860407,-0.0000034514,0.0002081405
57850.3707872222,2.2578786457,2.2956495246,2.1559517339,2.2308231627,-0.1081713628,-0.1220023043,-0.0558484222,-0.1230353764,-0.0785041765,-0.0870367847,-0.0914670666,-0.1159134202,0.0011788130,0.0006596974,0.0001350348,0.0000093463
57850.3708338889,2.2604436958,2.2980964387,2.1496782207,2.2268641008,-0.1082804824,-0.1223689163,-0.0549613631,-0.1253433958,-0.0768473227,-0.0860098819,-0.0894643609,-0.1162467070,0.0014614286,0.0007735067,0.0004874996,-0.0007071551
57850.3708805556,2.2611388016,2.2982654701,2.1363089198,2.2161040519,-0.1090948216,-0.1197416556,-0.0525952567,-0.1272757698,-0.0771314564,-0.0865659540,-0.0878881479,-0.1158391999,0.0004662295,0.0020351550,-0.0007749778,-0.0009516217
57850.3709511111,2.2689725299,2.3072506071,2.1106766476,2.1927174567,-0.1096570742,-0.1191767210,-0.0485227388,-0.1345788466,-0.0776739728,-0.0847040844,-0.0857287532,-0.1156650506,-0.0013030472,0.0014399410,-0.0015493422,0.0001419458
57850.3709977778,2.2638353711,2.3013586160,2.0827256153,2.1760923658,-0.1096668944,-0.1179817294,-0.0364046028,-0.1326742635,-0.0770422790,-0.0841868601,-0.0823028275,-0.1159808528,0.0007257402,0.0002224311,-0.0031696562,0.0002127878
57850.3710444444,2.2589851000,2.2943596478,2.0761439746,2.1414045725,-0.1085799820,-0.1144713025,-0.0625791517,-0.1376780143,-0.0761784016,-0.0834662927,-0.0873915914,-0.1149522281,0.0022482833,0.0015544362,-0.0022474314,0.0012108123
57850.3710911111,2.2509369471,2.2854797240,2.0663209434,2.1474043716,-0.1085072738,-0.1153894516,-0.0492415465,-0.1335162297,-0.0766437818,-0.0833714612,-0.0840523084,-0.1148916460,0.0009785799,0.0006521935,-0.0014797534,0.0005230387
57850.3711616667,2.2571305865,2.2928104204,2.1042548545,2.1860643111,-0.1082014687,-0.1208748516,-0.0494719417,-0.1309183182,-0.0766585050,-0.0835415737,-0.0839879278,-0.1147061470,0.0006161919,0.0010942406,-0.0014387028,0.0004163952
57850.3712083333,2.2682093256,2.3052150824,2.1180576663,2.2018468147,-0.1088425474,-0.1207389674,-0.0488270423,-0.1324026779,-0.0771523841,-0.0852056693,-0.0857419116,-0.1167649982,0.0005456318,0.0017311506,-0.0012817842,-0.0006394983
57850.3712550000,2.2642283319,2.3019522468,2.1214295989,2.2039819024,-0.1086091478,-0.1195982611,-0.0481689902,-0.1338991429,-0.0768082502,-0.0833924239,-0.0836215564,-0.1162980857,0.0026795638,0.0014580200,-0.0006928487,-0.0002196637
57850.3713016667,2.2404275425,2.2746063350,2.1340629277,2.2111263859,-0.1084560453,-0.1216536270,-0.0520876096,-0.1277024981,-0.0763843017,-0.0852480055,-0.0853630858,-0.1157056684,0.0004939728,0.0012059227,-0.0009303849,-0.0001806984
57850.3713722222,2.2481552380,2.2837120028,2.1343968392,2.2146955789,-0.1079404153,-0.1201453430,-0.0543160672,-0.1265606807,-0.0757635806,-0.0856335924,-0.0852427159,-0.1146715574,0.0015141405,0.0002360988,-0.0017113961,-0.0004601780
57850.3714188889,2.2493430544,2.2855121104,2.1178165521,2.1977807913,-0.1081140022,-0.1227767199,-0.0507900216,-0.1283693890,-0.0757117021,-0.0856877311,-0.0834762254,-0.1164309527,0.0008210934,0.0008983518,0.0004179563,-0.0003049425
57850.3714655556,2.2317162404,2.2649799594,2.1147904026,2.1907253906,-0.1071899795,-0.1223165394,-0.0548469527,-0.1213676885,-0.0747404352,-0.0850583284,-0.0839769002,-0.1138029018,0.0003929841,0.0026085111,0.0006531817,-0.0004493399
57850.3715122222,2.2313486101,2.2651937254,2.1396646418,2.2217204440,-0.1065949217,-0.1214439286,-0.0533071361,-0.1255982889,-0.0756040412,-0.0841276870,-0.0848791873,-0.1153199369,0.0010497940,0.0028986022,0.0008952845,-0.0003436062
57850.3776405556,0.4680352015,0.4450465948,0.4543052690,0.4617841128,0.0416054236,-0.0675149435,-0.0136899241,-0.0296989030,0.0538335038,-0.0660199524,-0.0166982118,-0.0317327794,-0.0004795648,-0.0000081872,0.0040692573,0.0008194663
57850.3776872222,2.1949423717,2.2308216310,2.1710937922,2.2351898214,-0.1285079336,-0.1438214212,-0.0959927690,-0.1144733612,-0.0948105281,-0.1205694545,-0.1164456703,-0.1480579169,0.0030771643,0.0027975316,0.0011740297,-0.0004625043
57850.3777338889,2.2028480318,2.2369415558,2.1710516685,2.2346188349,-0.1281243705,-0.1445959514,-0.0971060413,-0.1138773844,-0.0970128729,-0.1201204455,-0.1169026135,-0.1476251492,0.0016830730,0.0022357225,0.0016787012,0.0012619421
57850.3777805556,2.2005061593,2.2339558572,2.1632357526,2.2265390677,-0.1279889200,-0.1446047245,-0.0954502935,-0.1171148313,-0.0970609369,-0.1206087211,-0.1142372529,-0.1493597471,0.0025612773,0.0013553054,0.0008201773,0.0003394737
57850.3778511111,2.1989327749,2.2321696349,2.1791425033,2.2360869220,-0.1290434020,-0.1450061241,-0.1002280306,-0.1101803846,-0.0971481648,-0.1227318269,-0.1192573784,-0.1457039140,0.0017279027,0.0021002156,0.0017042629,-0.0004125855
57850.3778977778,2.2029485355,2.2359703881,2.1837001431,2.2526468572,-0.1292648121,-0.1445155092,-0.0952826576,-0.1211811299,-0.0962040835,-0.1221072238,-0.1138304648,-0.1561818193,0.0010458668,0.0034105009,0.0013618584,-0.0005841332
57850.3779444444,2.2295323146,2.2655932618,2.1728948814,2.2453251356,-0.1289680789,-0.1443567259,-0.0924295727,-0.1228095094,-0.0979982422,-0.1216580011,-0.1133423880,-0.1576714376,0.0006157964,0.0026092127,0.0004182698,-0.0000984370
57850.3779911111,2.2223874133,2.2581728191,2.1696655046,2.2423247355,-0.1298628791,-0.1440049472,-0.0927651831,-0.1242615020,-0.0971714591,-0.1222855532,-0.1107960350,-0.1596722670,0.0005176476,0.0013077124,0.0017429513,0.0018310470
57850.3780616667,2.2273336060,2.2626245330,2.1774549082,2.2481822142,-0.1319469144,-0.1452341538,-0.0946005011,-0.1215753254,-0.0985124280,-0.1235377500,-0.1142770726,-0.1574971593,0.0015532453,0.0026707074,0.0019881244,0.0000719954
57850.3781083333,2.1935507715,2.2246114649,2.1719433939,2.2373396622,-0.1302774048,-0.1452512090,-0.0974860542,-0.1160826405,-0.0989841711,-0.1213032704,-0.1158024735,-0.1534167402,0.0029665134,0.0031712523,0.0001332819,0.0001388543
57850.3781550000,2.2015282922,2.2317830109,2.1750248775,2.2415817671,-0.1305546238,-0.1448863980,-0.0967134067,-0.1186462950,-0.0990061698,-0.1234328961,-0.1164405913,-0.1549056412,0.0018283531,0.0027657596,0.0010712169,-0.0007170105
57850.3782016667,2.2117803788,2.2460527383,2.1761725197,2.2467323081,-0.1325483116,-0.1452835213,-0.0928043639,-0.1244643270,-0.0984661105,-0.1231015809,-0.1129931104,-0.1604131873,0.0014515602,0.0010670100,0.0005511874,-0.0010717234
57850.3782722222,2.2111544346,2.2434105955,2.1762875022,2.2436865440,-0.1312232936,-0.1467123506,-0.0970253555,-0.1193007850,-0.0995810240,-0.1245047914,-0.1166359869,-0.1573253085,0.0007316006,0.0021267091,0.0017381458,-0.0001174847
57850.3783188889,2.2291660785,2.2639161419,2.1584313390,2.2333052311,-0.1324819005,-0.1460997346,-0.0917704965,-0.1259065618,-0.0997911110,-0.1250068380,-0.1100923246,-0.1635111118,0.0010973313,0.0018245161,0.0021413417,-0.0005874677
57850.3783655556,2.2395498421,2.2741445578,2.1513242043,2.2279184916,-0.1330121957,-0.1460708019,-0.0885000516,-0.1284362567,-0.1013232327,-0.1228005371,-0.1094335295,-0.1674596073,0.0025862940,0.0012630621,0.0010909552,-0.0007154845
57850.3784122222,2.2267540249,2.2623167371,2.1716062140,2.2423947322,-0.1336349777,-0.1470913054,-0.0943554137,-0.1241341362,-0.1011761674,-0.1262255236,-0.1157304960,-0.1594592172,0.0010106507,0.0027947301,0.0018711221,0.0001167006
57850.3784827778,2.2139032175,2.2483289896,2.1825717823,2.2510468899,-0.1332322586,-0.1481325745,-0.0987083248,-0.1209235246,-0.1007275133,-0.1275271860,-0.1190220581,-0.1584557186,0.0023470025,0.0021303227,0.0017906875,0.0002849987
57850.3785294444,2.2053544831,2.2402735794,2.1736949256,2.2387526550,-0.1341225763,-0.1493000732,-0.1002410751,-0.1188006135,-0.1013020737,-0.1286608284,-0.1194313874,-0.1563974821,0.0025012630,0.0032749703,0.0009993435,-0.0005148565
57850.3785761111,2.2121745296,2.2453711589,2.1778609525,2.2437201605,-0.1338935146,-0.1478498891,-0.1005590889,-0.1179177125,-0.1006160198,-0.1295292420,-0.1221110275,-0.1558392592,0.0022622504,0.0016629713,0.0019682817,-0.0007089627
57850.3786227778,2.1876422062,2.2189391250,2.1609372260,2.2195850480,-0.1320702042,-0.1486340500,-0.1016346290,-0.1140263467,-0.1009709951,-0.1283097104,-0.1232816203,-0.1509645058,0.0008937265,0.0019154071,0.0016893767,-0.0001913461
57850.3786933333,2.1763229409,2.2092410464,2.1750271256,2.2350841937,-0.1315256082,-0.1475698366,-0.1046494350,-0.1140628034,-0.1015723925,-0.1287349878,-0.1257946871,-0.1523893292,0.0024270386,0.0031721777,0.0017964004,-0.0014085352
57850.3787400000,2.1881971164,2.2197800866,2.1828097985,2.2452560544,-0.1316371790,-0.1455612561,-0.1030382223,-0.1171845104,-0.1016630148,-0.1304386104,-0.1245686010,-0.1564602619,0.0021091488,0.0019421130,0.0031436577,-0.0001094205
57850.3787866667,2.1818680756,2.2139543757,2.1862143009,2.2472251641,-0.1327376012,-0.1481318246,-0.1028765802,-0.1147767809,-0.1017036897,-0.1303183295,-0.1262190718,-0.1553609896,0.0020259159,0.0025675711,0.0017810357,-0.0006608978
57850.3788333333,2.1596244909,2.1912860452,2.1784631888,2.2369994220,-0.1307666542,-0.1460035581,-0.1070113970,-0.1132111618,-0.1015250356,-0.1278971260,-0.1307741357,-0.1502715559,0.0024906773,0.0020391979,0.0027907191,0.0008165058
57850.3789038889,2.1452845695,2.1743532967,2.1764024698,2.2297321246,-0.1324227150,-0.1462972298,-0.1095399553,-0.1099719123,-0.1015851728,-0.1290476270,-0.1348930693,-0.1466954097,0.0018105741,0.0021416674,0.0020694244,0.0001311753
57850.3789505556,2.1428980816,2.1782769103,2.1773940443,2.2211940785,-0.1322721222,-0.1439926107,-0.1138052811,-0.1037779356,-0.1029250763,-0.1272298793,-0.1407405662,-0.1402996867,0.0003474959,-0.0012894608,0.0026171104,0.0012923285
57850.3789972222,2.1608668240,2.1906569287,2.1779432411,2.2316618350,-0.1346568028,-0.1478344883,-0.1098464708,-0.1081285097,-0.1052895082,-0.1329949229,-0.1367275261,-0.1472699388,0.0026852331,0.0022789938,0.0020314957,-0.0001196430
57850.3790438889,2.1350835374,2.1774448476,2.1937099948,2.2322124515,-0.1320226878,-0.1400763555,-0.1176771356,-0.1008235959,-0.1033913656,-0.1253409912,-0.1485143305,-0.1366944934,0.0021535032,-0.0023653111,0.0020415128,0.0004483564
57850.3791144444,2.1177180266,2.1745885751,2.1970837635,2.2364868736,-0.1317867442,-0.1305991682,-0.1187635168,-0.1003380102,-0.1034435650,-0.1114229047,-0.1503518087,-0.1363436959,0.0022542946,-0.0037504645,0.0025177098,0.0005458355
57850.3791611111,2.1505490528,2.1817267459,2.1979793139,2.2425427599,-0.1346843474,-0.1474727328,-0.1164970623,-0.1047550963,-0.1056729448,-0.1342452026,-0.1464484479,-0.1423727319,0.0022653675,-0.0031954295,0.0019882209,-0.0004162196
57850.3792077778,2.1586174816,2.1903175235,2.2032516640,2.2562608199,-0.1355569986,-0.1477255830,-0.1124381462,-0.1133885388,-0.1061319713,-0.1341323927,-0.1384244765,-0.1531401184,0.0030015964,0.0018410981,0.0025494468,0.0008885911
57850.3792544444,2.1878709122,2.2210666317,2.1957302216,2.2536205794,-0.1380447576,-0.1505342306,-0.1080179371,-0.1151633450,-0.1082867186,-0.1350608318,-0.1343319253,-0.1575214263,0.0025614932,0.0019370985,0.0015009064,-0.0000946520
57850.3793250000,2.1657498121,2.1990334525,2.1951044432,2.2502675673,-0.1359119602,-0.1506130810,-0.1106228851,-0.1124038223,-0.1073856837,-0.1371376768,-0.1380963814,-0.1559366907,0.0019507480,0.0020968346,0.0018886485,-0.0001101572
57850.3793716667,2.1740190565,2.2053677051,2.1964910937,2.2517467507,-0.1363950247,-0.1498996034,-0.1115282977,-0.1125072346,-0.1078385467,-0.1379374418,-0.1404720500,-0.1556263424,0.0023131021,0.0006691295,0.0023767924,-0.0007490988
57850.3794183333,2.1696975583,2.2012750151,2.1956710359,2.2543725672,-0.1364937299,-0.1502937353,-0.1086583354,-0.1168579545,-0.1072750635,-0.1366472169,-0.1357788503,-0.1599980837,0.0024984841,0.0027400508,0.0007066324,0.0010340141
57850.3794650000,2.1931066461,2.2240647878,2.1824262960,2.2440842265,-0.1383961596,-0.1527710487,-0.1081037178,-0.1180951194,-0.1098150459,-0.1381807925,-0.1337158697,-0.1622630632,-0.0000137514,0.0017663169,0.0018379755,0.0000568628
57850.3795355556,2.2101909437,2.2455105438,2.1732993928,2.2420828152,-0.1411063783,-0.1528670311,-0.1044651745,-0.1231958503,-0.1117469538,-0.1386135448,-0.1274570731,-0.1713111999,0.0022161858,0.0014354440,0.0010835569,-0.0006896466
57850.3795822222,2.2317653614,2.2678512901,2.1741244083,2.2465204199,-0.1425140717,-0.1527510613,-0.1016756731,-0.1269608763,-0.1122056633,-0.1382760786,-0.1254176463,-0.1762024944,0.0025392129,0.0018471571,0.0014169587,0.0002947287
57850.3796288889,2.2164471455,2.2515630458,2.1789295776,2.2484027788,-0.1409107350,-0.1536684221,-0.1042987460,-0.1249112688,-0.1115257361,-0.1393007260,-0.1284246918,-0.1735333216,0.0025023667,0.0030768277,0.0014190766,-0.0001150088
57850.3796755556,2.2049096434,2.2363352839,2.1592200924,2.2286791565,-0.1410217082,-0.1515864661,-0.1034386598,-0.1229759752,-0.1109289147,-0.1386958574,-0.1282937675,-0.1720510821,0.0013694507,0.0022780339,0.0008987560,-0.0002663893
57850.3797461111,2.1913369176,2.2241737781,2.1516156779,2.2236036589,-0.1414251140,-0.1519368391,-0.1033755489,-0.1238864707,-0.1101754447,-0.1376090852,-0.1258278091,-0.1737078483,0.0013054700,0.0022660837,0.0017115663,0.0006324325
57850.3797927778,2.1775061117,2.2083590112,2.1506823020,2.2181842426,-0.1401711707,-0.1511372580,-0.1034909145,-0.1225068820,-0.1100805023,-0.1365502167,-0.1276627317,-0.1723038348,0.0013538655,0.0014190212,0.0025471899,-0.0008278274
57850.3798394444,2.2154612624,2.2493124742,2.1176245380,2.1943282587,-0.1425323851,-0.1525217639,-0.0999759598,-0.1264836090,-0.1126736594,-0.1374839205,-0.1196485717,-0.1761292156,0.0016056005,0.0024968207,0.0017961188,0.0001047340
57850.3798861111,2.2011916012,2.2333146433,2.1204563721,2.1966038402,-0.1417078959,-0.1504773434,-0.0990085577,-0.1269469767,-0.1124873932,-0.1383068562,-0.1212693756,-0.1794156280,0.0014592478,0.0008264438,0.0002078216,-0.0008178917
57850.3799566667,2.1993807425,2.2308306663,2.1177275991,2.1955389108,-0.1421810079,-0.1504397030,-0.0992158976,-0.1256626672,-0.1130219390,-0.1370586827,-0.1197509280,-0.1803039927,0.0013969473,0.0031509306,0.0013870028,-0.0005161417
57850.3800033333,2.2035870915,2.2379060883,2.1703478803,2.2348252935,-0.1432394546,-0.1542312613,-0.1073062077,-0.1229857928,-0.1131153955,-0.1427513254,-0.1327490000,-0.1737741812,0.0023826149,0.0002037299,0.0024082944,0.0010269531
57850.3800500000,2.2052887157,2.2366924832,2.1869093235,2.2496328546,-0.1434616475,-0.1546307510,-0.1111629487,-0.1220305326,-0.1131817418,-0.1426854254,-0.1394063148,-0.1694254389,0.0012300162,0.0023993099,0.0007102407,0.0012483493
57850.3800966667,2.2045148257,2.2387201409,2.1765777290,2.2431389047,-0.1424955066,-0.1565269078,-0.1086012752,-0.1243288028,-0.1149991540,-0.1438251531,-0.1354111158,-0.1749314307,0.0022440385,0.0019932158,0.0022239731,0.0003442405
57850.3801672222,2.1985478405,2.2318582632,2.1899431874,2.2517934838,-0.1442821037,-0.1563056501,-0.1135711994,-0.1223915034,-0.1130046328,-0.1440721312,-0.1397469264,-0.1711944927,0.0012851198,0.0031509811,0.0025842592,-0.0006468448
57850.3802138889,2.1730257653,2.2063882575,2.1928451379,2.2496051507,-0.1440641060,-0.1552446988,-0.1158816284,-0.1194716367,-0.1133625416,-0.1445478918,-0.1443675059,-0.1645662383,0.0022427009,0.0018585741,0.0027831050,0.0008274022
57850.3802605556,2.1876862287,2.2208706328,2.1892117560,2.2502196427,-0.1449271450,-0.1552268294,-0.1145511894,-0.1218623947,-0.1149069087,-0.1456494396,-0.1422921906,-0.1692418272,0.0025221262,0.0025191557,0.0011461586,0.0007446473
57850.3803072222,2.1676046245,2.2015595065,2.1937820316,2.2508033505,-0.1436949490,-0.1557723156,-0.1162688535,-0.1220767017,-0.1144082023,-0.1450571384,-0.1432023974,-0.1676879374,0.0022843510,0.0018622297,0.0028314322,0.0001382725
57850.3803777778,2.1920136172,2.2263207572,2.1858949084,2.2486512050,-0.1467345109,-0.1560293021,-0.1127328092,-0.1230432039,-0.1158240065,-0.1456726897,-0.1395730415,-0.1729960786,0.0016481065,0.0015999593,0.0025009397,0.0005519973
57850.3804244444,2.1941328549,2.2277290972,2.1837312591,2.2483718894,-0.1483793306,-0.1571413544,-0.1138506445,-0.1244598631,-0.1154801768,-0.1462845103,-0.1392504715,-0.1750028921,0.0010322898,0.0023357573,0.0015444555,0.0010961838
57850.3804711111,2.1749278202,2.2036872996,2.1777894335,2.2372880662,-0.1460755912,-0.1555635953,-0.1161749081,-0.1234472615,-0.1156783075,-0.1444903671,-0.1410537098,-0.1708004902,0.0022074779,0.0009377003,0.0020862461,0.0006180521
57850.3805177778,2.1578875185,2.1885772601,2.1775180849,2.2286872162,-0.1444636825,-0.1565108684,-0.1233477323,-0.1156722747,-0.1157861640,-0.1468592872,-0.1549858508,-0.1565032353,0.0012362070,0.0017861257,0.0020213942,0.0005718340
57850.3805883333,2.1900955716,2.2221759687,2.1936128919,2.2525100781,-0.1483150285,-0.1589723948,-0.1183944313,-0.1234232497,-0.1182992768,-0.1490631235,-0.1468155078,-0.1710821349,0.0023303537,0.0029794693,0.0026309012,-0.0011652652
57850.3806350000,2.1665662410,2.1987106821,2.1803117332,2.2371097601,-0.1469916436,-0.1564434875,-0.1183856536,-0.1215820942,-0.1160963959,-0.1487066709,-0.1464315209,-0.1691726169,0.0026360259,0.0024904146,0.0022262049,0.0007029922
57850.3806816667,2.1470961434,2.1785102566,2.1897955683,2.2391520766,-0.1470521248,-0.1558302962,-0.1224713378,-0.1170267267,-0.1141013749,-0.1480967113,-0.1547147305,-0.1608458525,0.0010611785,0.0012756275,0.0015381172,-0.0002674126
57850.3807283333,2.1682007101,2.2011418921,2.1991993409,2.2505176950,-0.1466951115,-0.1604328380,-0.1228118947,-0.1193469093,-0.1154880459,-0.1488074417,-0.1531961640,-0.1633839214,0.0011443085,0.0018159160,0.0016300049,-0.0012950734
57850.3807988889,2.1450588764,2.1858971324,2.2069294030,2.2523782258,-0.1453436488,-0.1516773035,-0.1263585333,-0.1169742286,-0.1148199649,-0.1405465167,-0.1604598811,-0.1586195466,0.0014501935,-0.0035013275,0.0015200611,-0.0001588515
57850.3808455556,2.1675249417,2.1971831395,2.1861836091,2.2355790306,-0.1473033978,-0.1581810958,-0.1231601579,-0.1187318407,-0.1168794102,-0.1519687271,-0.1545672485,-0.1632509922,0.0032076438,0.0021523432,0.0018231204,-0.0001065015
57850.3808922222,2.1675476464,2.1990656228,2.1787148332,2.2353258483,-0.1487742362,-0.1590058385,-0.1195940389,-0.1212789397,-0.1182300337,-0.1516866048,-0.1481114414,-0.1704211980,0.0024263104,0.0025816894,0.0013066587,-0.0009167159
57850.3809388889,2.1663302161,2.1973943455,2.1833105395,2.2419991651,-0.1481238624,-0.1579854048,-0.1192275635,-0.1222490838,-0.1184680413,-0.1503520330,-0.1505559780,-0.1700372248,0.0012189043,0.0012205536,0.0030793454,0.0012162286
57850.3810094444,2.1596510620,2.1903369316,2.1865167714,2.2421236665,-0.1478006342,-0.1580098634,-0.1213669129,-0.1223791151,-0.1193690475,-0.1512274932,-0.1516066443,-0.1696905617,0.0018713396,0.0011112259,0.0022399382,-0.0001053628
57850.3810561111,2.1927157568,2.2251815691,2.1904132676,2.2488664704,-0.1500087127,-0.1586500613,-0.1200714737,-0.1237606428,-0.1206278455,-0.1514072965,-0.1489939022,-0.1743848415,0.0015741014,0.0014449859,0.0017482366,-0.0001649556
57850.3811027778,2.1757541228,2.2083172125,2.1876505745,2.2441695725,-0.1495091417,-0.1584312330,-0.1201739563,-0.1235651437,-0.1189692623,-0.1515728022,-0.1509217126,-0.1721876984,0.0031171000,0.0023580602,0.0031542246,0.0007264064
57850.3811494444,2.1702022840,2.2008368284,2.1841709624,2.2407480633,-0.1486640081,-0.1587918043,-0.1198639097,-0.1219902381,-0.1198596341,-0.1514756228,-0.1518429997,-0.1738473172,0.0023699180,0.0016337289,0.0025062466,0.0005329574
57850.3812200000,2.1698421537,2.2022210687,2.1611673214,2.2273737267,-0.1486354987,-0.1591415523,-0.1175118354,-0.1256009667,-0.1203490081,-0.1508823628,-0.1438095907,-0.1819549204,0.0006184187,0.0017776613,0.0019059052,0.0008683567
57850.3812666667,2.1863000157,2.2193584706,2.1751003111,2.2374229750,-0.1511205970,-0.1583983703,-0.1184936551,-0.1250020258,-0.1210424234,-0.1538306397,-0.1465815523,-0.1803722065,0.0027844369,0.0012903663,0.0007745023,-0.0003112275
57850.3813133333,2.1871387167,2.2195752252,2.1723034918,2.2316539153,-0.1501067289,-0.1591537117,-0.1191132053,-0.1237816704,-0.1216548895,-0.1547535917,-0.1485830605,-0.1792474150,0.0026228865,-0.0006121430,0.0022917889,0.0002824624
57850.3813600000,2.1859950498,2.2179306063,2.1782437103,2.2417540601,-0.1511838999,-0.1593994904,-0.1175552590,-0.1242456955,-0.1230229592,-0.1548670749,-0.1481186268,-0.1829762677,0.0026218705,0.0022852444,0.0028236880,0.0000570304
57850.3814305556,2.1808222832,2.2118385499,2.1910809924,2.2459276784,-0.1513992938,-0.1586836525,-0.1207136879,-0.1219461237,-0.1234133783,-0.1568560744,-0.1581930742,-0.1735790601,0.0013083131,0.0010815467,0.0025570416,0.0007502810
57850.3814772222,2.2040835084,2.2379459888,2.1912703724,2.2558143173,-0.1526005466,-0.1597695375,-0.1190144064,-0.1247801856,-0.1254935550,-0.1571264196,-0.1497303229,-0.1854453739,0.0020105638,0.0017541786,0.0017152801,0.0010020628
57850.3815238889,2.1985734084,2.2328501769,2.1929503324,2.2555524925,-0.1525132602,-0.1603770520,-0.1203076043,-0.1248505586,-0.1271482862,-0.1575685555,-0.1528545439,-0.1824886066,0.0015955671,0.0006236722,0.0014943229,-0.0002916528
57850.3815705556,2.1964479736,2.2314865251,2.1892209556,2.2523358693,-0.1539490567,-0.1589638512,-0.1182992398,-0.1235715730,-0.1281503471,-0.1597764540,-0.1510462034,-0.1847825413,0.0017587122,0.0028684890,0.0024434866,-0.0004436658
57850.3816411111,2.2200729887,2.2542751467,2.1838265180,2.2495410702,-0.1528707534,-0.1604729114,-0.1163241193,-0.1248830394,-0.1293646880,-0.1599007244,-0.1467954004,-0.1910826778,0.0017593630,0.0015959813,0.0025646537,-0.0012521785
57850.3816877778,2.2146895245,2.2485589924,2.1778347636,2.2483295794,-0.1528608704,-0.1605042596,-0.1148587482,-0.1260895106,-0.1279275300,-0.1580941149,-0.1454560939,-0.1945309968,0.0011353732,0.0009181141,0.0011587160,-0.0001373725
57850.3817344444,2.2131731174,2.2478825498,2.1801694469,2.2470108809,-0.1549782829,-0.1610210229,-0.1169538513,-0.1255600502,-0.1292508729,-0.1583633043,-0.1477730954,-0.1925920152,0.0021687365,0.0030905791,0.0021368490,-0.0001227044
57850.3817811111,2.2246288743,2.2603267623,2.1766992341,2.2485954612,-0.1546117752,-0.1605508365,-0.1151759663,-0.1258310853,-0.1301497713,-0.1593035672,-0.1462837909,-0.1963052478,0.0027640135,0.0028763014,0.0018300645,-0.0003363280
57850.3818516667,2.2094433006,2.2431937107,2.1914587698,2.2550743264,-0.1538631830,-0.1589041154,-0.1186984605,-0.1238598023,-0.1285365228,-0.1603178611,-0.1520889171,-0.1892574561,0.0014819894,0.0019748914,0.0027944989,0.0002671536
57850.3818983333,2.1922637583,2.2257239144,2.1983297465,2.2558000603,-0.1516913180,-0.1573131260,-0.1208144518,-0.1211754128,-0.1278071793,-0.1616189091,-0.1609465221,-0.1799838230,0.0006580352,0.0027314529,0.0016764871,0.0005353387
57850.3819450000,2.1781382234,2.2086898837,2.1923528382,2.2505295175,-0.1511757393,-0.1586351370,-0.1201739445,-0.1220145075,-0.1285562948,-0.1622240288,-0.1576268566,-0.1837893477,0.0024011468,0.0016794271,0.0014008594,0.0002971002
57850.3819916667,2.1859810750,2.2163067293,2.2096223393,2.2559353227,-0.1524138423,-0.1605357526,-0.1227778402,-0.1197176695,-0.1284582147,-0.1646307541,-0.1651376111,-0.1762753438,0.0035559305,0.0011935400,0.0005160341,-0.0000212561
57850.3838905556,0.2749255054,0.2282796091,0.2465401385,0.2433380800,0.0004209201,-0.0246180565,-0.0165674624,-0.0094503717,0.1059342498,-0.0766639788,-0.0097011682,-0.0181655958,-0.0008369864,-0.0003621737,0.0017831301,-0.0022843432
57850.3839372222,2.1994298513,2.2340076525,2.1643709677,2.2297315230,-0.1636183282,-0.1661250162,-0.1275632403,-0.1286166372,-0.1352522844,-0.1678222232,-0.1543183676,-0.2003242282,0.0016663134,0.0006025049,0.0033850133,-0.0007593057
57850.3839838889,2.1976964283,2.2306580435,2.1721645319,2.2376894163,-0.1635491523,-0.1635966632,-0.1295489768,-0.1302650380,-0.1348458113,-0.1683710457,-0.1564274366,-0.2004377929,0.0011171081,0.0013011284,0.0020701441,-0.0001557336
57850.3840305555,2.1858986623,2.2186765078,2.1746521681,2.2394548008,-0.1632958203,-0.1644245963,-0.1297331382,-0.1295569930,-0.1344270914,-0.1684989857,-0.1572069173,-0.1994888265,0.0020607796,0.0021607750,0.0034682742,-0.0009334608
57850.3841011111,2.1913518773,2.2224965910,2.1729679378,2.2360586678,-0.1636692223,-0.1652675241,-0.1297159129,-0.1288537853,-0.1353261851,-0.1667334701,-0.1588223473,-0.1971841015,0.0010865106,0.0012410918,0.0020177745,-0.0006235170
57850.3841477778,2.1574825225,2.1896674203,2.1528774870,2.2081505844,-0.1605942911,-0.1630262693,-0.1285104368,-0.1265181873,-0.1323023741,-0.1706874132,-0.1666938918,-0.1857380602,0.0028420875,0.0019564581,0.0006060293,-0.0001433653
57850.3841944444,2.1960044445,2.2303877009,2.1592623928,2.2181500292,-0.1643725957,-0.1656305443,-0.1287537315,-0.1287606650,-0.1348349518,-0.1699564096,-0.1601191446,-0.1948746131,0.0022793861,0.0001947729,0.0020220032,-0.0014363974
57850.3842411111,2.2011100857,2.2354691975,2.1886336602,2.2524295665,-0.1656478381,-0.1652369950,-0.1320347557,-0.1299326697,-0.1364207726,-0.1680548891,-0.1609433645,-0.1999317317,0.0027836814,0.0022876413,0.0028434369,0.0004220001
57850.3843116667,2.2033454611,2.2376840518,2.1864200682,2.2496312133,-0.1643819334,-0.1668272065,-0.1325476384,-0.1306591849,-0.1356377110,-0.1686544541,-0.1598889154,-0.1979170016,0.0027333079,0.0006703078,0.0028697700,-0.0001794105
57850.3843583333,2.1814465422,2.2130016580,2.1812200753,2.2423758411,-0.1643413721,-0.1629147938,-0.1316435853,-0.1306375378,-0.1339867965,-0.1683113023,-0.1636700674,-0.1936232091,0.0033904284,0.0022977044,0.0022337046,-0.0005548107
57850.3844050000,2.1700883596,2.2016716660,2.1911823255,2.2468726330,-0.1628574745,-0.1627582808,-0.1332297358,-0.1306137169,-0.1341810632,-0.1687159535,-0.1682684130,-0.1888470046,0.0014691102,0.0005366574,0.0017718940,0.0001320837
57850.3844516667,2.1730406338,2.2041282631,2.1757482946,2.2338309958,-0.1627850634,-0.1628890637,-0.1331669743,-0.1298137660,-0.1332864218,-0.1691334944,-0.1651529519,-0.1892049877,0.0024120415,0.0012102083,0.0023445512,0.0000412569
57850.3845222222,2.1756098524,2.2073204200,2.1937985064,2.2516037980,-0.1636691274,-0.1639993296,-0.1342277410,-0.1308532313,-0.1338110658,-0.1689548519,-0.1687855329,-0.1896407272,0.0020934771,0.0006869636,0.0020873659,-0.0005856246
57850.3845688889,2.1618925221,2.1916752161,2.1939535272,2.2462296959,-0.1618500026,-0.1622658270,-0.1332546638,-0.1307220419,-0.1322228533,-0.1666601602,-0.1706589164,-0.1847702705,0.0010943100,0.0011342750,0.0021411179,0.0002249641
57850.3846155556,2.1677891912,2.1966874355,2.2001551537,2.2511552703,-0.1636429239,-0.1618618611,-0.1346151472,-0.1325320079,-0.1329017333,-0.1690954669,-0.1723948032,-0.1826256176,-0.0003374114,0.0003655578,0.0016519109,-0.0003936793
57850.3846622222,2.1788051631,2.2120999468,2.1926660545,2.2485736991,-0.1642079264,-0.1638901277,-0.1342744878,-0.1310304019,-0.1323478818,-0.1692219527,-0.1670139109,-0.1894322452,0.0023202609,0.0018076223,0.0014137804,-0.0000740576
57850.3847327778,2.2009781993,2.2327740686,2.1951992185,2.2550746032,-0.1664244171,-0.1649954180,-0.1349936925,-0.1321181969,-0.1347319760,-0.1688644367,-0.1643375589,-0.1955100758,0.0017746221,0.0011169491,0.0017944825,-0.0000609382
57850.3847794444,2.1526932970,2.1811681391,2.1841980585,2.2374936696,-0.1628163046,-0.1608836367,-0.1354100427,-0.1302849388,-0.1312254040,-0.1676230604,-0.1705471875,-0.1826274807,0.0009930056,0.0015581608,0.0017349438,0.0003112709
57850.3848261111,2.1035104346,2.1429816614,2.1584868446,2.2034873999,-0.1597924321,-0.1588009917,-0.1331150394,-0.1286921445,-0.1305847331,-0.1557546865,-0.1782476010,-0.1696404549,0.0012468406,-0.0033415555,0.0027113927,0.0020016507
57850.3848727778,2.1209746761,2.1505938197,2.1651006318,2.2131169071,-0.1598904949,-0.1575615424,-0.1325943637,-0.1304902692,-0.1308555218,-0.1658885661,-0.1759289429,-0.1741316046,0.0022269817,0.0008851556,0.0030920353,0.0011100845
57850.3849433333,2.1503321728,2.1807985252,2.1889101086,2.2379281380,-0.1627778311,-0.1605277919,-0.1365747824,-0.1311002635,-0.1326012667,-0.1681090908,-0.1754394966,-0.1789944426,0.0026125290,0.0014112603,0.0015160517,0.0007031791
57850.3849900000,2.1651924560,2.1981376552,2.1948853431,2.2478337106,-0.1636471633,-0.1614692492,-0.1350672137,-0.1310794445,-0.1324853772,-0.1697118784,-0.1734001751,-0.1815980388,0.0011341660,0.0014277699,0.0017973617,0.0000095546
57850.3850366667,2.1617172890,2.1929395799,2.1960487745,2.2484936638,-0.1628181340,-0.1621964750,-0.1358780575,-0.1316651316,-0.1304206750,-0.1686872131,-0.1702169590,-0.1858220026,0.0020231859,0.0006825491,0.0024708063,0.0001596777
57850.3850833333,2.1583190604,2.1896106499,2.2030522112,2.2501259873,-0.1634264287,-0.1611397968,-0.1359150925,-0.1319461670,-0.1325543168,-0.1706669143,-0.1766691462,-0.1786368048,0.0007979662,-0.0001489528,0.0017679421,0.0009054012
57850.3851538889,2.1297682973,2.1715098953,2.2003437779,2.2438446951,-0.1613845394,-0.1594730915,-0.1357626794,-0.1331367260,-0.1290746598,-0.1559970744,-0.1806178160,-0.1742689133,0.0017560011,-0.0036040348,0.0033386737,0.0007213413
57850.3852005556,2.0963174490,2.1718196512,2.1948780511,2.2374176224,-0.1585191892,-0.1567576225,-0.1372960849,-0.1328744178,-0.1279385311,-0.1581043308,-0.1827490543,-0.1724932024,0.0001722190,-0.0031239788,0.0024195582,0.0011551940
57850.3852472222,2.1455458287,2.1687087864,2.1933579365,2.2403965877,-0.1622648423,-0.1578873719,-0.1351451311,-0.1321436280,-0.1319739576,-0.1709936918,-0.1795003400,-0.1746516952,0.0023664728,-0.0044018873,0.0024941522,0.0007948435
57850.3852938889,2.1428881307,2.1766709271,2.1994983999,2.2457663098,-0.1621727031,-0.1580194931,-0.1357693552,-0.1328935590,-0.1333616544,-0.1593651427,-0.1786774646,-0.1775547353,0.0011493882,-0.0025093250,0.0030692483,0.0009167026
57850.3853644444,2.1080237788,2.1671850943,2.1839027598,2.2201179142,-0.1605599207,-0.1587572057,-0.1350582065,-0.1323395998,-0.1298973831,-0.1406954980,-0.1865648881,-0.1641839513,-0.0000218455,-0.0031744856,0.0017452864,0.0025552805
57850.3854111111,2.1211939345,2.1756568989,2.1896800848,2.2305663956,-0.1601208634,-0.1594343102,-0.1351820488,-0.1316860071,-0.1301064880,-0.1445193175,-0.1837268651,-0.1689551379,0.0015979323,-0.0032814032,0.0023524384,0.0009379199
57850.3854577778,2.1223005696,2.1666972359,2.1897151430,2.2306811941,-0.1601922069,-0.1586465799,-0.1366705780,-0.1326382334,-0.1318624705,-0.1559517233,-0.1820897150,-0.1704106244,0.0011182619,-0.0024758540,0.0033135673,0.0010271664
57850.3855044444,2.1174807631,2.1656826410,2.1881011432,2.2226668143,-0.1599501874,-0.1608767572,-0.1352313326,-0.1341485889,-0.1304323532,-0.1337427870,-0.1870685027,-0.1646423522,-0.0000691679,-0.0019100780,0.0017814700,0.0022120883
57850.3855750000,2.1321212805,2.1634323869,2.1687279473,2.1978118540,-0.1628994872,-0.1631733199,-0.1334496523,-0.1324116418,-0.1320900272,-0.1154921546,-0.1931274773,-0.1536140834,0.0006617937,0.0012515767,0.0024198408,0.0019637921
57850.3856216667,2.1329276363,2.1832703020,2.1933667726,2.2261957374,-0.1614384103,-0.1630859459,-0.1340765718,-0.1345297162,-0.1319900467,-0.1305392571,-0.1933694271,-0.1601077023,0.0006695196,-0.0023699129,0.0021685661,0.0017748929
57850.3856683333,2.1228434898,2.1803049217,2.1846508703,2.2188417631,-0.1615622853,-0.1622749907,-0.1346838984,-0.1325904106,-0.1299618687,-0.1387118037,-0.1884948169,-0.1632458136,0.0015725738,-0.0024528629,0.0024134490,0.0010881591
57850.3857150000,2.1385481578,2.1870947873,2.1957611535,2.2373386467,-0.1630907197,-0.1596823389,-0.1371887814,-0.1339691213,-0.1306313451,-0.1519862038,-0.1835331395,-0.1714856247,0.0008147349,-0.0033979439,0.0014429731,0.0005355038
57850.3857855556,2.1442006878,2.1874655944,2.2035293482,2.2450780729,-0.1625092684,-0.1585788786,-0.1379709845,-0.1341551484,-0.1306982236,-0.1594898732,-0.1840861926,-0.1744331677,0.0020530579,-0.0039454340,0.0015562346,0.0016623883
57850.3858322222,2.1465296679,2.1755009695,2.1891953079,2.2332663812,-0.1640082724,-0.1591751579,-0.1353723890,-0.1329672916,-0.1320599564,-0.1679098039,-0.1795744021,-0.1762119769,0.0014097458,0.0016533811,0.0015859990,-0.0006265311
57850.3858788889,2.1489562003,2.1804873885,2.1826970953,2.2257442781,-0.1639664305,-0.1591778758,-0.1360178043,-0.1328957633,-0.1326189386,-0.1670486762,-0.1800492743,-0.1751671774,0.0024018852,0.0006996391,0.0024487247,0.0009087772
57850.3859255556,2.1709076826,2.2021156714,2.1875071937,2.2410428073,-0.1659880912,-0.1610410594,-0.1367476544,-0.1336518053,-0.1339191876,-0.1670830432,-0.1699708681,-0.1901616591,0.0016136597,0.0010052880,0.0020614920,0.0002402521
57850.3859961111,2.1542788242,2.1860634439,2.1986254223,2.2461216332,-0.1647124679,-0.1594167253,-0.1383625846,-0.1360931678,-0.1316116190,-0.1668522955,-0.1788722597,-0.1812233569,0.0008395873,0.0007963831,0.0021908192,0.0016986488
57850.3860427778,2.1624548926,2.1925420450,2.2058049493,2.2552707212,-0.1663636347,-0.1599709247,-0.1400336931,-0.1349128786,-0.1333408655,-0.1675209377,-0.1792153257,-0.1822284991,0.0028435432,0.0001873007,0.0022906541,0.0002381636
57850.3860894444,2.1705589976,2.2023782572,2.1962294493,2.2490432532,-0.1659421333,-0.1612701069,-0.1390248875,-0.1350816278,-0.1332505703,-0.1669527415,-0.1713137684,-0.1893556749,0.0012082685,0.0002291110,0.0018651620,0.0013188509
57850.3861361111,2.1762977511,2.2084760155,2.2032559699,2.2541640409,-0.1665202948,-0.1622501996,-0.1397661303,-0.1367351607,-0.1337357849,-0.1699463642,-0.1757603890,-0.1857707223,0.0024652614,0.0005143429,0.0032604971,0.0000976787
57850.3862066667,2.1490660664,2.1808755207,2.1982097378,2.2468421842,-0.1663120790,-0.1585137428,-0.1407495527,-0.1376041670,-0.1303683706,-0.1666116528,-0.1764236428,-0.1804320324,0.0014422740,-0.0045776646,0.0024314618,0.0010102981
57850.3862533333,2.1449879805,2.1745083658,2.2004237334,2.2428989889,-0.1644037468,-0.1597018959,-0.1391310974,-0.1381339809,-0.1291522345,-0.1665854582,-0.1828871891,-0.1765095703,0.0013031301,0.0011114327,0.0017641137,0.0013178133
57850.3863000000,2.1465966617,2.1756194093,2.1923354970,2.2418388145,-0.1657266099,-0.1586399193,-0.1405980683,-0.1375240120,-0.1308794144,-0.1656945486,-0.1764476324,-0.1808543973,0.0021701649,0.0014022149,0.0016426740,0.0006409073
57850.3863466667,2.1392897519,2.1825488607,2.2008556861,2.2439309807,-0.1646303747,-0.1619385174,-0.1399075215,-0.1376200183,-0.1295627492,-0.1497938370,-0.1837677576,-0.1740813571,0.0011678430,-0.0032417253,0.0028328675,0.0011085413
57850.3864172222,2.1344516065,2.1777653329,2.1996968798,2.2425394450,-0.1641548611,-0.1600748330,-0.1400284737,-0.1386204277,-0.1296611306,-0.1511162496,-0.1837467610,-0.1745450344,0.0021446340,-0.0032634271,0.0020709186,0.0014565581
57850.3864638889,2.1205243125,2.1845069128,2.2033080141,2.2415531109,-0.1636223958,-0.1651114168,-0.1389335032,-0.1391073006,-0.1277004256,-0.1352265131,-0.1872805473,-0.1688473427,0.0007159655,-0.0021620080,0.0027718175,0.0015465637
57850.3865105556,2.1356675169,2.1796092062,2.1889578662,2.2210013865,-0.1657250715,-0.1671660907,-0.1373929502,-0.1400534330,-0.1301915747,-0.1231195768,-0.1950730294,-0.1603028512,0.0016887206,-0.0018794606,0.0021202145,0.0012238261
57850.3865572222,2.1453051749,2.1841331243,2.1932714153,2.2250281859,-0.1658547719,-0.1672933418,-0.1379761674,-0.1422324034,-0.1287355480,-0.1185962220,-0.1958318766,-0.1593264743,0.0007929345,-0.0006032897,0.0015375074,0.0024226309
57850.3866277778,2.1071791610,2.1727976930,2.1939133819,2.2294704604,-0.1620208715,-0.1645534847,-0.1400529525,-0.1409159064,-0.1264761263,-0.1280058156,-0.1880839946,-0.1659206718,0.0007435551,-0.0030122070,0.0015864962,0.0013191511
57850.3866744444,2.1345218156,2.1817830987,2.2010917129,2.2378368387,-0.1643627159,-0.1614780853,-0.1408410889,-0.1401469574,-0.1278190978,-0.1477606228,-0.1872628756,-0.1675076660,0.0014053179,-0.0033035799,0.0019235267,0.0018350526
57850.3867211111,2.1340627199,2.1814322634,2.2036704441,2.2459616043,-0.1639181967,-0.1608744964,-0.1396694892,-0.1404504408,-0.1288521742,-0.1472378538,-0.1839972176,-0.1733227047,0.0019659360,-0.0034947504,0.0020811020,0.0010924654
57850.3867677778,2.1375875988,2.1682469568,2.1990107214,2.2417548510,-0.1646600993,-0.1575449035,-0.1411843172,-0.1411535490,-0.1281199083,-0.1644081079,-0.1808365689,-0.1737913637,0.0010341249,0.0010313424,0.0022157247,0.0002616234
57850.3868383333,2.1544839441,2.1846283380,2.2028994436,2.2480096159,-0.1648405792,-0.1558319087,-0.1424961299,-0.1390666438,-0.1291127787,-0.1645345847,-0.1767052474,-0.1783339499,0.0018544621,-0.0060438092,0.0017727113,-0.0000448014
57850.3868850000,2.1605401335,2.1896727473,2.1945722308,2.2448450537,-0.1658892024,-0.1582758244,-0.1420856451,-0.1384282211,-0.1288829214,-0.1663581496,-0.1720823371,-0.1831568255,0.0015209291,0.0015336012,0.0023305370,0.0006901250
57850.3869316667,2.1493133488,2.1808077446,2.1880282155,2.2306984362,-0.1646105025,-0.1568584639,-0.1389893228,-0.1396599028,-0.1278898441,-0.1614667698,-0.1796731969,-0.1713997770,0.0012476339,-0.0040690846,0.0024671654,0.0019009038
57850.3869783333,2.1614159356,2.1914762097,2.2003122879,2.2487782121,-0.1648324074,-0.1577424026,-0.1418469324,-0.1405450504,-0.1275842696,-0.1653001894,-0.1764741356,-0.1806515507,0.0037110945,0.0013349434,0.0018563153,0.0014450432
57850.3870488889,2.1360554282,2.1687811206,2.1903496238,2.2332661999,-0.1612083939,-0.1546161944,-0.1393893658,-0.1395997205,-0.1276386118,-0.1599057822,-0.1788109072,-0.1739590402,0.0015768604,-0.0045110674,0.0019326036,0.0003205627
57850.3870955556,2.1436181991,2.1785947892,2.2059871822,2.2495880453,-0.1628747245,-0.1567319844,-0.1401380075,-0.1407877456,-0.1281915811,-0.1577196439,-0.1814296332,-0.1736775870,0.0018715665,-0.0037149368,0.0024832566,0.0007709749
57850.3871422222,2.1286226782,2.1818598082,2.2062651361,2.2461867715,-0.1620746862,-0.1620909742,-0.1397283634,-0.1423648594,-0.1254151245,-0.1396712556,-0.1844823865,-0.1707470033,0.0021100510,-0.0024817057,0.0027272989,0.0016172223
57850.3871888889,2.1279237718,2.1827074934,2.2026137676,2.2390785442,-0.1637297009,-0.1612187913,-0.1389525655,-0.1422957661,-0.1258375781,-0.1364750282,-0.1878456247,-0.1653219276,0.0008551698,-0.0030406013,0.0014958608,0.0025557550
57850.3872594444,2.1348316258,2.1832439864,2.2027652517,2.2434045405,-0.1622259386,-0.1584733188,-0.1395435540,-0.1411614292,-0.1264081455,-0.1457818125,-0.1833280960,-0.1719981322,0.0023544355,-0.0040416964,0.0031020942,0.0011503298
57850.3873061111,2.1383244763,2.1872326699,2.2044592455,2.2410636392,-0.1613521840,-0.1647505172,-0.1370360354,-0.1422585394,-0.1261604567,-0.1237305073,-0.1900807311,-0.1639492759,0.0012268262,-0.0021728934,0.0023094942,0.0010400672
57850.3873527778,2.1329285766,2.1758833213,2.1931670934,2.2256119106,-0.1607436184,-0.1661650032,-0.1363461291,-0.1438204136,-0.1255133691,-0.1191964803,-0.1916744737,-0.1574365118,0.0004264564,-0.0024104831,0.0018022096,0.0014055249
57850.3873994445,2.1369492035,2.1815207116,2.1885043050,2.2209219775,-0.1616520291,-0.1645954039,-0.1359635413,-0.1425358955,-0.1257045831,-0.1215380903,-0.1874897675,-0.1598007709,-0.0011161225,-0.0028166597,0.0011821808,0.0026557253
57850.3874700000,2.1177344855,2.1755841578,2.2047266990,2.2393925876,-0.1598503877,-0.1606780881,-0.1366975984,-0.1430248560,-0.1242064846,-0.1332964479,-0.1888785206,-0.1638660748,-0.0022713586,-0.0028198029,0.0016013107,0.0013085875
57850.3875166667,2.1285919041,2.1815410645,2.2023858388,2.2368112925,-0.1603232225,-0.1634699573,-0.1366975216,-0.1434009587,-0.1253065518,-0.1277496876,-0.1861792767,-0.1630855890,-0.0005750281,-0.0031619172,0.0016369563,0.0009801787
57850.3875633333,2.2589149458,2.2884471636,2.1965703519,2.2458747241,-0.1711036389,-0.1697289779,-0.1392812321,-0.1360103371,-0.1313559973,-0.1424255437,-0.1781791248,-0.1874027552,0.0021946772,0.0008471966,0.0014906814,0.0011283172
57850.3876100000,2.1257649436,2.1773696519,2.1951146827,2.2273363820,-0.1609040394,-0.1621072399,-0.1354031438,-0.1435228419,-0.1223043430,-0.1262096954,-0.1883527987,-0.1593480915,0.0004150407,-0.0023476958,0.0028328896,0.0026011982
57850.3876805556,2.1455291472,2.1790324461,2.1965394556,2.2284208437,-0.1622609025,-0.1698743937,-0.1346710418,-0.1435796992,-0.1237236994,-0.1073857309,-0.1886645773,-0.1569753259,0.0000481746,0.0026926367,0.0017532904,0.0014304549
57850.3877272222,2.1565058397,2.1922351109,2.1990527810,2.2279773722,-0.1616986070,-0.1691995313,-0.1345456663,-0.1459001576,-0.1240012744,-0.1114973340,-0.1952876184,-0.1534810921,0.0007570833,0.0024938936,0.0017546041,0.0033288619
57850.3877738889,2.1678103653,2.2014855165,2.1916120224,2.2161094286,-0.1624503942,-0.1715577209,-0.1318556770,-0.1468435875,-0.1246659989,-0.1099742766,-0.1965287187,-0.1483547389,0.0015806529,0.0022214118,0.0013354006,0.0020736262
57850.3878205556,2.1507794351,2.1852220916,2.1908151932,2.2165211558,-0.1615423442,-0.1686595453,-0.1327797517,-0.1441022018,-0.1230388408,-0.1088243680,-0.1926580044,-0.1504452032,-0.0000850063,0.0028188223,0.0030962595,0.0022182620
57850.3878911111,2.1512380058,2.1861356594,2.1950746268,2.2232166017,-0.1612077166,-0.1703000337,-0.1337097250,-0.1454370488,-0.1235507377,-0.1092063863,-0.1934167657,-0.1519337000,0.0013584082,0.0028474153,0.0006441684,0.0022067216
57850.3879377778,2.1424608430,2.1801506805,2.1866863008,2.2155816630,-0.1612689902,-0.1672608608,-0.1325038669,-0.1441556623,-0.1233043684,-0.1109915784,-0.1884081889,-0.1533367867,0.0001012101,-0.0007633953,0.0013176170,0.0014565302
57850.3879844444,2.1562127417,2.1821321922,2.1947897202,2.2206376078,-0.1614424318,-0.1709293936,-0.1334019643,-0.1464954625,-0.1246753902,-0.0981299281,-0.1933897451,-0.1490452431,0.0007807579,-0.0000237766,0.0014310208,0.0031252162
57850.3880311111,2.1651933643,2.1981491351,2.1837620148,2.2056335608,-0.1614786883,-0.1707200525,-0.1294502937,-0.1468580993,-0.1227202524,-0.1092573984,-0.1951185737,-0.1445737652,0.0001723850,0.0013193454,0.0006321391,0.0025371016
57850.3881016667,2.1663954812,2.2029050563,2.1895790225,2.2146111233,-0.1599268259,-0.1708628751,-0.1311692435,-0.1454833570,-0.1233797297,-0.1068267022,-0.1917752888,-0.1476870856,-0.0007039492,0.0023565002,0.0031813908,0.0031887312
57850.3881483333,2.1483415367,2.1829895630,2.2010274885,2.2310447882,-0.1596623998,-0.1690442099,-0.1335472104,-0.1456000701,-0.1217162679,-0.1043494576,-0.1893283783,-0.1537414568,0.0003404346,0.0018463040,0.0023404259,0.0020545757
57850.3881950000,2.1350339154,2.1802210677,2.2007057552,2.2346509597,-0.1592287533,-0.1633979058,-0.1347896137,-0.1445791569,-0.1194985507,-0.1170482019,-0.1846501039,-0.1580528958,0.0013704641,-0.0036382455,0.0028047224,0.0023124420
57850.3882416667,2.1187617603,2.1836881460,2.2014050486,2.2425778261,-0.1578073643,-0.1576099707,-0.1373960987,-0.1426062520,-0.1204504900,-0.1346226885,-0.1757476707,-0.1668447415,0.0009590442,-0.0018676898,0.0009869706,0.0002337626
57850.3883122222,2.1435652792,2.1847799095,2.2001901079,2.2405788092,-0.1581357480,-0.1512046346,-0.1358736723,-0.1417616411,-0.1219409831,-0.1457138397,-0.1775826771,-0.1643412255,0.0022340770,-0.0042834081,0.0015269124,0.0019227379
57850.3883588889,2.1273655293,2.1786735290,2.1909336510,2.2312541733,-0.1587505742,-0.1556972566,-0.1376142370,-0.1426302758,-0.1196931265,-0.1353923823,-0.1776149763,-0.1628659620,0.0022887739,-0.0019548361,0.0014920677,0.0014434187
57850.3884055556,2.1308556061,2.1771302540,2.1914937241,2.2323467064,-0.1574402452,-0.1525417930,-0.1371881157,-0.1417831058,-0.1201997607,-0.1406389080,-0.1752258595,-0.1650435326,0.0024294599,-0.0040491747,0.0004850802,-0.0001254287
57850.3884522222,2.1341913233,2.1787749832,2.1983827650,2.2389469048,-0.1583784386,-0.1516911554,-0.1372096015,-0.1427367564,-0.1202701652,-0.1426391054,-0.1769161245,-0.1642886144,0.0030676635,-0.0042787858,0.0022044756,0.0019852294
57850.3885227778,2.1243868702,2.1807614748,2.1955729297,2.2337085183,-0.1566746193,-0.1554321010,-0.1347033162,-0.1418265921,-0.1177673294,-0.1298779002,-0.1773343535,-0.1614582055,0.0018419086,-0.0020549429,0.0024022450,0.0024053890
57850.3885694445,2.1344053459,2.1861236959,2.2015382734,2.2421607603,-0.1590132563,-0.1561429145,-0.1370353020,-0.1433102586,-0.1184045608,-0.1340306266,-0.1767204978,-0.1626050110,0.0016569333,-0.0029924285,0.0025163177,0.0019898676
57850.3886161111,2.1406624844,2.1828727602,2.2069253577,2.2476946080,-0.1577291078,-0.1508751839,-0.1366837746,-0.1424178553,-0.1191389323,-0.1440989042,-0.1744104344,-0.1648679205,0.0023269740,-0.0041532610,0.0022902690,0.0019744212
57850.3886627778,2.1334477815,2.1858457945,2.2049691386,2.2441362021,-0.1570772968,-0.1564471328,-0.1379647401,-0.1426685025,-0.1180840397,-0.1333399716,-0.1752263429,-0.1641152998,0.0022096344,-0.0031735070,0.0032745899,0.0004728167
57850.3887333333,2.1444715067,2.1855867770,2.2062097996,2.2425048436,-0.1578779353,-0.1507397331,-0.1357190329,-0.1425860616,-0.1186671926,-0.1432468286,-0.1768734246,-0.1613971467,0.0021813748,-0.0021639262,0.0012477561,0.0023567534
57850.3887800000,2.1305459142,2.1881647638,2.2051791161,2.2444948383,-0.1565177857,-0.1580709194,-0.1351594781,-0.1432649955,-0.1170747887,-0.1246493660,-0.1763336596,-0.1625025906,-0.0006620612,-0.0025837972,0.0038653550,0.0018579777
57850.3888266667,2.1341448273,2.1843271479,2.2022510513,2.2387159432,-0.1564631616,-0.1605546353,-0.1329188127,-0.1437427347,-0.1166393133,-0.1167161577,-0.1790972800,-0.1554969822,-0.0001044118,-0.0020968871,0.0016081393,0.0016618755
57850.3888733333,2.1364915999,2.1831034392,2.2012339970,2.2354766537,-0.1572490656,-0.1616080020,-0.1318095191,-0.1455854803,-0.1181043368,-0.1149248076,-0.1818670636,-0.1550089822,0.0005008520,-0.0017563551,0.0011796783,0.0022648948
57850.3889438889,2.1195914959,2.1851975428,2.2090309394,2.2468162082,-0.1552314792,-0.1604743218,-0.1343999244,-0.1440391839,-0.1172619076,-0.1184745818,-0.1773060925,-0.1595868194,0.0018716074,-0.0026617287,0.0022951856,0.0020660964
57850.3889905556,2.1231295484,2.1836468940,2.2029271623,2.2392787732,-0.1559249889,-0.1572635482,-0.1347740242,-0.1427995724,-0.1167706506,-0.1237603823,-0.1769277069,-0.1581490063,0.0020496565,-0.0021198135,0.0021503547,0.0019781278
57850.3890372222,2.1505903480,2.1852941356,2.1907156826,2.2192172192,-0.1562971889,-0.1681628356,-0.1287690481,-0.1463547641,-0.1174632010,-0.1038548952,-0.1827965691,-0.1487046372,0.0003414319,0.0020136449,0.0027649841,0.0022717029
57850.3890838889,2.1735968026,2.2077782673,2.1998390406,2.2250365313,-0.1593995914,-0.1703918861,-0.1279677103,-0.1496670953,-0.1186557100,-0.1060434694,-0.1870157438,-0.1470027380,0.0010273611,0.0025138512,0.0014784899,0.0020243376
57850.3891544444,2.1861516987,2.2229534378,2.1811331655,2.1971078894,-0.1593362839,-0.1698858779,-0.1241414375,-0.1500230114,-0.1180930582,-0.1074069107,-0.1925340772,-0.1357369577,0.0016062234,0.0028608813,0.0005919793,0.0041825690
57850.3892011111,2.1924433985,2.2272119931,2.1826162024,2.2017397605,-0.1596424033,-0.1701888094,-0.1223059635,-0.1519238660,-0.1192523281,-0.1060271665,-0.1937198869,-0.1351771717,0.0001883315,0.0016336125,0.0016288672,0.0027945190
57850.3892477778,2.1746277351,2.2121783707,2.1865088320,2.2099391532,-0.1578934545,-0.1702492041,-0.1255700804,-0.1501005177,-0.1190653184,-0.1070895205,-0.1903519957,-0.1388438429,0.0000383638,0.0020844791,0.0017345954,0.0041431918
57850.3892944444,2.1617864856,2.1992823082,2.1748355349,2.1959035843,-0.1574044698,-0.1681671474,-0.1237852361,-0.1499402795,-0.1174686366,-0.1051532013,-0.1906169132,-0.1377106788,0.0002156331,0.0026281402,0.0007397097,0.0046657379
57850.3893650000,2.1530108553,2.1888702634,2.1909297750,2.2196250155,-0.1561091370,-0.1675407713,-0.1271310961,-0.1480412760,-0.1176785148,-0.1051884732,-0.1837531320,-0.1478544802,0.0001626387,0.0016397395,0.0013854731,0.0029270274
57850.3894116667,2.1620256416,2.1975715191,2.1926406449,2.2195167901,-0.1571866089,-0.1672613102,-0.1264673444,-0.1487854626,-0.1174720971,-0.1052038645,-0.1849811087,-0.1440258172,0.0013757945,0.0024356473,0.0020884621,0.0031535646
57850.3894583333,2.1670672541,2.2017615564,2.1930829291,2.2195307523,-0.1576709230,-0.1678114705,-0.1268703669,-0.1502804137,-0.1169609026,-0.1063338881,-0.1864265348,-0.1436850418,0.0003480558,0.0025856727,0.0014225994,0.0013320650
57850.3895050000,2.1599916346,2.1951087669,2.1820294237,2.2090526472,-0.1561080001,-0.1666209312,-0.1263297979,-0.1476456929,-0.1170485497,-0.1053255795,-0.1826469953,-0.1441984613,0.0017243065,0.0043356317,0.0022484683,0.0031319923
57850.3895755556,2.1549966724,2.1890971017,2.1761307947,2.2039492761,-0.1553848636,-0.1670754149,-0.1261036419,-0.1478529906,-0.1170668839,-0.1049257139,-0.1831515009,-0.1443553082,0.0004420186,0.0016592869,0.0016589851,0.0030894797
57850.3896222222,2.1525557409,2.1882017654,2.1956001309,2.2227917469,-0.1545837002,-0.1680364322,-0.1257353999,-0.1468583780,-0.1170015801,-0.1016127667,-0.1827167068,-0.1458367485,0.0000218488,0.0026468408,0.0014410992,0.0029516933
57850.3896688889,2.1616121789,2.1956153660,2.1957323950,2.2232937363,-0.1560185752,-0.1694358342,-0.1274536172,-0.1472218441,-0.1173805513,-0.1033894036,-0.1837416678,-0.1447905145,0.0006833608,0.0035935676,0.0026050332,0.0027800994
57850.3897155556,2.1552113070,2.1906848648,2.1960309481,2.2223501270,-0.1550097002,-0.1675355929,-0.1250277100,-0.1495310695,-0.1172030777,-0.1014810326,-0.1843831839,-0.1446912535,0.0003884840,0.0019480478,0.0003931671,0.0027948869
57850.3897861111,2.1461389619,2.1698877116,2.1923688004,2.2200039016,-0.1536523152,-0.1714837329,-0.1272922192,-0.1485262223,-0.1170640570,-0.0903973395,-0.1822231513,-0.1466046557,0.0010221765,-0.0001050337,0.0009415492,0.0025747126
57850.3898327778,2.1104015918,2.1753923428,2.1867763520,2.2197659656,-0.1507510279,-0.1577923572,-0.1291269140,-0.1429978044,-0.1158413717,-0.1160466002,-0.1768295399,-0.1540464707,0.0024408963,-0.0030013255,0.0021923949,0.0024304471
57850.3898794445,2.1354659994,2.1785751583,2.1941927247,2.2259366666,-0.1524282343,-0.1584713934,-0.1279395862,-0.1455214604,-0.1161642778,-0.1136069018,-0.1787957601,-0.1510002123,0.0017078445,-0.0027654160,0.0003701503,-0.0000882851
57850.3899261111,2.1508440473,2.1797632391,2.1981580988,2.2280402591,-0.1543850205,-0.1692381740,-0.1273256474,-0.1462828480,-0.1170407454,-0.0976451668,-0.1798702865,-0.1498989768,0.0019029249,-0.0000836976,0.0015319445,0.0040168609
57850.3899966667,2.1429641609,2.1768858427,2.1943111396,2.2211219812,-0.1535484493,-0.1669018581,-0.1254713296,-0.1475084276,-0.1153741929,-0.1039111865,-0.1819587717,-0.1477976373,0.0005378046,0.0013932711,0.0018305831,0.0031831385
57850.3900433333,2.1514197421,2.1845794358,2.1906506693,2.2174367086,-0.1528233693,-0.1660471478,-0.1229403319,-0.1492699090,-0.1161854128,-0.1022900590,-0.1849812521,-0.1424698903,0.0006374921,0.0023826695,0.0005289300,0.0032619441
57850.3900900000,2.1642061717,2.1997351455,2.1874936713,2.2120844778,-0.1551984511,-0.1661925322,-0.1193128641,-0.1496457271,-0.1163828921,-0.1041672101,-0.1876664929,-0.1430741580,0.0012965130,0.0019129817,0.0010198929,0.0033979194
57850.3901366667,2.1730883679,2.2079519810,2.1919090397,2.2152893139,-0.1541820380,-0.1675065886,-0.1196068992,-0.1515391597,-0.1183652674,-0.1057260232,-0.1872035044,-0.1400869523,0.0002255447,0.0037113281,0.0006240288,0.0038445444
57850.3902072222,2.1942498512,2.2302786942,2.1746544882,2.1911178731,-0.1534018666,-0.1685435054,-0.1149762146,-0.1523603411,-0.1191729373,-0.1068597836,-0.1918718944,-0.1334598410,0.0002844156,0.0018869047,0.0005205990,0.0038949672
57850.3902538889,2.1894572147,2.2252927052,2.1756603728,2.1973233135,-0.1544111066,-0.1657508543,-0.1165271857,-0.1504619775,-0.1182542073,-0.1087372030,-0.1880870440,-0.1355558417,0.0006913167,0.0010781209,0.0025335481,0.0033697673
57850.3903005556,2.1615685139,2.2020089811,2.1505785263,2.1665095241,-0.1511815520,-0.1662866367,-0.1117760571,-0.1505062783,-0.1179751559,-0.1057524983,-0.1884510051,-0.1305651197,0.0009879584,0.0022783727,0.0011176849,0.0038632431
57850.3903472222,2.1663357102,2.2033215875,2.1311719105,2.1475988507,-0.1527167711,-0.1634040957,-0.1112240931,-0.1502349602,-0.1181203285,-0.1089511656,-0.1886045933,-0.1309434055,0.0008944323,0.0020548305,0.0008234589,0.0034964097
