mjd,I0,I1,I2,I3,Q0,Q1,Q2,Q3,U0,U1,U2,U3,V0,V1,V2,V3
57850.2981266667,0.2571727257,0.2884591904,0.2680053013,0.3272823198,-0.0112924933,-0.0170846211,-0.0131284776,0.0008169251,-0.0358238767,0.0178927438,-0.0318445571,-0.0678975959,-0.0064634092,-0.0020293675,-0.0004924674,-0.0005731922
57850.2981733333,1.9849149390,2.0315222826,2.0312869693,2.0665925687,-0.1329427041,-0.1377083412,-0.1145396545,-0.1163193029,-0.0709733999,-0.0644879263,-0.1033654571,-0.1052246977,0.0008615931,-0.0040531929,0.0000264328,-0.0013056100
57850.2982200000,1.8958166040,1.9508463392,1.9583286889,1.9872199526,-0.1278027621,-0.1320621947,-0.1114135554,-0.1087520845,-0.0667962869,-0.0727978042,-0.0936912044,-0.1091796537,0.0028402865,-0.0032970309,0.0024474295,-0.0003394186
57850.2982666667,1.9409374157,1.9979693061,2.0292059436,2.0665509340,-0.1304673495,-0.1331229420,-0.1150413663,-0.1164623379,-0.0690318508,-0.0793326362,-0.1029257165,-0.1066913544,0.0002176666,-0.0063794176,0.0013516182,-0.0021755535
57850.2983372222,2.0408788822,2.0494196695,2.0363688573,2.0867319488,-0.1362856057,-0.1436277776,-0.1125960334,-0.1204594576,-0.0725779828,-0.0335640239,-0.1173542978,-0.0911723541,0.0016559111,-0.0024117650,0.0000271896,-0.0023480314
57850.2983838889,2.0066717426,2.0891541398,2.0972412990,2.1396616101,-0.1336353767,-0.1453018705,-0.1172815204,-0.1194924620,-0.0723923261,-0.0455001883,-0.1111693602,-0.1058600437,-0.0029213487,-0.0045102825,-0.0013534044,-0.0033240725
57850.2984305556,2.0459357487,2.1124569218,2.1524726683,2.2011554535,-0.1365320052,-0.1388726486,-0.1194983437,-0.1224241496,-0.0743102161,-0.0942229873,-0.1107006733,-0.1126822298,-0.0010470901,-0.0082458449,-0.0020504707,-0.0039405100
57850.2984772222,2.0774613039,2.1080996039,2.1600507297,2.2082050908,-0.1381344883,-0.1437185295,-0.1195697417,-0.1235229980,-0.0747337482,-0.0527218919,-0.1182628260,-0.1043202088,0.0002199716,0.0018945205,-0.0007226527,-0.0017545857
57850.2985477778,2.1083026937,2.1135993086,2.1637178579,2.2116466330,-0.1395839892,-0.1496284393,-0.1174606199,-0.1234336827,-0.0767959076,-0.0293963885,-0.1226721707,-0.1010118147,0.0008499857,-0.0029181479,-0.0011311303,-0.0014297291
57850.2985944445,2.0298662482,2.0822008810,2.0590291583,2.0986581918,-0.1347862514,-0.1392432339,-0.1139632097,-0.1157106852,-0.0730201075,-0.0705471883,-0.1069375001,-0.1070316018,-0.0030518427,-0.0063948432,-0.0047587312,-0.0062583232
57850.2986411111,2.1106241287,2.1223182791,2.1640249380,2.1924440142,-0.1391302469,-0.1304871561,-0.1224343477,-0.1156417223,-0.0768306554,-0.1269095956,-0.0911710533,-0.1373600632,-0.0059715103,-0.0105972755,-0.0022674975,-0.0048919437
57850.2986877778,1.9195855350,1.9426814860,1.9423141334,1.9641023039,-0.1261542305,-0.1204849464,-0.1107591003,-0.1027322137,-0.0716864890,-0.1004796998,-0.0793737879,-0.1262793958,-0.0042010017,-0.0061995001,-0.0017513576,-0.0037235596
57850.2987583333,2.0711873669,2.0951084743,1.9115528685,1.9266698937,-0.1366594122,-0.1319479054,-0.1128959608,-0.0948906559,-0.0766392434,-0.0955164559,-0.0545598398,-0.1480336135,-0.0053921280,-0.0064624277,-0.0006258903,-0.0051965038
57850.2988050000,2.1539856903,2.1843786505,2.1269424179,2.1514990554,-0.1404094965,-0.1366997110,-0.1232127068,-0.1092105204,-0.0803774706,-0.1056416599,-0.0770701429,-0.1484306344,-0.0054448554,-0.0064639155,-0.0006500870,-0.0044510435
57850.2988516667,2.1076996835,2.1288135465,2.0555643260,2.0821705768,-0.1382229259,-0.1318298360,-0.1178284047,-0.1055926442,-0.0790287243,-0.1072652293,-0.0744678341,-0.1442081555,-0.0055192907,-0.0065624152,-0.0026855389,-0.0048619336
57850.2988983333,2.1203378927,2.1463358556,2.0439047401,2.0651945654,-0.1390340264,-0.1318608097,-0.1171787037,-0.1056714884,-0.0803293589,-0.1044171661,-0.0749147246,-0.1459607561,-0.0072627678,-0.0071931853,-0.0026705404,-0.0075116823
57850.2989688889,2.1316134572,2.1609135647,2.1234551224,2.1523996136,-0.1386595522,-0.1325898319,-0.1179238601,-0.1109328692,-0.0812013158,-0.1079659730,-0.0905569636,-0.1397588193,-0.0072798698,-0.0082827292,-0.0026790336,-0.0065747415
57850.2990155555,2.1275054433,2.1707751730,0.8657803032,0.6839216850,-0.1394298686,-0.1327735302,-0.0655972668,-0.0191365304,-0.0818587782,-0.1156648257,0.0583187544,-0.1206207295,-0.0040461812,-0.0063895194,-0.0000888532,-0.0034036295
57850.2990622222,2.1457440696,2.1824409671,2.1693239709,2.1948545070,-0.1391338169,-0.1347084049,-0.1204363198,-0.1099609887,-0.0821617150,-0.1120311756,-0.0897004792,-0.1462190393,-0.0057702306,-0.0059897411,-0.0002536767,-0.0048594815
57850.2991088889,2.1511869408,2.1864405122,2.1547632149,2.1826652566,-0.1396987282,-0.1341918647,-0.1210411879,-0.1090974381,-0.0829134590,-0.1137802709,-0.0881012969,-0.1480538599,-0.0052477394,-0.0064927185,0.0006148516,-0.0056720766
57850.2991794444,2.1253281773,2.1586418284,2.1452242088,2.1673488616,-0.1365922382,-0.1306402589,-0.1198166750,-0.1071607690,-0.0811999068,-0.1123291124,-0.0819102334,-0.1516233811,-0.0088016026,-0.0067618695,-0.0020676722,-0.0063015721
57850.2992261111,1.9851953773,2.0533851648,2.0365449287,2.0680995073,-0.1281403466,-0.1349889383,-0.1090592470,-0.1050176384,-0.0776268145,-0.0683688360,-0.1034120558,-0.1223437582,-0.0035457360,-0.0072479409,-0.0005484935,-0.0037769657
57850.2992727778,1.9498677068,2.0209321994,2.0661415408,2.1030406536,-0.1255789116,-0.1271808281,-0.1091026186,-0.1081966415,-0.0764624830,-0.0976470195,-0.1072180018,-0.1211975200,-0.0008854278,-0.0088558367,-0.0027677781,-0.0022307094
57850.2993194444,2.0687151096,2.1078934052,2.0335534440,2.0897736243,-0.1339989799,-0.1370363800,-0.1031521524,-0.1142912213,-0.0815498821,-0.0620738413,-0.1390016481,-0.0809186659,-0.0020260996,-0.0006771310,-0.0020044846,-0.0016620816
57850.2993900000,2.0031702610,2.0302944430,2.0359264327,2.0819685283,-0.1286451777,-0.1323254958,-0.1047567660,-0.1098990545,-0.0779757670,-0.0559736629,-0.1186553495,-0.1056103272,-0.0012362644,0.0013524183,-0.0030636492,-0.0025805003
57850.2994366667,2.0674394736,2.1031848659,2.0304329126,2.0775648952,-0.1318757661,-0.1348743243,-0.1003748015,-0.1112501146,-0.0827414773,-0.0602961165,-0.1282424506,-0.0933193823,-0.0026259804,-0.0003574803,-0.0046249858,-0.0023129322
57850.2994833333,1.9001055073,1.9206901759,1.8948279822,1.9397702217,-0.1210444635,-0.1254701648,-0.0945684707,-0.1014272127,-0.0741807741,-0.0540452127,-0.1213049433,-0.0865307231,-0.0011767418,-0.0004371729,-0.0031334139,-0.0034472689
57850.2995300000,1.9965180917,2.0782556828,2.1027274357,2.1368589746,-0.1269493873,-0.1373292190,-0.1084537946,-0.1071310052,-0.0792879611,-0.0607523093,-0.1135920471,-0.1197218034,-0.0038214001,-0.0055574472,-0.0014581817,-0.0023769041
57850.2996005556,2.0795130396,2.1255605688,2.1244355651,2.1588101790,-0.1328261107,-0.1312203171,-0.1087783222,-0.1060185383,-0.0827708297,-0.0990448669,-0.1094050203,-0.1288155904,-0.0052107174,-0.0073376912,-0.0021116230,-0.0054152850
57850.2996472222,2.1363855635,2.1744618684,2.0713694349,2.0882155179,-0.1356656686,-0.1289289369,-0.1129364001,-0.0980937024,-0.0860005625,-0.1127364893,-0.0804424267,-0.1511768256,-0.0064382281,-0.0068276182,-0.0016923601,-0.0050183792
57850.2996938889,2.1637898722,2.1954949795,2.1212388146,2.1383163946,-0.1368581431,-0.1314202047,-0.1155543537,-0.0979888869,-0.0879998096,-0.1141091767,-0.0759635130,-0.1619281751,-0.0046190199,-0.0057289352,0.0001858889,-0.0048617130
57850.2997405556,2.0277700641,2.0471092722,2.0734993725,2.1035457258,-0.1276882137,-0.1215158515,-0.1072195267,-0.0999901175,-0.0821076078,-0.1225952521,-0.0997164827,-0.1347650648,-0.0054032468,-0.0094569052,-0.0038868116,-0.0051589475
57850.2998111111,1.9796436048,2.0505075827,2.0879367635,2.1268110239,-0.1238086366,-0.1312107319,-0.1038111865,-0.1058600507,-0.0806426378,-0.0704704620,-0.1175188584,-0.1169437346,-0.0056948612,-0.0065380157,-0.0024082715,-0.0042952106
57850.2998577778,2.1473724955,2.1781828368,2.1456502382,2.1958149370,-0.1355343598,-0.1390077606,-0.1054941522,-0.1090722934,-0.0868207376,-0.0662083265,-0.1308185296,-0.1099355582,-0.0015274523,0.0000031310,-0.0032953709,-0.0023170102
57850.2999044445,2.2025651175,2.2407643309,2.1325246451,2.1942391222,-0.1369863854,-0.1403634881,-0.0997013698,-0.1155840786,-0.0890910718,-0.0782628776,-0.1517383517,-0.0820927415,-0.0010917097,-0.0013512572,-0.0038253247,-0.0030353863
57850.2999511111,2.2063243242,2.2441553931,2.0705325827,2.1352331202,-0.1380631665,-0.1410331905,-0.0960839482,-0.1121502110,-0.0904770548,-0.0807690142,-0.1545954769,-0.0712129149,-0.0027124127,0.0000094389,-0.0040964325,-0.0016747711
57850.3000216667,2.1159225239,2.1508130053,1.9813352342,2.0340117467,-0.1324560851,-0.1353950008,-0.0913010075,-0.1051378168,-0.0865280644,-0.0712016179,-0.1404114496,-0.0785864633,-0.0017653597,-0.0011906229,-0.0037242294,-0.0015112559
57850.3000683333,2.0920668672,2.1214073759,2.0447636207,2.0942518232,-0.1295229088,-0.1314954187,-0.0969479818,-0.1049023799,-0.0863866355,-0.0696836928,-0.1354084961,-0.0953456751,-0.0009999268,0.0007318775,-0.0034014731,-0.0026252535
57850.3001150000,2.1030588030,2.1350672504,2.1493282543,2.1951460305,-0.1289745305,-0.1343909530,-0.1026083562,-0.1063996314,-0.0867287784,-0.0649447430,-0.1278144340,-0.1159665849,-0.0024249367,-0.0024191325,-0.0042350441,-0.0048622157
57850.3001616667,2.1358234768,2.1667772735,2.1730206456,2.2053924908,-0.1320587755,-0.1279390646,-0.1093653933,-0.1014124908,-0.0897702541,-0.1229329666,-0.1070289035,-0.1427246272,-0.0066558182,-0.0105894760,-0.0024974835,-0.0052674342
57850.3002322222,2.0939314476,2.1578618345,2.1728044448,2.2098043844,-0.1287032820,-0.1328933306,-0.1042984725,-0.1025062672,-0.0871331937,-0.0897889308,-0.1177410877,-0.1335831658,-0.0057124986,-0.0078816563,-0.0023771294,-0.0048136923
57850.3002788889,2.1626095738,2.1985540924,2.1472670227,2.1998273760,-0.1310329253,-0.1358911762,-0.1008669224,-0.1072049537,-0.0905992441,-0.0719677152,-0.1379348830,-0.1086805797,0.0007072358,-0.0001677621,-0.0026511836,-0.0024571466
57850.3003255555,2.1504737436,2.1835297523,2.1599671608,2.2123262185,-0.1310008687,-0.1355911414,-0.1006394044,-0.1077700536,-0.0898991972,-0.0694599008,-0.1400546735,-0.1081121688,-0.0007973290,0.0008961800,-0.0021449429,-0.0025725654
57850.3003722222,2.0976692762,2.1149339124,2.1489329945,2.1913292886,-0.1275264226,-0.1363403330,-0.1017626323,-0.1024164592,-0.0873703987,-0.0530166131,-0.1257525888,-0.1234492666,-0.0003726882,-0.0048560391,-0.0025637786,-0.0021870811
57850.3004427778,2.0797123748,2.1115197528,2.1836477840,2.2205374081,-0.1259514537,-0.1195250080,-0.1039045598,-0.1009213982,-0.0895852758,-0.1198757706,-0.1171740335,-0.1377193944,-0.0044186686,-0.0064356450,-0.0012923884,-0.0037305021
57850.3004894444,2.1022895995,2.1308862409,2.1318426048,2.1636789470,-0.1265391126,-0.1209973513,-0.1045353162,-0.0941655745,-0.0893061317,-0.1197025484,-0.1016807513,-0.1509924044,-0.0048019448,-0.0064854918,-0.0018109248,-0.0034212029
57850.3005361111,2.0680298116,2.0839906612,2.1068328080,2.1426499816,-0.1240083872,-0.1170109558,-0.1022059344,-0.0949413046,-0.0888347104,-0.1290078791,-0.1065524965,-0.1448004602,-0.0066593767,-0.0103972234,-0.0034084337,-0.0059996368
57850.3005827778,2.0912233736,2.1167670607,2.1217168283,2.1528662600,-0.1262818369,-0.1202933857,-0.1033505787,-0.0942632249,-0.0896480068,-0.1267541965,-0.1036969671,-0.1497235802,-0.0071429581,-0.0099849932,-0.0026780850,-0.0055182989
57850.3006533333,2.1801331365,2.2048312423,2.0996226231,2.1412158253,-0.1302100119,-0.1302722919,-0.1012000119,-0.0985724464,-0.0932315885,-0.0998702194,-0.1165536797,-0.1201289595,-0.0041326631,-0.0067036724,-0.0030766296,-0.0037600651
57850.3007000000,2.0996826056,2.1265221489,2.1748737252,2.2167883320,-0.1273839759,-0.1196364028,-0.1034253283,-0.0977303968,-0.0934578194,-0.1250833722,-0.1183110095,-0.1428826553,-0.0051890788,-0.0058282066,-0.0024696411,-0.0037589084
57850.3007466667,2.1308199281,2.1542598443,2.1731026872,2.2021482404,-0.1274507193,-0.1198452935,-0.1047073602,-0.0952756859,-0.0939606976,-0.1344016386,-0.1094960612,-0.1539301713,-0.0049624214,-0.0071645659,-0.0019696522,-0.0040762943
57850.3007933333,1.9989739791,2.1114351872,2.0942931396,2.1182996674,-0.1209892175,-0.1151484117,-0.1019461010,-0.0910169769,-0.0880262775,-0.1487125995,-0.0994028453,-0.1544597340,-0.0035166895,-0.0106630854,-0.0013668240,-0.0045036639
57850.3008638889,2.0542019679,2.1014068761,2.1284918297,2.1695187793,-0.1237100763,-0.1255950312,-0.0986591527,-0.0971771123,-0.0914930814,-0.0862434584,-0.1238812910,-0.1351635718,-0.0009412061,-0.0065946993,-0.0012688710,-0.0033696442
57850.3009105556,2.0659194837,2.0970125275,2.1686452856,2.2107732302,-0.1230154078,-0.1160443198,-0.0982686612,-0.1005138107,-0.0928334917,-0.1236800864,-0.1331012165,-0.1304730598,-0.0043915428,-0.0050810405,-0.0021021740,-0.0031237446
57850.3009572222,2.1237354484,2.1380765362,2.1715998929,2.2160203327,-0.1265721401,-0.1376048508,-0.0976942415,-0.1006483032,-0.0948584771,-0.0528157724,-0.1346983518,-0.1281956780,-0.0014182986,-0.0057887385,-0.0027479902,-0.0037960968
57850.3010038889,2.1687396803,2.2068407768,2.1036909672,2.1599996098,-0.1293106829,-0.1332830745,-0.0892994733,-0.1041055969,-0.0969806951,-0.0834905208,-0.1548082103,-0.0975750263,-0.0012432873,0.0012131596,-0.0038022608,-0.0023965942
57850.3010744444,2.1158193517,2.1493860590,2.1179096409,2.1652588870,-0.1266144541,-0.1304085059,-0.0944318119,-0.1006510515,-0.0953761854,-0.0750541924,-0.1411065964,-0.1164339147,-0.0001364694,0.0008878875,-0.0015948539,-0.0013117899
57850.3011211111,2.1321730192,2.1657288561,2.1853746299,2.2298840607,-0.1268928062,-0.1317070989,-0.0977396938,-0.0996171953,-0.0965860369,-0.0733795251,-0.1371134347,-0.1321564702,-0.0001055991,0.0003143916,-0.0034082321,-0.0035266499
57850.3011677778,2.1193571126,2.1746933546,2.1926590831,2.2300833230,-0.1260436542,-0.1297567303,-0.1010556986,-0.0976564230,-0.0961217270,-0.0972987015,-0.1281953040,-0.1448248468,-0.0016969249,-0.0078353673,-0.0025351971,-0.0049562238
57850.3012144444,2.0930050648,2.1237356813,2.1795006275,2.2186294175,-0.1242927256,-0.1286434933,-0.0984041758,-0.0981441722,-0.0943794563,-0.0705642704,-0.1342476588,-0.1366716657,-0.0028644417,-0.0006601057,-0.0036304786,-0.0049083109
57850.3012850000,2.0439482538,2.0727740672,2.1537092816,2.1937291018,-0.1212578057,-0.1260627377,-0.0973711190,-0.0967658823,-0.0932400013,-0.0702694544,-0.1328895732,-0.1367411481,-0.0026309784,-0.0014417511,-0.0037290072,-0.0044445335
57850.3013316667,2.0498851099,2.0616133158,2.0877721183,2.1316798279,-0.1227128068,-0.1312774989,-0.0922235432,-0.0983015897,-0.0936885893,-0.0504938323,-0.1406899453,-0.1201317032,-0.0017462122,-0.0055365757,-0.0036444214,-0.0039919306
57850.3013783333,1.9903545369,2.0638955336,2.0968194141,2.1346843210,-0.1171624142,-0.1250118039,-0.0941361814,-0.0942435325,-0.0925367487,-0.0822995181,-0.1303458943,-0.1329158610,-0.0052439152,-0.0067390698,-0.0020117960,-0.0034680034
57850.3014250000,2.1047164551,2.1406937947,2.1481549302,2.1919373106,-0.1248754902,-0.1285851206,-0.0946268648,-0.0984933640,-0.0973177212,-0.0734851280,-0.1445589353,-0.1250627194,-0.0012685305,0.0001993244,-0.0027183605,-0.0031236323
57850.3014955555,2.1952711794,2.2323815405,2.1641993040,2.2210409837,-0.1290630852,-0.1319207319,-0.0921738154,-0.1044495824,-0.1012290669,-0.0824606870,-0.1594146625,-0.1075887868,-0.0024561734,-0.0010066646,-0.0035793304,-0.0025560468
57850.3015422222,2.1420657979,2.1770357266,2.1296643395,2.1834646404,-0.1281622785,-0.1302258977,-0.0908095906,-0.1023985139,-0.0989424417,-0.0809901214,-0.1538258159,-0.1125482006,-0.0008805738,-0.0003751668,-0.0039304159,-0.0041772964
57850.3015888889,2.1309309424,2.1615919477,2.0715934222,2.1265629085,-0.1261882650,-0.1293371959,-0.0884416109,-0.0993232927,-0.0992922522,-0.0805046808,-0.1535833494,-0.1038495535,-0.0014264398,-0.0005603517,-0.0051911270,-0.0040609726
57850.3016355556,2.1134080135,2.1443465864,2.1087785613,2.1620687443,-0.1245279584,-0.1287090451,-0.0900459429,-0.0994739498,-0.0973622994,-0.0792587384,-0.1526703653,-0.1112222446,-0.0026731471,-0.0013178206,-0.0053677240,-0.0040880095
57850.3017061111,2.1385394415,2.1756282112,2.1510434926,2.2045299085,-0.1263952392,-0.1312040078,-0.0926465139,-0.1024748261,-0.0991161838,-0.0793927007,-0.1553811342,-0.1161122857,-0.0015983015,0.0005426827,-0.0026993104,-0.0034622153
57850.3017527778,2.1895636558,2.2253001992,2.1745949214,2.2315637152,-0.1306854408,-0.1319362670,-0.0909182732,-0.1035076879,-0.1027413278,-0.0838345480,-0.1623477730,-0.1109812643,-0.0013314141,0.0009940265,-0.0035383307,-0.0029811993
57850.3017994444,2.1957438805,2.2321577931,2.1355041514,2.1968714674,-0.1293242819,-0.1339411423,-0.0886303557,-0.1051239070,-0.1035281286,-0.0851149685,-0.1673903070,-0.0994852610,-0.0018003535,-0.0002596694,-0.0054491542,-0.0039450550
57850.3018461111,2.1767852595,2.2116460386,2.1643511485,2.2159546670,-0.1290308527,-0.1328580485,-0.0915929490,-0.1024057462,-0.1019885422,-0.0808993753,-0.1598652276,-0.1164732488,-0.0018042953,-0.0008313418,-0.0030899116,-0.0029761315
57850.3019166667,2.1478488557,2.1816039157,2.1730803664,2.2253848099,-0.1272982534,-0.1312603376,-0.0927483105,-0.1015488249,-0.1017053067,-0.0805414693,-0.1556115418,-0.1221667028,-0.0033817635,-0.0025160021,-0.0046760507,-0.0048839359
57850.3019633333,2.2123027966,2.2495519880,2.1273112644,2.1894967589,-0.1314558526,-0.1344316995,-0.0888982689,-0.1044130493,-0.1050123846,-0.0925315206,-0.1698144365,-0.0997385386,-0.0035400436,-0.0043499469,-0.0062249770,-0.0050946804
57850.3020100000,2.2359070570,2.2755292287,2.0951040239,2.1605552116,-0.1335013642,-0.1346051756,-0.0850333718,-0.1053829182,-0.1068632584,-0.0958192780,-0.1753113559,-0.0865601384,-0.0029740864,-0.0020757094,-0.0063193195,-0.0044813146
57850.3020566667,2.2331595436,2.2730609635,2.1123464126,2.1782392854,-0.1301437890,-0.1338492490,-0.0859690850,-0.1050740157,-0.1056250084,-0.0974244563,-0.1752067593,-0.0931160529,-0.0019177339,-0.0009808629,-0.0048383915,-0.0030838895
57850.3021272222,2.2604977586,2.3006951482,2.0947774262,2.1606022666,-0.1341204073,-0.1343171301,-0.0858679792,-0.1043122178,-0.1086031140,-0.1045464993,-0.1752810078,-0.0868567240,-0.0023188306,-0.0017596605,-0.0060005721,-0.0028772833
57850.3021738889,2.2350249857,2.2732546270,2.0847316177,2.1509853352,-0.1313657435,-0.1329442863,-0.0852234064,-0.1045190556,-0.1063775193,-0.1039647607,-0.1754577796,-0.0904489180,-0.0002167700,-0.0030444765,-0.0064271884,-0.0038423384
57850.3022205556,2.2146195002,2.2487727723,2.0615284712,2.1262939087,-0.1312323939,-0.1331590145,-0.0836937844,-0.1045387493,-0.1066118941,-0.1007765957,-0.1751368643,-0.0865710254,-0.0027461431,-0.0002267908,-0.0046820383,-0.0009822158
57850.3022672222,2.2434817046,2.2806705526,2.0617818494,2.1279196587,-0.1324185002,-0.1332811450,-0.0851155131,-0.1040039660,-0.1088925198,-0.1066976434,-0.1772194897,-0.0838543557,-0.0018150081,-0.0011646838,-0.0049181121,-0.0025843058
57850.3023377778,2.2478096041,2.2868631309,2.0535397912,2.0931945807,-0.1342248468,-0.1331787007,-0.0954949870,-0.0977380876,-0.1104553636,-0.1124250668,-0.1360152897,-0.0960641340,-0.0030681790,-0.0025279609,-0.0038977801,0.0015930250
57850.3023844444,2.2262131287,2.2665483233,2.0857302415,2.1131151125,-0.1322822863,-0.1343090180,-0.0859936271,-0.1099437531,-0.1078614439,-0.1033137224,-0.1885090835,-0.0514201708,-0.0036491029,-0.0015879649,-0.0069828881,0.0015262672
57850.3024311111,2.2091415345,2.2485277867,2.1310172689,2.1898784482,-0.1330525558,-0.1325916584,-0.0888175454,-0.1055213675,-0.1077348276,-0.0957457081,-0.1747419431,-0.1067526136,-0.0026806794,-0.0022235780,-0.0057184476,-0.0034293364
57850.3024777778,2.2134946641,2.2540060813,2.0821788227,2.1886821565,-0.1321256036,-0.1342034603,-0.0779506302,-0.1048196096,-0.1080757302,-0.0979354592,-0.2198736180,-0.1087479394,-0.0026594327,-0.0020168183,-0.0083731338,-0.0042323161
57850.3025483333,2.1849878889,2.2250321066,2.0946682911,2.1518186689,-0.1305517553,-0.1325014877,-0.0874054825,-0.1031535051,-0.1076110096,-0.0974398038,-0.1731777931,-0.1073166076,-0.0022771026,-0.0007375562,-0.0043516674,-0.0022147772
57850.3025950000,2.2238976974,2.2633652647,2.1465802147,2.2059488126,-0.1338082105,-0.1354002024,-0.0897853985,-0.1062730984,-0.1088711973,-0.0966104441,-0.1768801165,-0.1145668792,-0.0018407859,-0.0009819733,-0.0051590323,-0.0022780106
57850.3026416667,2.2261600031,2.2655377984,2.1471678667,2.2067336594,-0.1333314953,-0.1346520273,-0.0891818092,-0.1063450283,-0.1122644784,-0.0990647134,-0.1783589102,-0.1113685385,-0.0033291068,-0.0013203759,-0.0058716414,-0.0039681844
57850.3026883333,2.2142415159,2.2531060526,2.1596396736,2.2160741519,-0.1329215338,-0.1358957001,-0.0912266512,-0.1044756471,-0.1099101794,-0.0990775069,-0.1751795696,-0.1182090193,-0.0032558548,-0.0017727710,-0.0052956696,-0.0030528764
57850.3027588889,2.1629896979,2.1996007565,2.1903268439,2.2381180823,-0.1306451104,-0.1339205855,-0.0969507489,-0.0995395045,-0.1092998261,-0.0896926300,-0.1592520866,-0.1432860284,-0.0025572565,-0.0023648743,-0.0034394795,-0.0056085408
57850.3028055555,2.1239531481,2.1239620646,2.1235600624,2.1771876831,-0.1268301836,-0.1395510626,-0.0916643892,-0.0999810590,-0.1080997863,-0.0536617761,-0.1635034094,-0.1310615812,-0.0015132632,-0.0051589073,-0.0043156922,-0.0038205767
57850.3028522222,2.0253013787,2.0843114580,2.1114204792,2.1526414352,-0.1211842216,-0.1253939916,-0.0953992589,-0.0950050311,-0.1035789004,-0.1046683914,-0.1481701780,-0.1479054701,-0.0050399185,-0.0075617044,-0.0026968279,-0.0043336082
57850.3028988889,2.0240400786,2.0935622071,2.1284216948,2.1703088349,-0.1215067584,-0.1292751528,-0.0974813038,-0.0957574224,-0.1037295945,-0.0987850425,-0.1469053787,-0.1535338403,-0.0049499065,-0.0078325046,-0.0019884211,-0.0040350993
57850.3120155556,0.3513553176,0.3938432392,0.3551588586,0.3718130189,-0.0087429263,-0.0239883628,-0.0140962346,0.0027241523,-0.0550224006,0.0161569931,-0.0427274110,-0.0829218549,-0.0061744558,-0.0000712965,-0.0024409569,-0.0002029800
57850.3120622222,2.0379447599,2.0770916377,2.0847607641,2.1135527526,-0.1464195122,-0.1470614320,-0.1306103762,-0.1220914430,-0.1103085159,-0.1337962586,-0.1512720063,-0.1823027787,-0.0016910584,-0.0067414055,0.0019968452,0.0003629976
57850.3121088889,1.9980222108,2.0592966846,2.0669208405,2.1021999898,-0.1430672381,-0.1517581393,-0.1261718547,-0.1240923421,-0.1080637886,-0.1106996981,-0.1547839853,-0.1743559150,-0.0036356033,-0.0050679658,0.0001881451,-0.0013266578
57850.3121555556,1.9780760331,2.0425533370,2.0416876578,2.0799900171,-0.1415451436,-0.1527576391,-0.1263124178,-0.1222964802,-0.1089458959,-0.1065787843,-0.1546066717,-0.1722265499,-0.0056315914,-0.0068268638,-0.0006456225,-0.0019028306
57850.3122261111,2.0147596791,2.0590905974,2.0769893832,2.1094162078,-0.1447185671,-0.1472860346,-0.1297025325,-0.1220480148,-0.1096223653,-0.1276648299,-0.1503267219,-0.1865082288,-0.0060130088,-0.0090940496,-0.0023084625,-0.0046189954
57850.3122727778,2.1343983173,2.1658539003,2.2023944277,2.2338140153,-0.1538783120,-0.1456300716,-0.1385360290,-0.1283877711,-0.1177353436,-0.1513209740,-0.1553568544,-0.1983399492,-0.0076914532,-0.0077439843,-0.0028080337,-0.0053160325
57850.3123194444,2.1696604349,2.2017375043,2.1791329386,2.2068632291,-0.1555095552,-0.1491836694,-0.1393210090,-0.1231711270,-0.1192876376,-0.1510140329,-0.1474377382,-0.2044997752,-0.0071476122,-0.0083990510,-0.0009730228,-0.0060418890
57850.3123661111,2.1518126475,2.1831617614,2.1762682118,2.2046828697,-0.1548885905,-0.1454194523,-0.1381991618,-0.1235954297,-0.1184499164,-0.1498256328,-0.1487839423,-0.2014314643,-0.0071574547,-0.0085099147,-0.0015148935,-0.0058700888
57850.3124366667,2.1105321028,2.1573459768,2.1920330959,2.2313064053,-0.1513380780,-0.1505540971,-0.1347044968,-0.1311711567,-0.1161372627,-0.1354345304,-0.1694065726,-0.1836019769,-0.0071278330,-0.0088556392,-0.0035258781,-0.0057589595
57850.3124833333,2.1245970852,2.1722978524,2.1982189198,2.2412628353,-0.1501501679,-0.1607470970,-0.1309788023,-0.1345337498,-0.1181208611,-0.1140923428,-0.1771775910,-0.1781513419,-0.0008350236,-0.0055830429,-0.0025402254,-0.0033670091
57850.3125300000,2.1401806119,2.1700267635,2.1947585255,2.2395424648,-0.1530093729,-0.1653440602,-0.1308396184,-0.1355395516,-0.1177946035,-0.0987061545,-0.1781837181,-0.1752840537,-0.0001343610,-0.0056115415,-0.0030891216,-0.0040430271
57850.3125766667,2.1154390677,2.1463321435,2.1544074501,2.1956864660,-0.1511253946,-0.1585541577,-0.1270158655,-0.1311021889,-0.1163975309,-0.0981779504,-0.1724709460,-0.1746683344,0.0002150560,0.0009818090,-0.0031362561,-0.0035651958
57850.3126472222,2.1019255709,2.1459258517,2.1621859146,2.2055847696,-0.1501787896,-0.1588275350,-0.1262640722,-0.1305595783,-0.1153888192,-0.1072400625,-0.1756573722,-0.1748798868,-0.0005313475,-0.0059822636,-0.0006130900,-0.0018015986
57850.3126938889,2.1150870230,2.1735817325,2.1804289644,2.2264971471,-0.1569652504,-0.1584379344,-0.1277682809,-0.1334290959,-0.1093239249,-0.1170284379,-0.1790366441,-0.1752673919,-0.0066081467,-0.0071554466,-0.0018861659,-0.0027498835
57850.3127405556,2.1015143930,2.1407054722,2.1713868533,2.2177046546,-0.1496328464,-0.1588398209,-0.1274306469,-0.1342148395,-0.1160301803,-0.1067106864,-0.1798387377,-0.1720668883,-0.0001222451,-0.0056034819,-0.0020768183,-0.0024175207
57850.3127872222,2.1034155893,2.1554923143,2.1841267280,2.2313109430,-0.1508413849,-0.1524804681,-0.1286909658,-0.1332968464,-0.1186767873,-0.1295641964,-0.1787870208,-0.1761309037,-0.0045691392,-0.0071024408,-0.0034951211,-0.0044081950
57850.3128577778,2.1390063914,2.1659647394,2.1496469741,2.1997379816,-0.1523336947,-0.1662814444,-0.1232619126,-0.1359238771,-0.1198756656,-0.0953764887,-0.1860047552,-0.1655762012,-0.0016209698,-0.0045655140,-0.0045898188,-0.0037358789
57850.3129044445,2.1121200140,2.1679414481,2.1926251560,2.2427250105,-0.1519978967,-0.1566211599,-0.1276852588,-0.1353799414,-0.1178828351,-0.1233791607,-0.1876134637,-0.1715217166,-0.0017492272,-0.0060794063,-0.0045857601,-0.0028146609
57850.3129511111,2.1300740686,2.1620820387,2.1734028717,2.2250592679,-0.1533090835,-0.1609814388,-0.1250083878,-0.1380702282,-0.1188876113,-0.1004206243,-0.1897180480,-0.1640718810,-0.0005228219,0.0001796441,-0.0051273673,-0.0026703323
57850.3129977778,2.1350322084,2.1699602203,2.1632606696,2.2147574640,-0.1528013242,-0.1606690419,-0.1233318602,-0.1374165115,-0.1190364837,-0.1039392416,-0.1926066995,-0.1617547902,-0.0011349673,0.0015783066,-0.0043689262,-0.0023625222
57850.3130683333,2.1082583677,2.1413629234,2.1685504442,2.2181334015,-0.1505312552,-0.1605800391,-0.1232271455,-0.1370948021,-0.1178800503,-0.0976928593,-0.1911999950,-0.1643632032,-0.0005316819,0.0013899424,-0.0031949969,-0.0030571672
57850.3131150000,2.1359488058,2.1710661380,2.1419306448,2.1929499878,-0.1517103761,-0.1604169373,-0.1225630433,-0.1353733746,-0.1205828326,-0.1035983545,-0.1893197826,-0.1602913993,-0.0004401753,0.0013926540,-0.0031602108,-0.0018260214
57850.3131616667,2.1102984801,2.1432000615,2.1196480814,2.1642728954,-0.1485623852,-0.1595347450,-0.1236207399,-0.1294084006,-0.1208229351,-0.1001916217,-0.1813603218,-0.1694666104,-0.0012347423,-0.0003902468,-0.0017244045,-0.0044564561
57850.3132083333,2.0658133439,2.0967491081,2.1399472556,2.1812832860,-0.1465930380,-0.1561364563,-0.1263542126,-0.1288293826,-0.1170642745,-0.1002352534,-0.1773239054,-0.1766048783,-0.0006707153,0.0002444969,-0.0018745976,-0.0031819204
57850.3132788889,2.1003144086,2.1633645896,2.1293082055,2.1705299934,-0.1487455569,-0.1535871492,-0.1237773917,-0.1295541612,-0.1197171674,-0.1328530763,-0.1805579688,-0.1708204909,-0.0007837971,-0.0079655347,-0.0020052894,-0.0037941536
57850.3133255556,2.1155988559,2.1755637971,2.2007294038,2.2325920174,-0.1499814606,-0.1555109107,-0.1358913845,-0.1251261949,-0.1209377018,-0.1313442626,-0.1657825785,-0.2027178089,0.0002265101,-0.0061881968,-0.0018970602,-0.0038444698
57850.3133722222,2.1287878645,2.1729843462,2.1947468804,2.2240886869,-0.1515376976,-0.1495577298,-0.1372926744,-0.1229295636,-0.1232620024,-0.1453195390,-0.1604050135,-0.2064617478,-0.0049820606,-0.0075934736,-0.0004870384,-0.0038129375
57850.3134188889,2.1456724168,2.1835041396,2.1912755428,2.2160599833,-0.1519756424,-0.1434026414,-0.1378144899,-0.1190751750,-0.1249429576,-0.1568688599,-0.1514449965,-0.2148744949,-0.0057784558,-0.0070696771,0.0006034713,-0.0030706926
57850.3134894444,2.1614727141,2.1939820101,2.1365405604,2.1558128640,-0.1517644226,-0.1457906127,-0.1381615716,-0.1138356472,-0.1248398330,-0.1552926795,-0.1379672120,-0.2176448762,-0.0061680828,-0.0065770428,-0.0013152070,-0.0062272106
57850.3135361111,2.1420775867,2.1725633324,2.1763290438,2.2043611357,-0.1518567751,-0.1416115715,-0.1375002223,-0.1189944859,-0.1239154652,-0.1568722802,-0.1503565766,-0.2147094086,-0.0061004789,-0.0081693802,-0.0004532642,-0.0061904556
57850.3135827778,2.1370561134,2.1695656966,2.1625416587,2.1904128660,-0.1507029378,-0.1424777670,-0.1369889404,-0.1176580169,-0.1248688351,-0.1579899379,-0.1513288195,-0.2118855558,-0.0048064095,-0.0069054186,-0.0009743574,-0.0050748751
57850.3136294444,2.1545036353,2.1882373983,2.1354645522,2.1552587248,-0.1518384795,-0.1443800975,-0.1400476710,-0.1136120003,-0.1269014283,-0.1569580031,-0.1372097095,-0.2206464831,-0.0050032013,-0.0067346202,0.0004191375,-0.0058812817
57850.3137000000,2.1689992124,2.2027327086,2.1604488451,2.1815510937,-0.1530575704,-0.1463554208,-0.1403095426,-0.1154785788,-0.1277641383,-0.1589764267,-0.1439934730,-0.2189651963,-0.0074772816,-0.0087293321,-0.0005344468,-0.0047173104
57850.3137466667,2.1803234689,2.2172293339,2.1449523546,2.1656324412,-0.1546342029,-0.1474313144,-0.1398250724,-0.1147444040,-0.1286182237,-0.1562485181,-0.1370734217,-0.2226018826,-0.0054722580,-0.0059991751,0.0006488986,-0.0049744086
57850.3137933333,2.1759128017,2.2119748378,2.1583450628,2.1792120678,-0.1529495303,-0.1475510512,-0.1402480485,-0.1157057882,-0.1290478231,-0.1590790564,-0.1443717416,-0.2196089171,-0.0057565527,-0.0069890551,0.0004846046,-0.0048123363
57850.3138400000,2.1473990459,2.1843588657,2.1699157753,2.1934146639,-0.1521419199,-0.1450039445,-0.1380646301,-0.1200469074,-0.1272296821,-0.1583580742,-0.1510945922,-0.2159330207,-0.0045550959,-0.0075574550,-0.0006213764,-0.0050335643
57850.3139105556,2.1356761680,2.1569844810,2.1573752240,2.1817800766,-0.1503668872,-0.1418629982,-0.1375296212,-0.1203110671,-0.1277256700,-0.1698313184,-0.1491587352,-0.2145279920,-0.0054523736,-0.0095755762,0.0004263631,-0.0033789955
57850.3139572222,2.1508135192,2.1725310138,2.1772286983,2.2040833536,-0.1533259512,-0.1428161847,-0.1373160747,-0.1221647066,-0.1269951113,-0.1715552004,-0.1579992946,-0.2125097996,-0.0050007738,-0.0087865958,-0.0009084516,-0.0050071482
57850.3140038889,2.1518046940,2.1717247579,2.1944217393,2.2204841527,-0.1545499908,-0.1432335936,-0.1367817938,-0.1229967774,-0.1270080346,-0.1767844888,-0.1602624189,-0.2127158959,-0.0049621136,-0.0089720795,-0.0000212108,-0.0035296197
57850.3140505556,2.1511205801,2.1865046044,2.1956843115,2.2218056150,-0.1537713714,-0.1455919853,-0.1402718010,-0.1237864927,-0.1276731060,-0.1610204554,-0.1598680536,-0.2165551387,-0.0040903717,-0.0076542859,-0.0009950340,-0.0036769798
57850.3141211111,2.1113773477,2.1783994866,2.1814896273,2.2141793978,-0.1512672628,-0.1538150497,-0.1352911775,-0.1261465422,-0.1246453080,-0.1434397041,-0.1670417935,-0.2050826082,-0.0008615025,-0.0084493755,-0.0031702143,-0.0047645384
57850.3141677778,2.1254196898,2.1582850678,2.1840014663,2.2227214839,-0.1526069447,-0.1640448905,-0.1329113154,-0.1306226502,-0.1262755413,-0.1108159840,-0.1785167779,-0.1934318228,-0.0011153065,-0.0054545410,-0.0025111492,-0.0037893710
57850.3142144445,2.1382840474,2.1709558882,2.1645448428,2.2103271132,-0.1535357559,-0.1622181315,-0.1282499474,-0.1330121062,-0.1279265993,-0.1099572883,-0.1868963424,-0.1823168961,-0.0012952944,0.0006717346,-0.0022138350,-0.0037172570
57850.3142611111,2.1509030819,2.1869735842,2.1656176080,2.2089952938,-0.1553202776,-0.1626100879,-0.1283700337,-0.1339613075,-0.1276917809,-0.1133568339,-0.1871057053,-0.1825802829,-0.0007702253,0.0020545491,-0.0029585664,-0.0040443590
57850.3143316667,2.1929082518,2.2297436519,2.1630237527,2.2157921404,-0.1585200510,-0.1648269464,-0.1237847216,-0.1383621707,-0.1321886609,-0.1199441021,-0.1994940152,-0.1704425391,0.0003824770,-0.0000463389,-0.0043569459,-0.0032982385
57850.3143783333,2.1843007448,2.2213043861,2.1558239922,2.2046432250,-0.1576966881,-0.1659230003,-0.1254486994,-0.1368556288,-0.1315207116,-0.1191838174,-0.1948241712,-0.1724792740,-0.0000057811,0.0017600583,-0.0031101596,-0.0014778419
57850.3144250000,2.1860585945,2.2227992764,2.1678707335,2.2153483390,-0.1572482154,-0.1662201709,-0.1271393737,-0.1361078627,-0.1317343062,-0.1199867708,-0.1953764912,-0.1781320203,-0.0003801613,0.0024127307,-0.0031158731,-0.0034787340
57850.3144716667,2.2001185528,2.2382275126,2.1602372881,2.2161084083,-0.1590240487,-0.1665474008,-0.1228641190,-0.1408130156,-0.1330040300,-0.1232342048,-0.2043843677,-0.1636508897,-0.0007763338,-0.0005457819,-0.0043325676,-0.0023197416
57850.3145422222,-0.0185898313,0.5006065409,1.0120584634,1.3309078323,0.0075039196,-0.0376778373,-0.0714685865,-0.1125876903,-0.0152838498,-0.0224621493,-0.0581631429,-0.0154711839,0.0021416960,-0.0004589097,0.0022689509,0.0054709214
57850.3145888889,2.2454781590,2.2851686867,2.1343987100,2.1939036899,-0.1621542955,-0.1672401666,-0.1177449468,-0.1451319455,-0.1371500081,-0.1326354715,-0.2130878969,-0.1492362376,-0.0023544913,-0.0000542043,-0.0030925146,-0.0004559645
57850.3146355556,2.2359043067,2.2758403350,2.1290623021,2.1913445823,-0.1617374247,-0.1673022859,-0.1174787963,-0.1456585978,-0.1389243259,-0.1301168418,-0.2134048935,-0.1482196284,-0.0017194270,0.0003650319,-0.0045749564,-0.0015454236
57850.3146822222,2.1949026909,2.2311346416,2.1590557865,2.2168468231,-0.1592770716,-0.1666656245,-0.1215471678,-0.1423568419,-0.1352877123,-0.1226056667,-0.2080773679,-0.1634928299,-0.0018100738,-0.0004793837,-0.0034546865,-0.0018156806
57850.3147527778,2.1716086803,2.2073110232,2.0966485298,2.1515048831,-0.1578371713,-0.1623063027,-0.1178386424,-0.1403829739,-0.1324117286,-0.1248524316,-0.2056156701,-0.1529546335,0.0000984865,0.0005612508,-0.0029470856,-0.0016134224
57850.3147994444,2.1953573563,2.2330772028,2.0937267127,2.1505185266,-0.1592380417,-0.1635218301,-0.1161984498,-0.1420836749,-0.1340107754,-0.1287624299,-0.2103232869,-0.1464956316,-0.0023608974,-0.0017504658,-0.0046548137,-0.0018747076
57850.3148461111,2.1722398911,2.2048121692,2.1132203944,2.1699864028,-0.1575883609,-0.1638270180,-0.1186537742,-0.1412549615,-0.1325033544,-0.1227406856,-0.2038636828,-0.1597272391,-0.0017288374,-0.0015284657,-0.0052367135,-0.0024331100
57850.3148927778,2.1844863382,2.2195296739,2.0565391423,2.1151001604,-0.1596635891,-0.1628415639,-0.1145554264,-0.1399603595,-0.1350141334,-0.1297004577,-0.2061332559,-0.1426783900,-0.0022585619,-0.0011231008,-0.0058692397,-0.0029717387
57850.3149633333,2.2246035183,2.2620533538,2.0875197410,2.1484675471,-0.1624293023,-0.1644493592,-0.1156663103,-0.1441750932,-0.1366403094,-0.1360997910,-0.2120773720,-0.1404497354,-0.0029630896,0.0001361252,-0.0066411559,-0.0003704206
57850.3150100000,2.2644773077,2.3050394773,2.1178722244,2.1827747367,-0.1646262129,-0.1671718012,-0.1161793314,-0.1472093130,-0.1406381190,-0.1395946720,-0.2156158479,-0.1436203045,-0.0015670620,-0.0009864427,-0.0072581727,-0.0029856762
57850.3150566667,2.2678483154,2.3081715803,2.1134816944,2.1765836346,-0.1630448846,-0.1678236201,-0.1158432649,-0.1475792568,-0.1400772281,-0.1415190867,-0.2164000665,-0.1419772799,-0.0030798092,-0.0003929585,-0.0058066724,-0.0013854964
57850.3151033333,2.2494300269,2.2887512779,2.1331322482,2.1930652725,-0.1636131133,-0.1676420991,-0.1186711001,-0.1462154759,-0.1388934106,-0.1364855747,-0.2143098806,-0.1486455867,-0.0034029078,0.0000036761,-0.0055743294,-0.0010946685
57850.3151738889,2.2222752864,2.2594479402,2.1463590399,2.2036085446,-0.1621997882,-0.1692137377,-0.1227489234,-0.1431125051,-0.1390470545,-0.1282725724,-0.2081324068,-0.1617646063,-0.0015168523,0.0006698225,-0.0040535123,-0.0035738554
57850.3152205556,2.2120084065,2.2506985185,2.1825329727,2.2333221497,-0.1600402831,-0.1675097001,-0.1264898514,-0.1414130476,-0.1377676368,-0.1257143024,-0.2047779559,-0.1748947116,-0.0014719302,0.0006916671,-0.0050532644,-0.0031688036
57850.3152672222,2.1650111060,2.1979273440,2.1993171975,2.2405032578,-0.1573279499,-0.1665280177,-0.1339201551,-0.1344598463,-0.1337156956,-0.1191028348,-0.1894545468,-0.1972508136,-0.0007162280,-0.0001442474,-0.0034124944,-0.0049133699
57850.3153138889,2.1580763543,2.1750292157,2.1884716775,2.2141779190,-0.1573204660,-0.1417148135,-0.1440118507,-0.1234535775,-0.1340231355,-0.1880569670,-0.1626828755,-0.2240375470,-0.0053160189,-0.0103723548,-0.0000237237,-0.0038614228
57850.3153844445,2.1495141391,2.1818571679,2.1384601699,2.1596161795,-0.1549560413,-0.1471394547,-0.1426505512,-0.1184638293,-0.1340719419,-0.1661875100,-0.1507631749,-0.2245063148,-0.0054416546,-0.0066533057,0.0010271178,-0.0053182494
57850.3154311111,2.1539048217,2.1858469345,2.1417301355,2.1612679455,-0.1557534636,-0.1487832775,-0.1416669535,-0.1180569751,-0.1343815002,-0.1647881486,-0.1491506850,-0.2241787052,-0.0049692625,-0.0072741812,0.0007438292,-0.0044558481
57850.3154777778,2.1004725388,2.1329144016,2.1446843861,2.1717649156,-0.1525968964,-0.1431241543,-0.1403771446,-0.1201775804,-0.1310750074,-0.1648450323,-0.1596349849,-0.2160802703,-0.0040315575,-0.0070793709,-0.0006387249,-0.0047727532
57850.3155244444,2.0165283145,2.0427759939,2.1350953237,2.1661754941,-0.1458765073,-0.1362177364,-0.1343637872,-0.1261805845,-0.1263274512,-0.1588220964,-0.1702100799,-0.2058335899,-0.0034065613,-0.0064315333,-0.0006073000,-0.0043230475
57850.3155950000,2.0135041385,2.0436917893,2.1085905153,2.1347534892,-0.1447380872,-0.1384363118,-0.1360907741,-0.1213505139,-0.1262108865,-0.1588456931,-0.1633096689,-0.2087696056,-0.0041747059,-0.0064371087,-0.0009159667,-0.0048816887
57850.3156416667,2.0942862951,2.1264777486,2.1767860412,2.2108374533,-0.1510842705,-0.1418170067,-0.1361930618,-0.1285464859,-0.1311343784,-0.1654174709,-0.1773399081,-0.2070230959,-0.0048334838,-0.0060636844,0.0005459634,-0.0042584191
57850.3156883333,2.0762337777,2.1084996847,2.1369919958,2.1750909403,-0.1503065278,-0.1411535656,-0.1311686427,-0.1304947471,-0.1306130575,-0.1628183850,-0.1805892372,-0.1950122743,-0.0034200086,-0.0056016063,-0.0010832890,-0.0032838760
57850.3157350000,2.0442558460,2.0735720446,2.1675999885,2.2078410895,-0.1488255898,-0.1382507500,-0.1333561944,-0.1334916840,-0.1286970242,-0.1618758289,-0.1852957052,-0.1949412111,-0.0044175706,-0.0052380237,-0.0008832092,-0.0019782041
57850.3158055555,2.0918195102,2.1252385864,2.1835612434,2.2228547679,-0.1513989736,-0.1421842315,-0.1350276081,-0.1338508007,-0.1311026621,-0.1651515260,-0.1835228353,-0.2005422320,-0.0042376383,-0.0048914973,-0.0016147153,-0.0014634338
57850.3158522222,2.1643321420,2.1951672959,2.1950683679,2.2346828333,-0.1568412030,-0.1477241678,-0.1366450432,-0.1328133277,-0.1355345284,-0.1670935719,-0.1821212288,-0.2038028051,-0.0049240770,-0.0056179866,-0.0019143520,-0.0031456127
57850.3158988889,2.1709377853,2.2045925143,2.1887485206,2.2235438842,-0.1571312856,-0.1493109652,-0.1393554292,-0.1284023831,-0.1365240561,-0.1694291056,-0.1717159099,-0.2101539399,-0.0038868037,-0.0037264509,-0.0014827103,-0.0037171105
57850.3159455556,2.1816321711,2.2177396252,2.1957658490,2.2296334348,-0.1562658456,-0.1510201816,-0.1395437060,-0.1293576862,-0.1357974452,-0.1684846129,-0.1714001538,-0.2125744484,-0.0044075509,-0.0063016612,-0.0011104663,-0.0037081735
57850.3160161111,2.1572990770,2.1922846886,2.1677484401,2.1982219622,-0.1566709619,-0.1498349707,-0.1388920525,-0.1259429954,-0.1361162197,-0.1651034386,-0.1683643318,-0.2103044272,-0.0059449143,-0.0067070688,-0.0006519271,-0.0043691499
57850.3160627778,2.1536821094,2.1886770758,2.1832744611,2.2195699041,-0.1572077341,-0.1476779819,-0.1364385541,-0.1298290655,-0.1352834130,-0.1681812429,-0.1775506490,-0.2057494072,-0.0050817686,-0.0057858408,-0.0017409093,-0.0058690673
57850.3161094444,2.1493799096,2.1837249532,2.1346796513,2.1622993059,-0.1552534677,-0.1467106441,-0.1383029337,-0.1252805771,-0.1334946912,-0.1675882533,-0.1643399637,-0.2117622848,-0.0054124108,-0.0070292491,-0.0007850008,-0.0023889324
57850.3161561111,2.1623345914,2.1983179913,2.1537496636,2.1831746775,-0.1559286629,-0.1477431368,-0.1379971564,-0.1246938412,-0.1340819190,-0.1641003922,-0.1668145874,-0.2137772757,-0.0037913407,-0.0065937940,-0.0009396085,-0.0051142044
57850.3162266667,2.1062494521,2.1385270549,2.1426102155,2.1757339756,-0.1520205979,-0.1427607076,-0.1361111352,-0.1272362612,-0.1316890396,-0.1646722519,-0.1729477367,-0.2017895091,-0.0047965219,-0.0070181767,-0.0018585057,-0.0044072733
57850.3162733333,2.1559929619,2.1895110442,2.1950070099,2.2296420514,-0.1548433163,-0.1469010874,-0.1399008905,-0.1302117905,-0.1343829880,-0.1687335886,-0.1738654080,-0.2106306197,-0.0044144647,-0.0056174090,0.0000410714,-0.0020166736
57850.3163200000,2.1935480873,2.2277870627,2.1918855139,2.2231147670,-0.1598727363,-0.1519857471,-0.1425395623,-0.1277456789,-0.1381628004,-0.1689369280,-0.1693918438,-0.2147923117,-0.0060498585,-0.0063543378,-0.0001804227,-0.0041792808
57850.3163666667,2.1882399283,2.2212874406,2.1906311732,2.2200965953,-0.1579398622,-0.1500970970,-0.1441961514,-0.1263063803,-0.1382361952,-0.1669062882,-0.1642849679,-0.2187800960,-0.0045418007,-0.0080849080,-0.0017028063,-0.0053039687
57850.3164372222,2.1706431747,2.1729120661,2.2100454279,2.2371231534,-0.1551722832,-0.1379190461,-0.1415354915,-0.1309827282,-0.1358209311,-0.2020520152,-0.1711848230,-0.2137971936,-0.0061555337,-0.0103767842,-0.0008722081,-0.0027606294
57850.3164838889,2.1763013328,2.1732948931,2.1915910652,2.2229871205,-0.1575756331,-0.1353345220,-0.1423690426,-0.1283520770,-0.1360135414,-0.2058819516,-0.1681436130,-0.2161532693,-0.0055214157,-0.0092026817,-0.0004805103,-0.0039454347
57850.3165305556,2.1637459648,2.1990121931,2.1764184972,2.2051717759,-0.1567884451,-0.1491274921,-0.1418957822,-0.1270751350,-0.1363605069,-0.1674890759,-0.1647863915,-0.2135122933,-0.0046341544,-0.0064082979,-0.0005686001,-0.0044699313
57850.3165772222,2.1151856741,2.1503612055,2.1442970169,2.1733932730,-0.1527747315,-0.1458782411,-0.1374748776,-0.1272060869,-0.1335964734,-0.1668878717,-0.1692977186,-0.2064602584,-0.0056611931,-0.0059802784,0.0000852863,-0.0028401361
57850.3166477778,2.1481750004,2.1838404958,2.1725537575,2.2011582679,-0.1565026667,-0.1479147350,-0.1424888103,-0.1276776367,-0.1358454418,-0.1666968071,-0.1647895771,-0.2167272773,-0.0052523944,-0.0063724906,0.0004224210,-0.0041216501
57850.3166944445,2.1993474195,2.2350850942,2.1772926173,2.2025403449,-0.1602085770,-0.1524970452,-0.1457638585,-0.1234273436,-0.1392171302,-0.1693303670,-0.1561604566,-0.2256501180,-0.0064358243,-0.0066335715,-0.0000545442,-0.0047045806
57850.3167411111,2.1597698030,2.1952262792,2.1412256906,2.1615294601,-0.1565593940,-0.1487502663,-0.1441174664,-0.1206669067,-0.1375642372,-0.1664910465,-0.1519113579,-0.2220802336,-0.0049262764,-0.0063898694,0.0001657154,-0.0050159383
57850.3167877778,2.1608102336,2.1920936941,2.1343461044,2.1552615853,-0.1567629807,-0.1495856484,-0.1459126749,-0.1199907030,-0.1377086941,-0.1661110619,-0.1497496571,-0.2235708579,-0.0047314651,-0.0065694289,0.0017017669,-0.0041630883
57850.3168583333,2.1541653543,2.1872438834,2.1171686441,2.1390055213,-0.1566085675,-0.1494574536,-0.1421717182,-0.1226473738,-0.1365009537,-0.1652990946,-0.1529844122,-0.2186243470,-0.0040891793,-0.0060455690,0.0012443766,-0.0036421738
57850.3169050000,2.1056826975,2.1383909124,2.1308562958,2.1553346438,-0.1555245064,-0.1453456518,-0.1443479016,-0.1220998408,-0.1326512981,-0.1630315010,-0.1552052381,-0.2193307456,-0.0024342396,-0.0041797072,0.0018898383,-0.0018536645
57850.3169516667,2.1092161928,2.1454760629,2.1113337446,2.1328534639,-0.1567656923,-0.1473106058,-0.1435219287,-0.1211996418,-0.1334370524,-0.1636556511,-0.1527836241,-0.2201312577,-0.0034534361,-0.0064809423,0.0017053214,-0.0029205204
57850.3169983333,2.1069173239,2.1120672066,2.1151472839,2.1364836359,-0.1543047181,-0.1376423931,-0.1435782589,-0.1228009851,-0.1345893793,-0.1891490738,-0.1536110700,-0.2172211071,-0.0046101162,-0.0105022306,0.0011041400,-0.0041093449
57850.3170688889,2.0854591086,2.1137634947,2.0810966986,2.1097385214,-0.1536781838,-0.1462661784,-0.1398406459,-0.1232823216,-0.1322799334,-0.1638653475,-0.1579858500,-0.2079403519,-0.0039798843,-0.0055177532,0.0012052324,-0.0027632401
57850.3171155555,2.1099297981,2.1410817514,2.1737211297,2.2037865767,-0.1575190868,-0.1470876575,-0.1464961325,-0.1288015450,-0.1347858079,-0.1671571345,-0.1628817726,-0.2214587316,-0.0059775407,-0.0080752591,-0.0001417815,-0.0054009103
57850.3171622222,2.1303815734,2.1634420004,2.1792591448,2.2072973790,-0.1580624390,-0.1496250785,-0.1486982659,-0.1290294963,-0.1346538442,-0.1677073055,-0.1616034365,-0.2221160320,-0.0061843124,-0.0072291510,-0.0003133660,-0.0048162904
57850.3172088889,2.1213092756,2.1597046249,2.1560798358,2.1758971872,-0.1575614040,-0.1483586314,-0.1503200794,-0.1219287051,-0.1341000445,-0.1665270242,-0.1490413539,-0.2285406536,-0.0055368577,-0.0059154935,0.0004069557,-0.0036478222
57850.3172794444,2.1253797640,2.1571664471,2.1104319660,2.1330300473,-0.1582282951,-0.1501112344,-0.1492891402,-0.1201906004,-0.1345092532,-0.1627444699,-0.1426284509,-0.2277852000,-0.0057198867,-0.0077818490,-0.0002386265,-0.0061759885
57850.3173261111,2.2244537878,2.2592518825,2.1702677208,2.1966052371,-0.1656833687,-0.1588848291,-0.1491695117,-0.1274126622,-0.1405793849,-0.1662786726,-0.1577558510,-0.2254685048,-0.0032010074,-0.0055998562,0.0005636318,-0.0041816831
57850.3173727778,2.2337211626,2.2694083566,2.1534372407,2.1743414671,-0.1665005673,-0.1620329924,-0.1521951202,-0.1241403220,-0.1419826436,-0.1628283898,-0.1487482277,-0.2316321758,-0.0051066413,-0.0056041618,0.0011180472,-0.0044136688
57850.3174194444,2.2532683980,2.2912020603,2.1365834450,2.1541949574,-0.1686763226,-0.1637192775,-0.1522412825,-0.1206839516,-0.1427595327,-0.1622139019,-0.1443029158,-0.2303062646,-0.0050677581,-0.0039800967,-0.0012751740,-0.0062789175
57850.3174900000,2.2324943801,2.2699925310,2.1087964278,2.1249589209,-0.1664852099,-0.1635567058,-0.1514893163,-0.1192312045,-0.1397249448,-0.1623102089,-0.1391072399,-0.2315533881,-0.0034817823,-0.0051219539,0.0008657744,-0.0052495367
57850.3175366667,2.1956297133,2.2286455201,2.0539217032,2.0887221495,-0.1655712028,-0.1610577182,-0.1506349377,-0.1200781814,-0.1387778839,-0.1575915949,-0.1312931465,-0.2113779849,-0.0040345807,-0.0047377474,0.0012288982,-0.0035605537
57850.3175833333,2.1750040982,2.2062331038,2.0885413252,2.1123796426,-0.1634552399,-0.1580980899,-0.1501228120,-0.1197495525,-0.1372148574,-0.1582815095,-0.1405473838,-0.2281711120,-0.0037697467,-0.0042415940,0.0016838973,-0.0043998895
57850.3176300000,2.1978304561,2.2297450022,2.1222467913,2.1452113090,-0.1658963368,-0.1579685260,-0.1495477411,-0.1237290856,-0.1384092172,-0.1646428949,-0.1476908125,-0.2253215113,-0.0039538872,-0.0053937222,0.0015547595,-0.0029542279
57850.3177005556,2.1772946022,2.2084732340,2.0779077829,2.1011036071,-0.1641313664,-0.1578366869,-0.1506366538,-0.1198490463,-0.1378975064,-0.1615362170,-0.1389130531,-0.2254816020,-0.0054715918,-0.0040662833,0.0004039748,-0.0039352846
57850.3177472222,2.1663735635,2.1984347255,2.1728454521,2.1989839299,-0.1626877124,-0.1536902959,-0.1495017106,-0.1326334117,-0.1362542828,-0.1673063689,-0.1633741426,-0.2182153323,-0.0057436273,-0.0055075346,0.0009033215,-0.0031078594
57850.3177938889,2.1437420629,2.1770346920,2.1491745494,2.1751408976,-0.1622605770,-0.1537149649,-0.1496728501,-0.1303890436,-0.1342826395,-0.1671938244,-0.1605025708,-0.2176694477,-0.0034004000,-0.0060243461,0.0016718063,-0.0029768496
57850.3178405556,2.1566969534,2.1910511881,2.1241323067,2.1479804713,-0.1633471445,-0.1537523227,-0.1475058649,-0.1292475416,-0.1344447553,-0.1664114092,-0.1559353541,-0.2168265666,-0.0041691840,-0.0054438767,0.0011918878,-0.0040282301
57850.3179111111,2.2075194041,2.2411110128,2.1417304324,2.1595868360,-0.1673149523,-0.1594769673,-0.1553908369,-0.1244330132,-0.1368250041,-0.1648889949,-0.1447830327,-0.2283550873,-0.0041573435,-0.0063628324,0.0007882708,-0.0042788681
57850.3179577778,2.2195154571,2.2573010518,2.1371326746,2.1520016727,-0.1682221465,-0.1605674818,-0.1585538937,-0.1209423747,-0.1388276206,-0.1671530056,-0.1389406873,-0.2302468589,-0.0047511013,-0.0065186369,0.0009485191,-0.0064498431
57850.3180044444,2.2003711095,2.2388791642,2.1487018342,2.1661399593,-0.1673293781,-0.1604339631,-0.1572513244,-0.1246278260,-0.1372769910,-0.1654962171,-0.1424263537,-0.2305980692,-0.0055773391,-0.0066125897,0.0023729413,-0.0055046774
57850.3180511111,2.1871825147,2.2217282068,2.1419726626,2.1608324773,-0.1650868144,-0.1580684860,-0.1566906784,-0.1250843417,-0.1367643167,-0.1658560407,-0.1437914317,-0.2292999347,-0.0047652717,-0.0073167230,0.0000156067,-0.0056528690
57850.3181216667,2.1466946372,2.1775894164,2.1243893619,2.1480942233,-0.1617586805,-0.1562684967,-0.1523974965,-0.1269805656,-0.1345011379,-0.1629251777,-0.1479297426,-0.2238699099,-0.0054937595,-0.0058774810,-0.0002069661,-0.0045691618
57850.3181683333,2.2067369812,2.2407930678,2.1731136597,2.1980576034,-0.1664995018,-0.1624494233,-0.1539402596,-0.1326977538,-0.1373457746,-0.1651004929,-0.1575213780,-0.2218861088,-0.0059698125,-0.0064949431,0.0006996939,-0.0035610897
57850.3182150000,2.1661666876,2.2008646806,2.1288893210,2.1518510521,-0.1650188224,-0.1578089451,-0.1491948802,-0.1312548796,-0.1335570744,-0.1632645470,-0.1567669788,-0.2151687979,-0.0033330658,-0.0064359282,0.0000141395,-0.0039155924
57850.3182616667,2.1508465692,2.1827533352,2.1445320526,2.1675154009,-0.1632377511,-0.1576006100,-0.1527537583,-0.1291155544,-0.1328216232,-0.1590756304,-0.1546054060,-0.2189561655,-0.0046683884,-0.0049523761,0.0014600759,-0.0042639807
57850.3183322222,2.2125392833,2.2470549309,2.1036998963,2.1194957347,-0.1687563117,-0.1640502882,-0.1546887964,-0.1227835076,-0.1367722469,-0.1587363258,-0.1398989650,-0.2258757367,-0.0033766100,-0.0049069493,0.0012259061,-0.0039044226
57850.3183788889,2.2333421967,2.2715080190,2.1614460096,2.1780611921,-0.1700261323,-0.1655736126,-0.1588384036,-0.1273464050,-0.1383598624,-0.1629270192,-0.1442288260,-0.2310878942,-0.0042968812,-0.0050975092,0.0001182647,-0.0050722692
57850.3184255555,2.2337179793,2.2703141647,2.1453236028,2.1627246756,-0.1704032632,-0.1666621201,-0.1576709255,-0.1245218485,-0.1377885837,-0.1602786968,-0.1435587556,-0.2291360089,-0.0037753963,-0.0057885703,-0.0005343378,-0.0043959971
57850.3184722222,2.2288192110,2.2667411038,2.1313203416,2.1485910394,-0.1708963314,-0.1657736793,-0.1552305483,-0.1263604906,-0.1381858760,-0.1623067532,-0.1439552719,-0.2258621473,-0.0055198267,-0.0051689257,0.0006386295,-0.0047648110
57850.3185427778,2.2150079632,2.2519451949,2.1347549976,2.1493172044,-0.1702990324,-0.1631437463,-0.1570971765,-0.1263593774,-0.1355657586,-0.1609478555,-0.1415622035,-0.2262826228,-0.0042840615,-0.0054459065,0.0020487627,-0.0041052213
57850.3185894444,2.2140670624,2.2506655172,2.1759843541,2.1979811479,-0.1708489851,-0.1627347801,-0.1594664675,-0.1316427277,-0.1357768860,-0.1654686852,-0.1496089677,-0.2268060201,-0.0048080722,-0.0050810997,0.0016969202,-0.0045727679
57850.3186361111,2.2087736095,2.2460832125,2.1533115522,2.1384283805,-0.1694381662,-0.1636587716,-0.1594563043,-0.1124067989,-0.1346498750,-0.1634142550,-0.1464504899,-0.2552685256,-0.0029933058,-0.0049698916,0.0008407084,-0.0053554790
57850.3186827778,2.2203619652,2.2574735985,2.1514329550,2.1702301645,-0.1714514855,-0.1637982801,-0.1577736996,-0.1296202397,-0.1364876460,-0.1637000274,-0.1458111442,-0.2261750692,-0.0045929959,-0.0064197827,0.0009716852,-0.0047477458
57850.3187533333,2.1558099201,2.1933527058,2.1701247591,2.1934565021,-0.1669390754,-0.1581719956,-0.1583257665,-0.1339408664,-0.1315909328,-0.1626811302,-0.1549994689,-0.2209335837,-0.0043835278,-0.0052975623,0.0007654763,-0.0049526532
57850.3188000000,2.1586347223,2.1910690002,2.1354506040,2.1589218557,-0.1666915333,-0.1587630058,-0.1571443508,-0.1302262725,-0.1321643361,-0.1634938916,-0.1491077436,-0.2209015188,-0.0042246210,-0.0054320158,0.0013505926,-0.0032430550
57850.3188466667,2.1430375203,2.1740102543,2.1329122191,2.1545413234,-0.1646666297,-0.1566444716,-0.1567699673,-0.1295093273,-0.1316523726,-0.1609512781,-0.1443580572,-0.2220953369,-0.0050201929,-0.0071784876,0.0013118611,-0.0046697656
57850.3188933333,2.1952962188,2.2307971216,2.1566596926,2.1752189275,-0.1688543856,-0.1620460037,-0.1601914961,-0.1305175837,-0.1347864597,-0.1636825502,-0.1441348104,-0.2275056504,-0.0047737639,-0.0063377616,-0.0001944306,-0.0047596707
57850.3189638889,2.1834485067,2.2193166356,2.1641526428,2.1852014779,-0.1687223959,-0.1605217493,-0.1595750798,-0.1313147005,-0.1327789075,-0.1638561555,-0.1487037551,-0.2255599676,-0.0052780517,-0.0050569483,0.0003119218,-0.0035925992
57850.3190105556,2.1655923469,2.1957379239,2.1392407618,2.1706401046,-0.1674439007,-0.1585146533,-0.1540115532,-0.1333427540,-0.1327877669,-0.1599066949,-0.1566552687,-0.2159255163,-0.0022641066,-0.0043373624,0.0010661337,-0.0030922850
57850.3190572222,2.1935295535,2.2267241545,2.1431880405,2.1726481082,-0.1686204547,-0.1622932246,-0.1560338821,-0.1322791098,-0.1347862871,-0.1620307247,-0.1532575208,-0.2171817832,-0.0042750026,-0.0037512164,0.0010341064,-0.0026603324
57850.3191038889,2.2021376000,2.2374406635,2.1510545678,2.1787366145,-0.1712642697,-0.1648305574,-0.1567657398,-0.1342897998,-0.1348367345,-0.1620781144,-0.1537207074,-0.2189126661,-0.0025363608,-0.0034575857,0.0006061649,-0.0031313219
57850.3191744444,2.1923837235,2.2268247942,2.1859716554,2.2132561427,-0.1688832993,-0.1629576202,-0.1573668527,-0.1388803469,-0.1347271890,-0.1626109477,-0.1615826843,-0.2167998332,-0.0048325090,-0.0043425538,0.0015330099,-0.0038654018
57850.3192211111,2.2039831940,2.2365951724,2.1410108270,2.1654548754,-0.1710405066,-0.1658911919,-0.1586676046,-0.1294613878,-0.1342459030,-0.1621763275,-0.1443243246,-0.2255853568,-0.0050349639,-0.0061901591,0.0001305072,-0.0059198635
57850.3192677778,2.1849708257,2.2189067718,2.1329462531,2.1552269150,-0.1699351583,-0.1644884942,-0.1600761919,-0.1290250573,-0.1338846936,-0.1596857025,-0.1426111442,-0.2244768550,-0.0052292684,-0.0061336877,0.0004646294,-0.0043108411
57850.3193144444,2.1594558546,2.1928130077,2.1140530554,2.1406168758,-0.1686912183,-0.1614291234,-0.1575735098,-0.1298312989,-0.1307426405,-0.1571929811,-0.1438853933,-0.2198093143,-0.0061300257,-0.0051700694,-0.0003055730,-0.0054936487
57850.3193850000,2.1912104614,2.2231576245,2.1305088418,2.1553799141,-0.1710866734,-0.1648289390,-0.1590302230,-0.1314068985,-0.1338181628,-0.1617859447,-0.1449233212,-0.2222356874,-0.0054186904,-0.0061665331,0.0002527628,-0.0052745878
57850.3194316667,2.2040815153,2.2395830731,2.1448425022,2.1621655556,-0.1728488375,-0.1671604071,-0.1643160038,-0.1295939644,-0.1351101341,-0.1606566613,-0.1375728346,-0.2298628626,-0.0045888454,-0.0048708289,0.0017665354,-0.0027934595
57850.3194783333,2.2020392821,2.2393188031,2.1540680654,2.1712851775,-0.1720949673,-0.1661685639,-0.1638709557,-0.1309432069,-0.1351654442,-0.1631049096,-0.1408085874,-0.2292778611,-0.0049384087,-0.0056853760,0.0014386023,-0.0040597766
57850.3195250000,2.1872369288,2.2227912806,2.1734444015,2.1941244888,-0.1714967932,-0.1647012086,-0.1628936413,-0.1363565402,-0.1321557236,-0.1643031860,-0.1501846100,-0.2230344668,-0.0054803788,-0.0066469367,0.0013669743,-0.0035949932
57850.3195955555,2.1844262096,2.2176096341,2.1411527840,2.1629211881,-0.1725140963,-0.1639574664,-0.1609455807,-0.1334515313,-0.1330412559,-0.1630687693,-0.1460026603,-0.2227263877,-0.0034414075,-0.0056428051,0.0016346236,-0.0037038690
57850.3196422222,2.1874261200,2.2237658429,2.1502093990,2.1728585215,-0.1730260540,-0.1667525370,-0.1598241774,-0.1355812252,-0.1325530430,-0.1601986729,-0.1527508896,-0.2195611630,-0.0038394044,-0.0055265638,0.0005372096,-0.0049784801
57850.3196888889,2.1576853289,2.1961841727,2.1419767674,2.1642875934,-0.1713858060,-0.1655375764,-0.1607911058,-0.1335215763,-0.1318337900,-0.1560765982,-0.1462237089,-0.2222816739,-0.0045047765,-0.0062539955,-0.0001808511,-0.0056979503
57850.3197355556,2.1154853120,2.1493178435,2.1195100421,2.1478683278,-0.1676869192,-0.1605490100,-0.1566987097,-0.1364935427,-0.1307252669,-0.1564693653,-0.1544779728,-0.2128110786,-0.0042769957,-0.0057962621,-0.0003451059,-0.0050640470
57850.3198061111,2.1167806838,2.1435463103,2.0844767539,2.1193615630,-0.1682888754,-0.1601065225,-0.1543176137,-0.1352941438,-0.1291624046,-0.1574025206,-0.1532659351,-0.2095343208,-0.0057334009,-0.0073943365,-0.0007546589,-0.0053585043
57850.3198527778,2.1663185425,2.1992497604,2.1851852406,2.2152170274,-0.1748371158,-0.1645259798,-0.1605028177,-0.1439651773,-0.1311442394,-0.1644267163,-0.1641376368,-0.2148188695,-0.0052674913,-0.0077033581,-0.0026928660,-0.0047010836
57850.3198994444,2.1327795184,2.1552952348,2.1683743952,2.2002836838,-0.1708305503,-0.1586219547,-0.1581971562,-0.1472829058,-0.1297041038,-0.1740456587,-0.1681384722,-0.2068506083,-0.0060481685,-0.0098235933,-0.0019419870,-0.0045634460
57850.3199461111,2.1159432420,2.1484390113,2.1858614864,2.2229691845,-0.1708153806,-0.1591117767,-0.1579379957,-0.1526131815,-0.1290645771,-0.1618398185,-0.1765517307,-0.2019333197,-0.0055155252,-0.0067742483,-0.0031472504,-0.0056046692
57850.3200166667,2.1288162370,2.1642999172,2.1929903378,2.2393547665,-0.1737798170,-0.1869333488,-0.1532593338,-0.1581337943,-0.1290789790,-0.1139344906,-0.1887003879,-0.1895080174,-0.0001170417,-0.0061374352,-0.0018844088,-0.0027966878
57850.3200633333,2.1477484891,2.1560404337,2.1687026888,2.2168824255,-0.1750661540,-0.1948320337,-0.1507679579,-0.1594045623,-0.1294921170,-0.0909077898,-0.1914485019,-0.1821536064,0.0002275241,-0.0035766654,-0.0023759732,-0.0022896707
57850.3201100000,2.1365085743,2.1463397244,2.1532634126,2.2000129689,-0.1741237233,-0.1944124325,-0.1489378411,-0.1605348245,-0.1299000619,-0.0900678244,-0.1893851479,-0.1818794983,0.0000021826,-0.0032129108,-0.0007267560,-0.0011397881
57850.3201566667,2.0213613341,2.0958651901,2.1459067220,2.1911533450,-0.1639495408,-0.1811509749,-0.1509531242,-0.1554638371,-0.1257148425,-0.1110690218,-0.1834922379,-0.1887311638,-0.0033849052,-0.0047368682,-0.0011154728,-0.0021998075
57850.3202272222,2.0383574485,2.1081979817,2.1070902484,2.1535486061,-0.1671858423,-0.1828679063,-0.1493570066,-0.1542153137,-0.1251718662,-0.1136465059,-0.1797691082,-0.1847955398,-0.0023883698,-0.0040650936,0.0005983962,-0.0000074469
57850.3202738889,2.0931693018,2.1511866085,2.1689195200,2.2127967847,-0.1720484736,-0.1766443144,-0.1548503011,-0.1594569360,-0.1279723929,-0.1385155709,-0.1848396851,-0.1890339981,-0.0041718709,-0.0051450925,-0.0004604825,-0.0027329429
57850.3203205556,2.0886635613,2.1327389180,2.1784087548,2.2195907575,-0.1722812964,-0.1702429063,-0.1570210917,-0.1577678997,-0.1269386572,-0.1535927041,-0.1814586373,-0.1957385312,-0.0032285842,-0.0072466019,-0.0013238174,-0.0030273049
57850.3203672222,2.0368122528,2.0658347442,2.1083354670,2.1550108051,-0.1675892563,-0.1795873704,-0.1494287128,-0.1574265823,-0.1241097511,-0.1043292218,-0.1841815961,-0.1775122775,0.0009593662,0.0022094380,-0.0012906143,-0.0029390964
57850.3204377778,1.9855054027,2.0134355748,2.0560705049,2.0956031817,-0.1652754464,-0.1763519915,-0.1485330514,-0.1529633529,-0.1200532143,-0.1015860931,-0.1786905708,-0.1775554147,0.0000587845,0.0012492217,-0.0025206066,-0.0028810627
57850.3204844444,2.0779754096,2.1554668811,2.1392601923,2.1734025227,-0.1723931625,-0.1872658733,-0.1572452964,-0.1568888660,-0.1264889051,-0.1195331006,-0.1768391630,-0.1946086947,-0.0054850206,-0.0044330879,-0.0023199516,-0.0046392912
57850.3205311111,2.1267658084,2.1597732315,2.1857667324,2.2192754294,-0.1765796157,-0.1654328578,-0.1654182333,-0.1550284565,-0.1292082642,-0.1639846956,-0.1690257012,-0.2107422777,-0.0042601846,-0.0071691649,-0.0005170558,-0.0046404289
57850.3205777778,2.2698563207,2.3015800649,2.1944118502,2.2328764268,-0.1908831680,-0.1892947098,-0.1623159455,-0.1639007886,-0.1378979005,-0.1455458285,-0.1792808397,-0.1898693724,-0.0043169179,-0.0050717674,-0.0038873337,-0.0035582722
57850.3241683333,0.2927477114,0.3435429199,0.3169969063,0.3454350699,-0.0052494174,-0.0219452497,-0.0281280093,-0.0045252932,-0.0585363047,-0.0038728065,-0.0166588050,-0.0405063269,-0.0000751539,0.0003744880,0.0009207335,0.0005350922
57850.3242150000,1.9949473439,2.0158486966,2.0132719043,2.0512756847,-0.1648085960,-0.1540091483,-0.1500902337,-0.1495572704,-0.1040530064,-0.1332885974,-0.1437638375,-0.1588335644,-0.0040416826,-0.0060079866,-0.0009506178,-0.0028155461
57850.3242616667,1.9353235748,1.9570774742,1.9587815245,1.9897045444,-0.1594369023,-0.1487125233,-0.1478714562,-0.1404353163,-0.1008250694,-0.1291407705,-0.1354898769,-0.1583594153,-0.0019066311,-0.0037421479,0.0005996760,-0.0021766823
57850.3243083333,1.9853061560,2.0058883224,1.9992857851,2.0363982580,-0.1624836370,-0.1533340351,-0.1482490007,-0.1455860755,-0.1027249573,-0.1322851186,-0.1425900304,-0.1598016049,-0.0029592290,-0.0041307953,0.0026358220,-0.0012587692
57850.3243788889,2.0399747363,2.0598055040,2.0665541981,2.1090043911,-0.1684256576,-0.1549560802,-0.1549251025,-0.1509241753,-0.1046406665,-0.1367961906,-0.1442997836,-0.1652605280,-0.0032458584,-0.0048336749,-0.0002424997,-0.0031650482
57850.3244255556,2.1061333859,2.1361279714,2.1297021773,2.1619066675,-0.1712970082,-0.1631288920,-0.1600566653,-0.1512783824,-0.1098421774,-0.1383923514,-0.1422297669,-0.1745839746,-0.0033005326,-0.0055918393,0.0002206796,-0.0035319132
57850.3244722222,2.1069870167,2.1336035917,2.1533425059,2.1873208012,-0.1711113399,-0.1625538671,-0.1599318910,-0.1540720870,-0.1094506253,-0.1383643884,-0.1462928741,-0.1745246646,-0.0034423175,-0.0055565779,0.0002022901,-0.0025071177
57850.3245188889,2.1103539872,2.1366787862,2.1372004566,2.1666864007,-0.1706635096,-0.1615854471,-0.1623679073,-0.1468142374,-0.1108141042,-0.1379462637,-0.1365257425,-0.1790305850,-0.0029401450,-0.0045065333,-0.0000532941,-0.0037854671
57850.3245894444,2.0811283119,2.1104381349,2.1213952432,2.1515894471,-0.1671702791,-0.1579011346,-0.1617774986,-0.1453757554,-0.1082301770,-0.1360461800,-0.1334020313,-0.1791276137,-0.0034464738,-0.0055212893,0.0015795783,-0.0035685403
57850.3246361111,2.1636158869,2.1959644116,2.1620127655,2.1876634368,-0.1746805984,-0.1642477702,-0.1691856770,-0.1424175724,-0.1111066834,-0.1392960718,-0.1241224600,-0.1905476031,-0.0042519321,-0.0060124519,0.0006548196,-0.0051902411
57850.3246827778,2.1983453136,2.2320815266,2.1723619609,2.1955221005,-0.1751450822,-0.1674757278,-0.1721132788,-0.1404142399,-0.1127263742,-0.1396753672,-0.1219440174,-0.1948312005,-0.0043288060,-0.0055193605,0.0020202446,-0.0046296924
57850.3247294444,2.2080158636,2.2460932927,2.1612482330,2.1786262537,-0.1754648099,-0.1690556367,-0.1711379568,-0.1378132522,-0.1115583245,-0.1382121437,-0.1167230233,-0.1972964521,-0.0044552685,-0.0066389392,0.0004548503,-0.0052090108
57850.3248000000,2.1899052167,2.2255392928,2.1326315832,2.1530339560,-0.1739916307,-0.1661421353,-0.1699943673,-0.1350754279,-0.1102115487,-0.1367037568,-0.1141716080,-0.1945528385,-0.0051953314,-0.0064479482,-0.0001153099,-0.0055301087
57850.3248466667,2.1765150006,2.2112069406,2.1117622088,2.1297092376,-0.1698419264,-0.1643976116,-0.1642263065,-0.1338410914,-0.1114086634,-0.1384670106,-0.1183121035,-0.1875075599,-0.0047892314,-0.0062978251,0.0012476099,-0.0052270502
57850.3248933333,2.1398279524,2.1734557161,2.1177527432,2.1414729909,-0.1678923436,-0.1587001457,-0.1621377781,-0.1381613960,-0.1095085613,-0.1374293784,-0.1220458153,-0.1844984492,-0.0050050274,-0.0065735570,0.0002655040,-0.0049957137
57850.3249400000,2.1214718786,2.1533357685,2.1267660877,2.1520395301,-0.1666370434,-0.1578826703,-0.1633670871,-0.1383808759,-0.1074604087,-0.1354824717,-0.1230683933,-0.1827008715,-0.0043905170,-0.0050714074,-0.0001260167,-0.0045683152
57850.3250105555,2.1579275912,2.1891238783,2.1783464932,2.2074902938,-0.1692349181,-0.1589149934,-0.1614813019,-0.1439039990,-0.1091494040,-0.1383956790,-0.1338380873,-0.1804849642,-0.0022931217,-0.0056727652,-0.0003175793,-0.0033187788
57850.3250572222,2.1267227347,2.1586441612,2.1816242004,2.2202106968,-0.1647840509,-0.1555195495,-0.1556644090,-0.1513730303,-0.1077863595,-0.1377381513,-0.1470375486,-0.1681427603,-0.0044171996,-0.0065215550,-0.0011509351,-0.0033133477
57850.3251038889,2.1332383067,2.1618859873,2.1845961884,2.2214424395,-0.1657087094,-0.1543994835,-0.1554871834,-0.1507512014,-0.1077693342,-0.1379207331,-0.1435614175,-0.1684430718,-0.0051714175,-0.0079666367,-0.0022932719,-0.0046358528
57850.3251505555,2.1367344197,2.1688213622,2.1846931545,2.2234125842,-0.1654104587,-0.1533510970,-0.1538782256,-0.1504057463,-0.1095162272,-0.1398383233,-0.1471074423,-0.1649950974,-0.0061226317,-0.0085804885,-0.0022927965,-0.0040757042
57850.3252211111,2.1338346072,2.1677839373,2.1684380269,2.2031375108,-0.1651734289,-0.1545595611,-0.1526145794,-0.1475229012,-0.1099254256,-0.1385761216,-0.1450878267,-0.1677750940,-0.0042718181,-0.0061295426,0.0012713756,-0.0044212135
57850.3252677778,2.1780891528,2.2112628708,2.1472218805,2.1706520065,-0.1676607445,-0.1580730966,-0.1624497238,-0.1351100802,-0.1105691481,-0.1392551085,-0.1198756053,-0.1885657380,-0.0035118495,-0.0052377505,0.0010533129,-0.0061865486
57850.3253144444,2.1990531596,2.2333412437,2.1575363864,2.1752297339,-0.1695665310,-0.1612895439,-0.1636232544,-0.1316647366,-0.1120886978,-0.1366724387,-0.1164765761,-0.1909016225,-0.0050063328,-0.0058596728,0.0009008928,-0.0043497801
57850.3253611111,2.2102550141,2.2447096519,2.1585483957,2.1780921747,-0.1707188382,-0.1599668090,-0.1627897450,-0.1328265810,-0.1137480118,-0.1385152985,-0.1185939248,-0.1905565391,-0.0057826700,-0.0050460133,-0.0001668637,-0.0049178419
57850.3254316667,2.2049384774,2.2389145934,2.1646811381,2.1851456283,-0.1687602874,-0.1587379880,-0.1637819757,-0.1332665466,-0.1124053100,-0.1380298431,-0.1171594820,-0.1920683114,-0.0037905488,-0.0044170885,0.0011317236,-0.0039626058
57850.3254783333,2.2125979231,2.2487202745,2.1674141695,2.1870723479,-0.1686068109,-0.1618232123,-0.1635437372,-0.1308247288,-0.1131786006,-0.1402452218,-0.1169433932,-0.1924623527,-0.0039119445,-0.0066890508,0.0018115219,-0.0051645620
57850.3255250000,2.1775947484,2.2112563169,2.1687056651,2.1943936236,-0.1647435783,-0.1555941917,-0.1598586195,-0.1341945288,-0.1117287942,-0.1382961279,-0.1252768427,-0.1852260458,-0.0048106726,-0.0063532602,0.0006454495,-0.0045703233
57850.3255716667,2.1980639420,2.2301139052,2.1684094436,2.1932174143,-0.1668157444,-0.1569533828,-0.1609317573,-0.1325324929,-0.1114615258,-0.1386942349,-0.1216417337,-0.1898593061,-0.0036505673,-0.0051466751,-0.0014918836,-0.0045606019
57850.3256422222,2.2228171852,2.2601139151,2.1561040984,2.1737284746,-0.1663914309,-0.1604654322,-0.1642627082,-0.1267037359,-0.1146326875,-0.1381202404,-0.1127224782,-0.1943221286,-0.0046470958,-0.0058169095,-0.0005865519,-0.0053340284
57850.3256888889,2.2317618125,2.2672021407,2.1665286043,2.1863218637,-0.1674472743,-0.1614967871,-0.1644163824,-0.1279938633,-0.1132056945,-0.1382100058,-0.1131227180,-0.1930903427,-0.0048512101,-0.0061547264,0.0001037036,-0.0045173665
57850.3257355556,2.2274463667,2.2630747346,2.1530154825,2.1718274795,-0.1669616538,-0.1608884888,-0.1609103687,-0.1271754234,-0.1129883118,-0.1367803347,-0.1146010417,-0.1923670898,-0.0047677103,-0.0053349438,0.0009340881,-0.0053871564
57850.3257822222,2.2001513286,2.2383511152,2.1346754593,2.1508774689,-0.1656104268,-0.1584027785,-0.1618787073,-0.1258119557,-0.1109248590,-0.1327679580,-0.1112738956,-0.1925459337,-0.0058784330,-0.0060984153,0.0011310522,-0.0044265518
57850.3258527778,2.2040072132,2.2403776613,2.1844061789,2.2092688142,-0.1634577918,-0.1573851747,-0.1594602902,-0.1326167977,-0.1106767608,-0.1381318972,-0.1230725331,-0.1892129096,-0.0034906161,-0.0046529206,0.0005948038,-0.0037823820
57850.3258994444,2.2207424855,2.2560730361,2.1503877534,2.1700462858,-0.1653444070,-0.1569217611,-0.1578660795,-0.1274679944,-0.1128464047,-0.1367340471,-0.1187248721,-0.1883482378,-0.0038721598,-0.0040050897,0.0022415642,-0.0049921536
57850.3259461111,2.2088632315,2.2454605829,2.1494973086,2.1699727159,-0.1642327859,-0.1578961892,-0.1582126347,-0.1294669635,-0.1133521191,-0.1359294235,-0.1174275432,-0.1864421151,-0.0040156047,-0.0052074885,0.0011007179,-0.0025521275
57850.3259927778,2.1646148909,2.1983298255,2.1372609288,2.1598180219,-0.1606760557,-0.1527114663,-0.1572065471,-0.1273753470,-0.1104092130,-0.1338527373,-0.1168897151,-0.1846504487,-0.0044640662,-0.0058726786,-0.0003711437,-0.0041279209
57850.3260633333,2.1336073584,2.1630809486,2.1890046080,2.2309798410,-0.1582900177,-0.1457793985,-0.1446028510,-0.1468669832,-0.1076201735,-0.1390748676,-0.1480375405,-0.1612869004,-0.0038023005,-0.0049479066,-0.0005276908,-0.0027623000
57850.3261100000,2.1074700240,2.1372504678,2.1851767901,2.2215620086,-0.1548387197,-0.1448306343,-0.1492934865,-0.1388212855,-0.1051887792,-0.1365401515,-0.1401920420,-0.1677749682,-0.0043650849,-0.0056638640,-0.0001050829,-0.0027736556
57850.3261566667,2.0998733048,2.1287617907,2.1746263377,2.2101786688,-0.1542349587,-0.1468065822,-0.1466368460,-0.1391172477,-0.1072076920,-0.1403121161,-0.1394764951,-0.1671267386,-0.0047331974,-0.0085677580,-0.0010080525,-0.0026341977
57850.3262033333,2.1364592150,2.1675908145,2.1502020899,2.1827843352,-0.1569641540,-0.1452637731,-0.1469116486,-0.1346210494,-0.1085063924,-0.1373863912,-0.1336733660,-0.1693810378,-0.0042660386,-0.0059041825,-0.0014233854,-0.0043208572
57850.3262738889,2.2210484183,2.2556933009,2.1401335223,2.1589541351,-0.1636032462,-0.1559737581,-0.1586079389,-0.1207010796,-0.1137558556,-0.1379147664,-0.1103281757,-0.1913778928,-0.0053081977,-0.0050628911,0.0011208977,-0.0053366139
57850.3263205556,2.2084406657,2.2446982162,2.1326425415,2.1477599995,-0.1616060868,-0.1531743346,-0.1585393592,-0.1190922204,-0.1135202279,-0.1363457883,-0.1098991679,-0.1924091348,-0.0060745823,-0.0075244468,-0.0003882216,-0.0054665433
57850.3263672222,2.1931095544,2.2262436572,2.1339632660,2.1523532192,-0.1604734949,-0.1516026801,-0.1542834062,-0.1214891307,-0.1138355083,-0.1377695652,-0.1152347904,-0.1871471494,-0.0048858504,-0.0050709620,-0.0004851938,-0.0047432696
57850.3264138889,2.0237805213,2.1326648571,2.1412967785,2.1701527178,-0.1483472495,-0.1317352395,-0.1480736235,-0.1284739326,-0.1028563972,-0.1629545347,-0.1271802659,-0.1772238121,-0.0017851991,-0.0128382280,-0.0006908067,-0.0048876859
57850.3264844444,2.1019124528,2.1323942247,2.1513526859,2.1814636528,-0.1528284847,-0.1415529926,-0.1462419580,-0.1323852130,-0.1101681131,-0.1380253997,-0.1327529248,-0.1753056940,-0.0041241292,-0.0068498146,-0.0002713455,-0.0039014096
57850.3265311111,2.1107340301,2.1369676971,2.1760391478,2.2142239382,-0.1532658732,-0.1404173077,-0.1432910470,-0.1388366023,-0.1097325296,-0.1390255781,-0.1433125044,-0.1673347730,-0.0036157664,-0.0056259110,-0.0007385178,-0.0029846603
57850.3265777778,2.0810493039,2.1277858303,2.1461327885,2.1788195884,-0.1494620290,-0.1509229282,-0.1426764063,-0.1355637669,-0.1067909420,-0.1259696355,-0.1403798573,-0.1661979115,-0.0045793518,-0.0062769628,-0.0010141851,-0.0025351331
57850.3266244444,2.1360588982,2.1687301573,2.1576300064,2.1846012078,-0.1536818559,-0.1443655545,-0.1478768053,-0.1293102277,-0.1120457618,-0.1395152417,-0.1306755707,-0.1773953277,-0.0046159746,-0.0050409112,-0.0000739726,-0.0030930441
57850.3266950000,2.1521628999,2.1831481471,2.1949575321,2.2237704174,-0.1549747444,-0.1449870311,-0.1501968721,-0.1311839548,-0.1115943881,-0.1394445419,-0.1330500158,-0.1798413447,-0.0045101810,-0.0066138258,0.0004583017,-0.0039589040
57850.3267416667,2.0736213561,2.1071567974,2.1415426886,2.1703217452,-0.1506451204,-0.1401653500,-0.1447317059,-0.1300347446,-0.1074589241,-0.1349786406,-0.1323196620,-0.1742820962,-0.0046867082,-0.0063335834,-0.0012789834,-0.0036017642
57850.3267883333,2.0707050015,2.0976068209,2.1061647836,2.1350951186,-0.1503499528,-0.1389023231,-0.1429374615,-0.1277660726,-0.1079722310,-0.1380447828,-0.1302717986,-0.1701616170,-0.0054371263,-0.0062939198,-0.0006561731,-0.0026779869
57850.3268350000,2.0772786818,2.1042102175,2.1014511223,2.1332252557,-0.1497736599,-0.1404357567,-0.1410260031,-0.1280424332,-0.1083900670,-0.1375132777,-0.1317592087,-0.1664150508,-0.0043562657,-0.0053779806,-0.0011173745,-0.0041047976
57850.3269055556,2.1288511022,2.1562241510,2.1268842036,2.1571021216,-0.1550910568,-0.1438863030,-0.1431907619,-0.1272838041,-0.1107814869,-0.1404090294,-0.1303094684,-0.1747089990,-0.0041215937,-0.0062251736,0.0005394070,-0.0032264578
57850.3269522222,2.2035134394,2.2386024144,2.1566716611,2.1784371070,-0.1609803545,-0.1502497802,-0.1524835954,-0.1223043725,-0.1157886189,-0.1402572690,-0.1203422046,-0.1888626933,-0.0027372233,-0.0034067515,0.0031915622,-0.0028367513
57850.3269988889,2.2150766121,2.2481733868,2.1415247210,2.1594828794,-0.1597293913,-0.1518466592,-0.1547294451,-0.1179993949,-0.1177525740,-0.1384420530,-0.1148253556,-0.1919286638,-0.0034524982,-0.0054295231,0.0033773129,-0.0031530800
57850.3270455556,2.2011510565,2.2331928220,2.1146974745,2.1328388273,-0.1605992825,-0.1527384805,-0.1543413607,-0.1156425309,-0.1155324535,-0.1368076347,-0.1104493130,-0.1928790884,-0.0035266917,-0.0037604748,0.0015421079,-0.0026687812
57850.3271161111,2.2290870569,2.2660747898,2.1070964186,2.1107829391,-0.1609825312,-0.1574546542,-0.1550985403,-0.1058442573,-0.1180493188,-0.1364740465,-0.1071532238,-0.2013869008,-0.0025603011,-0.0035228509,0.0026858259,-0.0023074864
57850.3271627778,2.2283019357,2.2665330122,2.1650049701,2.1825373801,-0.1610291396,-0.1545220623,-0.1555247597,-0.1197599945,-0.1182065071,-0.1396825250,-0.1172506256,-0.1936995620,-0.0032497562,-0.0042808707,0.0003320291,-0.0036226047
57850.3272094444,2.2265533715,2.2630298950,2.1582630619,2.1785818527,-0.1616099376,-0.1537114249,-0.1548285822,-0.1206620763,-0.1181999732,-0.1406722521,-0.1190417192,-0.1924461126,-0.0039995013,-0.0044787159,0.0008101635,-0.0048156567
57850.3272561111,2.2086096665,2.2457620175,2.1655569447,2.1856779618,-0.1596439845,-0.1534641726,-0.1542821424,-0.1215148577,-0.1168138885,-0.1414667441,-0.1221151517,-0.1926182342,-0.0032087843,-0.0043576892,0.0009591556,-0.0041392138
57850.3273266667,2.2257370068,2.2637910184,2.1315278672,2.1484575743,-0.1602416575,-0.1539604813,-0.1524675503,-0.1178158037,-0.1193107036,-0.1412539480,-0.1180404183,-0.1913010408,-0.0053647317,-0.0061247134,0.0022758358,-0.0041046927
57850.3273733333,2.2283928209,2.2646826898,2.1366250633,2.1536956589,-0.1613620507,-0.1542605511,-0.1559734019,-0.1151101157,-0.1190560048,-0.1415232453,-0.1126649554,-0.1969449143,-0.0036780719,-0.0044817259,0.0015131748,-0.0039918899
57850.3274200000,2.1946531868,2.2288744679,2.1500163207,2.1725271438,-0.1604860465,-0.1502347832,-0.1518655140,-0.1222315898,-0.1181300101,-0.1433064930,-0.1231655243,-0.1890356344,-0.0047035671,-0.0044847441,0.0007411140,-0.0046938308
57850.3274666667,2.1767483927,2.2076400893,2.1743459369,2.2011660899,-0.1575207145,-0.1490072741,-0.1509725633,-0.1257802104,-0.1173349768,-0.1441628367,-0.1332399386,-0.1857999419,-0.0036562366,-0.0056243195,0.0016310447,-0.0034360673
57850.3275372222,2.1318217331,2.1612001164,2.1271404596,2.1515331815,-0.1562266614,-0.1441798679,-0.1470216934,-0.1236689749,-0.1149557562,-0.1415534703,-0.1296700572,-0.1815909144,-0.0041858103,-0.0049105619,0.0008453203,-0.0025039804
57850.3275838889,2.0839802949,2.1152415029,2.1073788266,2.1335630613,-0.1520103760,-0.1410051671,-0.1460100336,-0.1233541637,-0.1133127295,-0.1390615041,-0.1283998688,-0.1779484226,-0.0030498746,-0.0050524860,0.0008209674,-0.0030185976
57850.3276305556,2.0354212890,2.0651891744,2.1017676992,2.1319435041,-0.1478395345,-0.1378727333,-0.1420000112,-0.1266954678,-0.1103578313,-0.1406475808,-0.1356292982,-0.1705158442,-0.0028281631,-0.0066769046,0.0007017744,-0.0024334477
57850.3276772222,2.0183208931,2.0456810036,2.0498236787,2.0807706155,-0.1471938362,-0.1359607342,-0.1358305396,-0.1274148058,-0.1115106428,-0.1385045439,-0.1379656810,-0.1626956599,-0.0041534361,-0.0062352184,0.0015721694,-0.0026318078
57850.3277477778,2.0022754350,2.0395588340,2.0297289752,2.0596750136,-0.1476593108,-0.1423340739,-0.1336801856,-0.1261161628,-0.1107769193,-0.1342536260,-0.1358484794,-0.1606546786,-0.0027939229,-0.0074785883,-0.0018995308,-0.0039754777
57850.3277944444,2.1528027002,2.1772716362,2.1826915313,2.2154143881,-0.1585753346,-0.1435260312,-0.1460608074,-0.1321327030,-0.1186881712,-0.1580771120,-0.1429048178,-0.1788242192,-0.0052245600,-0.0091836050,-0.0017385723,-0.0051207551
57850.3278411111,2.1330975230,2.1673746837,2.1867923943,2.2174400534,-0.1558828461,-0.1451660979,-0.1489216574,-0.1316198094,-0.1164822441,-0.1468735661,-0.1397237277,-0.1834630820,-0.0046376212,-0.0066192974,-0.0000339258,-0.0032856013
57850.3278877778,2.1195584040,2.1503905756,2.1086400324,2.1352357424,-0.1541238763,-0.1448882937,-0.1478836716,-0.1227736998,-0.1168161574,-0.1448607163,-0.1281446127,-0.1835008009,-0.0047797865,-0.0074927499,0.0000682925,-0.0056216381
57850.3279583333,2.1718619752,2.2016888731,2.1094614433,2.1351538626,-0.1592560670,-0.1500028344,-0.1509139561,-0.1178711340,-0.1208773187,-0.1442524232,-0.1219297405,-0.1921191341,-0.0060892255,-0.0065464780,0.0000377729,-0.0051414929
57850.3280050000,2.1941630068,2.2300677954,2.1535636217,2.1723907972,-0.1622851837,-0.1521531890,-0.1558731875,-0.1200969223,-0.1204625435,-0.1459716087,-0.1241262960,-0.1963232347,-0.0035070855,-0.0056410487,0.0004068539,-0.0032566748
57850.3280516667,2.1695525317,2.2077312935,2.1392856132,2.1575642347,-0.1593806934,-0.1523554157,-0.1527068206,-0.1193623989,-0.1202884623,-0.1446875336,-0.1234341948,-0.1941548352,-0.0051150533,-0.0066394740,0.0005817791,-0.0032876064
57850.3280983333,2.1798858505,2.2159918448,2.0962493282,2.1108538855,-0.1613382060,-0.1522472761,-0.1527191815,-0.1154660913,-0.1183090025,-0.1418437631,-0.1141777420,-0.1952584250,-0.0035533544,-0.0056530362,0.0003089747,-0.0045230350
57850.3281688889,2.1583958109,2.1948589445,2.0808885375,2.0916440957,-0.1601173020,-0.1512154380,-0.1553601419,-0.1108789615,-0.1183930407,-0.1401937564,-0.1110597841,-0.1966854281,-0.0029472443,-0.0036600287,0.0006531537,-0.0054371471
57850.3282155556,2.2260930296,2.2622600453,2.1300835278,2.1442420021,-0.1657890676,-0.1564997063,-0.1583045501,-0.1155536044,-0.1228259697,-0.1442410749,-0.1141206734,-0.2000683303,-0.0038041419,-0.0040075526,0.0018068125,-0.0038303061
57850.3282622222,2.2371256565,2.2766136149,2.1180364245,2.1425368701,-0.1655678611,-0.1589997336,-0.1591959272,-0.1177151750,-0.1246256314,-0.1439503498,-0.1088185705,-0.1883749314,-0.0030401948,-0.0048537512,0.0023965426,-0.0011114022
57850.3283088889,2.2400794149,2.2791395943,2.0910356075,2.1414436863,-0.1662295387,-0.1624826497,-0.1588129710,-0.1327740348,-0.1235258813,-0.1391651609,-0.1088996158,-0.1612381379,-0.0046736103,-0.0035958510,-0.0027410197,-0.0004873020
57850.3283794444,2.2426933454,2.2805727353,2.0870882545,2.1296411624,-0.1651603381,-0.1655119086,-0.1402634330,-0.1526182697,-0.1234033059,-0.1330240740,-0.1420178083,-0.1242376637,-0.0044613998,-0.0052430230,-0.0047798656,0.0008663793
57850.3284261111,2.2699046084,2.3088499852,2.1014440672,2.1466747775,-0.1688999222,-0.1684546963,-0.1404190422,-0.1532280830,-0.1261061342,-0.1335161841,-0.1480334136,-0.1239200447,-0.0032813353,-0.0047301181,-0.0049892463,-0.0003130718
57850.3284727778,2.2681515706,2.3081242248,2.1068052765,2.1491412422,-0.1686963068,-0.1694147571,-0.1300983546,-0.1631168594,-0.1244580880,-0.1294073111,-0.1673858843,-0.1039419246,-0.0036414732,-0.0021392981,-0.0063661401,0.0015392746
57850.3285194444,2.2644256415,2.3032454546,2.0910935463,2.1318046927,-0.1685889630,-0.1691869882,-0.1286622705,-0.1638028593,-0.1242980449,-0.1306817426,-0.1670444519,-0.1024767555,-0.0039341564,-0.0036195322,-0.0076298039,0.0013849137
57850.3285900000,2.2624150405,2.3022165187,2.1057987204,2.1494702435,-0.1671524825,-0.1692430193,-0.1325156875,-0.1632481420,-0.1248030428,-0.1281982622,-0.1639099962,-0.1056912889,-0.0033813084,-0.0028384771,-0.0059121013,0.0018141854
57850.3286366667,2.2552939212,2.2918697292,2.0825466446,2.1262287439,-0.1680193884,-0.1673340076,-0.1366138124,-0.1558194944,-0.1244945490,-0.1290538214,-0.1482386457,-0.1170069242,-0.0036568978,-0.0016056006,-0.0040092794,0.0019366410
57850.3286833333,2.1887020862,2.2250982395,1.9999996189,2.0455025596,-0.1615727266,-0.1594957765,-0.1399834942,-0.1403670281,-0.1207404128,-0.1301072921,-0.1266802167,-0.1266756547,-0.0044213282,-0.0024485222,-0.0043481776,0.0012411600
57850.3287300000,2.1244753538,2.1554947256,1.9725324782,2.0261379680,-0.1561546949,-0.1489525702,-0.1649182926,-0.1106714329,-0.1160032536,-0.1347379983,-0.0753872321,-0.1774604342,-0.0033875081,-0.0038395566,-0.0004409544,-0.0029305760
57850.3288005556,2.1628139200,2.1947162075,2.1262910220,2.1455426093,-0.1599018643,-0.1513645401,-0.1561348828,-0.1157875065,-0.1193808622,-0.1414747146,-0.1169380390,-0.1959758968,-0.0025149681,-0.0032211292,0.0012755619,-0.0043074318
57850.3288472222,2.1997721184,2.2336943169,2.1442095112,2.1619678283,-0.1628195674,-0.1531144169,-0.1545867668,-0.1187223613,-0.1192810343,-0.1460565486,-0.1215935531,-0.1931961066,-0.0037272263,-0.0027810127,0.0027135267,-0.0050251242
57850.3288938889,2.2299788436,2.2656737648,2.1531546906,2.1674475832,-0.1640925556,-0.1566665794,-0.1585858626,-0.1179197802,-0.1211901115,-0.1437130816,-0.1156289066,-0.1993650003,-0.0042964301,-0.0052537082,0.0019658523,-0.0041119629
57850.3289405556,2.1714746605,2.2058924657,2.1530185189,2.1747867177,-0.1595612178,-0.1511725404,-0.1541425068,-0.1226940214,-0.1179429405,-0.1435489462,-0.1248063633,-0.1917699850,-0.0047218748,-0.0048359612,0.0017143707,-0.0025088315
57850.3290111111,2.1100327564,2.1422825862,2.0141935737,2.0270192665,-0.1564224299,-0.1471654295,-0.1435989958,-0.1129852896,-0.1145993670,-0.1391117196,-0.1158826367,-0.1793164386,-0.0018888579,-0.0042262755,0.0034685380,-0.0030185459
57850.3290577778,2.0859369946,2.1171525840,2.0363990919,2.0561193905,-0.1538437762,-0.1423546830,-0.1442705853,-0.1153218925,-0.1121104083,-0.1401198761,-0.1205234660,-0.1782765526,-0.0032152522,-0.0042762775,0.0008371261,-0.0040206278
57850.3291044444,2.0214882091,2.0492266188,2.0178869280,2.0434182235,-0.1509535884,-0.1375015830,-0.1376529906,-0.1206811240,-0.1090635290,-0.1367814122,-0.1272305713,-0.1679160087,-0.0045196065,-0.0066375953,0.0005936332,-0.0028485224
57850.3291511111,1.9773840847,1.9946369226,1.9985820296,2.0233466831,-0.1446992162,-0.1310863573,-0.1356299721,-0.1196701561,-0.1058211484,-0.1421428077,-0.1277376434,-0.1630631876,-0.0028578167,-0.0087803063,0.0008639944,-0.0031140290
57850.3292216667,2.0360636228,2.0624566225,2.0246786396,2.0485941336,-0.1500094835,-0.1383292249,-0.1407535174,-0.1178370289,-0.1085074111,-0.1388294264,-0.1225314824,-0.1704220133,-0.0032955235,-0.0067964214,-0.0016316372,-0.0042685094
57850.3292683333,2.1542546182,2.1856244042,2.1522295714,2.1817791458,-0.1577443263,-0.1477542644,-0.1488879179,-0.1254916839,-0.1153033477,-0.1440173090,-0.1304206609,-0.1816614833,-0.0041775078,-0.0056435953,-0.0008949154,-0.0048585786
57850.3293150000,2.0948703384,2.0949239917,2.1212833988,2.1481973180,-0.1538746317,-0.1285364399,-0.1468466116,-0.1241574575,-0.1128322792,-0.1669672223,-0.1297517145,-0.1778765895,-0.0036498018,-0.0084528026,-0.0015460856,-0.0050237477
57850.3293616667,2.0652096987,2.0873082058,2.0297431041,2.0578902394,-0.1519804859,-0.1400932732,-0.1435317520,-0.1165378067,-0.1096464349,-0.1373970561,-0.1202376684,-0.1764203611,-0.0062287873,-0.0071563076,-0.0015229900,-0.0045266193
57850.3294322222,2.1255738086,2.1510728358,2.0514795170,2.0671201838,-0.1562927032,-0.1463833574,-0.1505294450,-0.1106972011,-0.1114950925,-0.1389607834,-0.1102669188,-0.1871204085,-0.0080730125,-0.0078705744,-0.0026019191,-0.0063190311
57850.3294788889,2.1786740232,2.2146862815,2.1472655652,2.1666663946,-0.1615880554,-0.1504411246,-0.1547129535,-0.1194114005,-0.1156156925,-0.1405547775,-0.1191072022,-0.1898191699,-0.0048907298,-0.0060604546,-0.0011086464,-0.0045282232
57850.3295255556,2.1847867003,2.2195650325,2.1544680233,2.1754941326,-0.1605540470,-0.1505046805,-0.1548427938,-0.1204790372,-0.1158395555,-0.1404034526,-0.1202336450,-0.1897563254,-0.0044133712,-0.0056400048,0.0011266144,-0.0024947260
57850.3295722222,2.1691075429,2.2029721394,2.1283526850,2.1497177050,-0.1609783042,-0.1494149761,-0.1527176558,-0.1201354851,-0.1147440797,-0.1376178744,-0.1196893056,-0.1860019592,-0.0040525082,-0.0043674683,0.0021561843,-0.0042456155
57850.3296427778,2.2005836762,2.2357897379,2.1396258428,2.1562883556,-0.1624276053,-0.1541340090,-0.1568917731,-0.1182556119,-0.1143569612,-0.1382145853,-0.1145643574,-0.1923134428,-0.0030893744,-0.0041101853,0.0027514129,-0.0035181966
57850.3296894445,2.1994097254,2.2327356654,2.1630356306,2.1793273203,-0.1625237383,-0.1532863458,-0.1583947034,-0.1187226995,-0.1154431639,-0.1413175073,-0.1171330074,-0.1926244082,-0.0045532137,-0.0046585427,0.0021421483,-0.0033669467
57850.3297361111,2.2332867816,2.2655131085,2.1700133098,2.2129837916,-0.1651182450,-0.1667961777,-0.1431950993,-0.1437059747,-0.1162746118,-0.1229890148,-0.1446376425,-0.1544467141,-0.0024017508,-0.0040971212,-0.0029850765,-0.0041383212
57850.3297827778,2.1777189699,2.2121394888,2.1296554926,2.1489036722,-0.1622802248,-0.1515076785,-0.1546996389,-0.1198080976,-0.1133102393,-0.1394245353,-0.1173404363,-0.1869917288,-0.0034773652,-0.0055772963,0.0016710308,-0.0030241612
57850.3298533333,2.0959154187,2.1233053459,2.1071425364,2.1347419819,-0.1567161061,-0.1444220335,-0.1485343743,-0.1234078195,-0.1080086046,-0.1354271481,-0.1247341640,-0.1767434449,-0.0033233260,-0.0061818527,0.0010005322,-0.0050397723
57850.3299000000,2.1226317949,2.1538270192,2.1193625933,2.1423925611,-0.1573107471,-0.1460761506,-0.1500587127,-0.1229971822,-0.1099084207,-0.1376609340,-0.1235486508,-0.1768560333,-0.0031812936,-0.0050810787,0.0009672797,-0.0034391094
57850.3299466667,2.1526549308,2.1865700402,2.0751148251,2.0583564485,-0.1604503857,-0.1516215965,-0.1539597192,-0.0955751457,-0.1107713089,-0.1333645714,-0.1091475253,-0.2072402437,-0.0031448762,-0.0044761873,0.0004925296,-0.0063612626
57850.3299933333,2.0760400588,2.1117702741,2.0090613929,2.0177711535,-0.1550939275,-0.1474710675,-0.1519567658,-0.1046951027,-0.1072640220,-0.1256040134,-0.0994644646,-0.1817416864,-0.0040966701,-0.0045459611,0.0023338532,-0.0035043636
57850.3300638889,2.1056895984,2.1366498974,2.0020014500,2.0113272067,-0.1569879562,-0.1494271349,-0.1528882083,-0.1083078624,-0.1079899229,-0.1272795495,-0.0995500866,-0.1832056487,-0.0041514132,-0.0055795810,0.0017069161,-0.0035572077
57850.3301105556,2.2117611236,2.2512837308,2.0913616368,2.1035468280,-0.1640904232,-0.1622226837,-0.1621053321,-0.1110011809,-0.1120071198,-0.1291501673,-0.0993001240,-0.1936056043,-0.0049392932,-0.0019894218,0.0011600822,-0.0043226747
57850.3301572222,2.2303199368,2.2664989741,2.0542117061,2.1097587366,-0.1668019147,-0.1633660464,-0.1594578370,-0.1309061483,-0.1131048573,-0.1259162741,-0.0942837547,-0.1510502767,-0.0039286747,-0.0013731125,0.0019809471,-0.0015254627
57850.3302038889,2.2321310198,2.2695463277,2.0542872529,2.1121464779,-0.1671622585,-0.1665028572,-0.1603131859,-0.1337401864,-0.1128705790,-0.1261658562,-0.0959318331,-0.1488044826,-0.0028226376,-0.0025833997,0.0020616145,-0.0002062524
57850.3302744444,2.2098535580,2.2465138282,2.0414042237,2.0884539539,-0.1669608949,-0.1626644832,-0.1593097398,-0.1273782039,-0.1112348064,-0.1236058712,-0.0939844694,-0.1566997333,-0.0032246454,-0.0025165717,0.0021782935,-0.0007961848
57850.3303211111,2.2668837297,2.3041375396,2.1005614342,2.1493698856,-0.1695202154,-0.1684124709,-0.1519454127,-0.1479855751,-0.1135734908,-0.1251294571,-0.1216632162,-0.1312481254,-0.0044504741,-0.0036089064,-0.0039922724,-0.0007981989
57850.3303677778,2.2697231004,2.3080137365,2.1033233940,2.1541712462,-0.1710242895,-0.1693308764,-0.1478145240,-0.1532117831,-0.1129280885,-0.1214700842,-0.1274174686,-0.1248640206,-0.0035696690,-0.0036014627,-0.0052680058,0.0009383330
57850.3304144444,2.2783248042,2.3165769270,2.1181302421,2.1681297775,-0.1710003631,-0.1700397096,-0.1521174633,-0.1503432935,-0.1136056935,-0.1244859108,-0.1245399632,-0.1303051498,-0.0015087389,-0.0031377886,-0.0029842713,-0.0000109131
57850.3304850000,2.2702131888,2.3086719147,2.1092713059,2.1539561309,-0.1715863990,-0.1715341855,-0.1420114869,-0.1616564336,-0.1121855058,-0.1180002843,-0.1422791512,-0.1083989438,-0.0026776283,-0.0006218226,-0.0050662085,0.0028602401
57850.3305316667,2.2503360337,2.2875327078,2.1074188674,2.1313927980,-0.1700966253,-0.1689880174,-0.1447042210,-0.1681758700,-0.1105263475,-0.1183614544,-0.1362754560,-0.0951625676,-0.0013430248,-0.0024045845,-0.0043321543,-0.0014253930
57850.3305783333,2.2248878983,2.2652186433,2.0810105446,2.1167936717,-0.1679794321,-0.1695577151,-0.1345906373,-0.1666457348,-0.1102199094,-0.1151379706,-0.1470697032,-0.0964785557,-0.0016464124,-0.0000187874,-0.0044970511,0.0003743534
57850.3306250000,2.2394035138,2.2719459405,2.0586685032,2.1115264099,-0.1695479852,-0.1721191776,-0.1268087843,-0.1668884252,-0.1103118877,-0.1110834185,-0.1589856963,-0.0988260787,-0.0014992506,-0.0016430782,-0.0059360282,-0.0001090844
57850.3306955556,2.2438323549,2.2772091576,2.0715495736,2.1460441839,-0.1700952799,-0.1745267804,-0.1153298196,-0.1683860997,-0.1102502908,-0.1117974359,-0.1766589642,-0.0997738239,-0.0028832786,0.0001899750,-0.0043584411,0.0003131420
57850.3307422222,2.2516433994,2.2904750604,2.1183301104,2.1875353160,-0.1725263672,-0.1788389167,-0.1238619545,-0.1662095045,-0.1097129481,-0.1041806191,-0.1720802937,-0.1135517469,-0.0019436132,0.0012343018,-0.0051714599,-0.0008756330
57850.3307888889,2.2422851119,2.2777842116,2.1345228424,2.2026807092,-0.1709243243,-0.1786528092,-0.1246567197,-0.1641461311,-0.1075728178,-0.1012149801,-0.1737593237,-0.1146017230,-0.0013384562,0.0005174395,-0.0058348328,-0.0018476075
57850.3308355556,2.2422249387,2.2768395504,2.0878470414,2.1748740353,-0.1690127958,-0.1776127208,-0.1119532399,-0.1646515926,-0.1084101542,-0.1050988570,-0.1871375165,-0.1080536317,-0.0008000703,-0.0021538968,-0.0068684484,-0.0003320238
57850.3309061111,2.2079825950,2.2437378313,2.1268012134,2.1912223772,-0.1687844279,-0.1789296574,-0.1252487290,-0.1632142113,-0.1063119274,-0.0974913531,-0.1688379831,-0.1171648956,-0.0018551583,-0.0000485561,-0.0051477722,-0.0021739318
57850.3309527778,2.2425897608,2.2804760658,2.0911326356,2.1526879881,-0.1723164526,-0.1768122021,-0.1247413414,-0.1665153881,-0.1085729682,-0.1073022295,-0.1676257339,-0.1003102387,-0.0023148355,-0.0020732046,-0.0060406442,-0.0026393560
57850.3309994444,2.2403126494,2.2789195650,2.0984807366,2.1440554940,-0.1700278159,-0.1740216774,-0.1415497388,-0.1603878579,-0.1081299379,-0.1129063331,-0.1393253737,-0.1051275681,-0.0027647862,-0.0028261370,-0.0041758522,0.0027765343
57850.3310461111,2.2250624047,2.2636476160,2.0799627162,2.1329785080,-0.1689135701,-0.1657024519,-0.1686808979,-0.1286519332,-0.1066255429,-0.1222332491,-0.0876963099,-0.1564260568,-0.0032299528,-0.0040709145,-0.0026875151,-0.0004863713
57850.3311166667,2.1916385526,2.2246398894,2.0806288824,2.1002558216,-0.1665513394,-0.1578968404,-0.1582710799,-0.1146133937,-0.1043088148,-0.1250108740,-0.1012488631,-0.1826356896,-0.0027276083,-0.0010360071,0.0027084048,-0.0023143285
57850.3311633333,2.2224742257,2.2588486956,2.1474465301,2.1505205520,-0.1691530425,-0.1611272570,-0.1631998537,-0.1086214950,-0.1066323541,-0.1273172366,-0.1041523974,-0.1946014885,-0.0036574450,-0.0020552778,0.0018697703,-0.0041659414
57850.3312100000,2.2417545054,2.2779906970,2.0838107271,2.1380539228,-0.1694882185,-0.1661238266,-0.1763256213,-0.1238324634,-0.1075227128,-0.1234564267,-0.0770757565,-0.1655408251,-0.0030865544,-0.0030899411,0.0005775212,-0.0009947261
57850.3312566667,2.2504109190,2.2868250777,2.0995839339,2.1525714571,-0.1707899437,-0.1667718350,-0.1685890477,-0.1340963617,-0.1082662637,-0.1223873062,-0.0889789410,-0.1534231520,-0.0029877320,-0.0018131977,-0.0011969057,-0.0010633833
57850.3313272222,2.2643757509,2.3028803190,2.1120969336,2.1675801032,-0.1742027887,-0.1687386038,-0.1694640967,-0.1348102918,-0.1077834986,-0.1222215463,-0.0928017329,-0.1539192611,-0.0032463087,-0.0030654815,-0.0034626827,0.0003036979
57850.3313738889,2.2355687099,2.2735830221,2.0915878844,2.1416065236,-0.1713344862,-0.1658848298,-0.1622056467,-0.1403139062,-0.1054807254,-0.1202924977,-0.1010772404,-0.1408920158,-0.0028003668,-0.0033267652,-0.0028460194,-0.0009174120
57850.3314205556,2.2443167717,2.2831195202,2.0967741969,2.1463379000,-0.1708421074,-0.1659805358,-0.1641621086,-0.1407716328,-0.1067480651,-0.1210685985,-0.1009501473,-0.1408481719,-0.0025102468,-0.0026405765,-0.0028385056,-0.0013406202
57850.3314672222,2.2442314651,2.2825670403,2.0991312636,2.1533225730,-0.1716464154,-0.1663996408,-0.1666270225,-0.1376897454,-0.1048180640,-0.1205186126,-0.0957247398,-0.1476548466,-0.0043935658,-0.0036414388,-0.0023282420,0.0002154261
57850.3315377778,2.2451722620,2.2832580094,2.0971804214,2.1403911977,-0.1705387174,-0.1663530253,-0.1645478988,-0.1304968093,-0.1049365039,-0.1232069421,-0.0917583199,-0.1563086440,-0.0055695595,-0.0049145190,0.0013397611,-0.0032482709
57850.3315844444,2.2628291323,2.3007036433,2.1078984878,2.1627704917,-0.1728520677,-0.1677623480,-0.1727806190,-0.1318537600,-0.1063645762,-0.1218655277,-0.0852656859,-0.1563768823,-0.0037792247,-0.0038221326,-0.0018897805,-0.0001008502
57850.3316311111,2.2579981751,2.2937905930,2.1041357158,2.1548733230,-0.1739522002,-0.1680176500,-0.1655436675,-0.1390891759,-0.1053528267,-0.1201952987,-0.0988596198,-0.1414262257,-0.0034356094,-0.0045897397,-0.0023611471,-0.0015352959
57850.3316777778,2.2477809533,2.2879657590,2.0869240359,2.1559990724,-0.1719442605,-0.1684862982,-0.1670953814,-0.1429051177,-0.1053947436,-0.1170175466,-0.0866631911,-0.1348782289,-0.0049091428,-0.0027859248,0.0022997071,-0.0003090648
57850.3317483333,2.2490382505,2.2854252052,2.1190873287,2.1487921404,-0.1707923805,-0.1646978415,-0.1645271329,-0.1217839121,-0.1056936641,-0.1236997100,-0.0948627914,-0.1684300964,-0.0036763930,-0.0043921402,0.0022286936,-0.0028501475
57850.3317950000,2.2512789505,2.2887560664,2.1390023604,2.1587789823,-0.1723322191,-0.1635375226,-0.1654612272,-0.1189023505,-0.1066792468,-0.1240791539,-0.0958449800,-0.1787185286,-0.0026985942,-0.0035525348,0.0029080221,-0.0039515118
57850.3318416667,2.2101178664,2.2451244758,2.1591990675,2.1765478610,-0.1670544232,-0.1595174696,-0.1632120740,-0.1212850493,-0.1015881604,-0.1246257277,-0.1049606417,-0.1807873008,-0.0025218647,-0.0042277920,0.0001492311,-0.0041496863
57850.3318883333,2.2111119339,2.2433857143,2.1135796826,2.1288435268,-0.1689180749,-0.1601953997,-0.1601227102,-0.1169134587,-0.1027336651,-0.1213409394,-0.1008460382,-0.1788155981,-0.0030506352,-0.0057640611,0.0007333219,-0.0042649370
57850.3319588889,2.2519520588,2.2962058522,1.8344811150,1.8320630966,-0.1693353611,-0.1665915796,-0.1467905055,-0.0919877922,-0.1039289880,-0.1209338894,-0.0755508185,-0.1663699818,-0.0029735128,-0.0024181141,0.0042482013,-0.0023316698
57850.3320055556,2.2176156243,2.2536669255,2.0676773871,2.0777851883,-0.1669205527,-0.1611000569,-0.1585163443,-0.1099344092,-0.1024328276,-0.1226032934,-0.0937893501,-0.1770177099,-0.0032301091,-0.0043458597,0.0026530586,-0.0040630818
57850.3320522222,2.1846386637,2.2189349975,2.0895434694,2.1012698315,-0.1642287797,-0.1581622273,-0.1593323106,-0.1116618704,-0.1013954270,-0.1213562768,-0.0962749526,-0.1775126012,-0.0030370619,-0.0037554395,0.0022028460,-0.0024873590
57850.3320988889,2.1350108575,2.1676620012,2.0693100105,2.0806058384,-0.1608093686,-0.1547010730,-0.1548559067,-0.1147309563,-0.0977619562,-0.1204221527,-0.1005463307,-0.1725011869,-0.0013424277,-0.0032279335,0.0032838997,-0.0021792952
57850.3321694445,2.0927491242,2.1233599435,2.0109997822,2.0242020566,-0.1576929170,-0.1494989629,-0.1497754628,-0.1105225495,-0.0954197012,-0.1174427742,-0.0981636573,-0.1660013733,-0.0024700761,-0.0018562895,0.0021038249,-0.0022538885
57850.3322161111,2.2231453395,2.2557959091,2.1563668496,2.1752910437,-0.1680532369,-0.1590322745,-0.1610593024,-0.1198840300,-0.1015756657,-0.1244502538,-0.1027688196,-0.1780138073,-0.0033919745,-0.0017673096,0.0009731439,-0.0026096177
57850.3322627778,2.2469785280,2.2836394199,2.1393319898,2.1493370007,-0.1684508111,-0.1637477315,-0.1625722129,-0.1112063414,-0.1033912335,-0.1191165343,-0.0986012580,-0.1830753597,-0.0028216276,-0.0030528547,0.0028120108,-0.0015452241
57850.3323094444,2.2347340024,2.2727845151,2.1240904277,2.1402981248,-0.1684554655,-0.1628061045,-0.1628774325,-0.1128868110,-0.1022185864,-0.1193418268,-0.0941015927,-0.1772983268,-0.0031356014,-0.0047721773,0.0027589148,-0.0022029576
57850.3323800000,2.2446338994,2.2833830623,2.0935123628,2.1457568288,-0.1689036512,-0.1694093310,-0.1607542650,-0.1366625505,-0.1006342426,-0.1129218468,-0.0966386062,-0.1391933486,-0.0028346832,-0.0016375218,-0.0005934171,-0.0001770639
57850.3324266667,2.2624443117,2.2998495661,2.1021707796,2.1527130823,-0.1701224101,-0.1674602183,-0.1529553361,-0.1445943114,-0.1029539955,-0.1122461742,-0.1092697741,-0.1250797648,-0.0035733641,-0.0029749514,-0.0043750792,0.0000715654
57850.3324733333,2.2398641176,2.2781877033,2.0480371392,2.0902715470,-0.1678362264,-0.1691683492,-0.1335518471,-0.1561460531,-0.1011118772,-0.1068343255,-0.1325300851,-0.0969525117,-0.0023662868,-0.0029534544,-0.0044741418,0.0010122692
57850.3325200000,2.1667766951,2.2040767084,2.0255381864,2.0659133299,-0.1632851242,-0.1651691606,-0.1259466866,-0.1611921300,-0.0994203903,-0.1024880686,-0.1415888250,-0.0853488571,-0.0032311523,-0.0037607067,-0.0053760395,0.0021455224
57850.3325905555,2.2017463728,2.2376241628,2.0482765440,2.0969667529,-0.1655564101,-0.1647666259,-0.1455158967,-0.1439174623,-0.0996075783,-0.1099351198,-0.1116898789,-0.1173046454,-0.0017259559,-0.0036756388,-0.0042043317,0.0006041991
57850.3326372222,2.2253317005,2.2605761649,2.0722527678,2.1227355150,-0.1681375810,-0.1654182701,-0.1582507036,-0.1361167042,-0.1010278595,-0.1130868555,-0.0989417236,-0.1343358261,-0.0024214956,-0.0012121230,-0.0023745370,0.0001312385
57850.3326838889,2.2210338661,2.2575704366,2.0426626619,2.0935468598,-0.1666686980,-0.1641407473,-0.1527692496,-0.1373047615,-0.1008035517,-0.1119438955,-0.1011421164,-0.1272764805,-0.0021402374,-0.0022440076,-0.0029808394,0.0020571847
57850.3327305556,2.2274503098,2.2631396103,2.0795935851,2.1346161460,-0.1669561389,-0.1599191456,-0.1717247086,-0.1203910548,-0.1015644254,-0.1184974259,-0.0745878538,-0.1596773066,-0.0034816990,-0.0038728341,0.0006781609,-0.0014286392
57850.3415294444,0.2054291218,0.2301491832,0.2076636375,0.2511219489,0.0195158322,-0.0165719953,-0.0222994315,0.0103473481,-0.0437861857,0.0052661493,0.0007196586,-0.0222373628,-0.0018999452,0.0020132466,0.0047607379,0.0012201382
57850.3415761111,2.1135804564,2.1367275026,2.1500001313,2.1837658422,-0.1622270270,-0.1462060597,-0.1612430648,-0.1510753702,-0.0823487601,-0.1140629612,-0.1170061533,-0.1442111116,-0.0025020046,-0.0062809970,0.0004784967,-0.0029335403
57850.3416227778,2.1061743815,2.1354386695,2.1680051052,2.2061423669,-0.1624355517,-0.1470030607,-0.1614765597,-0.1533022242,-0.0821287819,-0.1093681734,-0.1201907696,-0.1426988144,-0.0034268310,-0.0081520702,0.0001726952,-0.0014995939
57850.3416694444,2.1164653065,2.1407169528,2.1643925189,2.2015501660,-0.1617151542,-0.1465265232,-0.1635022483,-0.1526620457,-0.0832340175,-0.1129599721,-0.1209071231,-0.1425900875,-0.0029940761,-0.0077112912,0.0007916580,-0.0010870395
57850.3417400000,2.0859073322,2.1330931337,2.1632537212,2.2053836804,-0.1592729950,-0.1601708560,-0.1596263605,-0.1612797760,-0.0832031187,-0.0969824630,-0.1251262372,-0.1371304006,-0.0037777443,-0.0070486348,-0.0010264146,-0.0028586878
57850.3417866667,2.0894968262,2.1471380731,2.1735336130,2.2199104467,-0.1622550143,-0.1692865753,-0.1569094966,-0.1622146710,-0.0826117588,-0.0884142409,-0.1284883356,-0.1358467996,-0.0020298862,-0.0058244760,-0.0018638662,-0.0015906597
57850.3418333333,2.0709836361,2.1026497981,2.1275787186,2.1653618080,-0.1589968659,-0.1472108653,-0.1604161954,-0.1529868080,-0.0813269072,-0.1074737199,-0.1183583611,-0.1387161953,-0.0030820826,-0.0079768242,0.0000193006,-0.0031988342
57850.3418800000,2.0111386791,2.0459310875,2.0873713784,2.1317549439,-0.1533060137,-0.1481752663,-0.1548368107,-0.1530657264,-0.0784157550,-0.0993241951,-0.1192381210,-0.1338790735,-0.0032573776,-0.0071845369,-0.0006639283,-0.0026860730
57850.3419505556,2.0962406832,2.1245290480,2.1688126612,2.2125441149,-0.1606931247,-0.1458669717,-0.1629715533,-0.1575641480,-0.0829953053,-0.1067410719,-0.1218693683,-0.1438444603,-0.0034603491,-0.0057577499,-0.0020098605,-0.0039001973
57850.3419972222,2.1190877659,2.1806021112,2.1976135065,2.2450456702,-0.1642728848,-0.1755117248,-0.1607323394,-0.1660049341,-0.0819390863,-0.0855050175,-0.1293716842,-0.1372682989,-0.0030967650,-0.0051417309,-0.0014425094,-0.0038391427
57850.3420438889,2.1529068850,2.1841612475,2.1751785864,2.2059269703,-0.1666203165,-0.1528739508,-0.1718510604,-0.1498482047,-0.0832039291,-0.1098963018,-0.1153454310,-0.1517525197,-0.0046324777,-0.0041061946,-0.0008037845,-0.0037328015
57850.3420905556,2.1019005567,2.1293404519,2.1287630229,2.1567605136,-0.1622416352,-0.1479236229,-0.1697905985,-0.1450727127,-0.0820999144,-0.1095977335,-0.1101771250,-0.1503514964,-0.0035845474,-0.0051126142,-0.0009720224,-0.0037762433
57850.3421611111,2.1079044574,2.1336469728,2.1111638120,2.1355732562,-0.1624859015,-0.1496324182,-0.1776605647,-0.1373690200,-0.0831730367,-0.1074908432,-0.1021667228,-0.1565645925,-0.0031788368,-0.0051833772,-0.0000104917,-0.0050652106
57850.3422077778,2.1457442075,2.1756660044,1.9787239340,1.9870777469,-0.1675519039,-0.1575406261,-0.1771544464,-0.1167823335,-0.0832112692,-0.1032987348,-0.0825852068,-0.1573055967,-0.0035318447,-0.0040223311,0.0022097095,-0.0023739062
57850.3422544444,2.0679188270,2.0987176169,1.8913282505,1.9228838829,-0.1601484813,-0.1550309379,-0.1725999682,-0.1292913949,-0.0815592350,-0.0976731303,-0.0755781961,-0.1301328675,-0.0031601652,-0.0013095897,0.0031291559,-0.0024854762
57850.3423011111,2.1010823734,2.1324284253,1.8526517337,1.8913264379,-0.1635044447,-0.1605703230,-0.1717336883,-0.1343688649,-0.0820344704,-0.0970089289,-0.0739867970,-0.1225957738,-0.0030331036,-0.0025928328,0.0018563037,-0.0009407830
57850.3423716667,2.0169889752,2.0440501280,1.8668699561,1.8704386272,-0.1585698674,-0.1530341956,-0.1710794914,-0.1096712271,-0.0788373117,-0.0955928268,-0.0752024738,-0.1521938604,-0.0044397905,-0.0029224838,0.0029329215,-0.0035158730
57850.3424183333,2.1969155538,2.2271598566,2.0714033761,2.1152403950,-0.1732953552,-0.1662455851,-0.1891093434,-0.1476428278,-0.0862733679,-0.1008912549,-0.0842480060,-0.1420004718,-0.0013914534,-0.0028152426,0.0022004204,-0.0017109837
57850.3424650000,2.2251588379,2.2563155937,2.0953518394,2.1475260680,-0.1764954352,-0.1726232009,-0.1935006084,-0.1547758149,-0.0856727781,-0.1012573894,-0.0838722763,-0.1403962662,-0.0022630602,-0.0026322591,0.0024942176,-0.0009605304
57850.3425116667,2.2563314295,2.2930611839,2.1428986220,2.1675734960,-0.1786035980,-0.1737010205,-0.1936877038,-0.1374631377,-0.0885496987,-0.1062069682,-0.0906534118,-0.1603665419,-0.0031831522,-0.0012636121,0.0019636261,-0.0014479018
57850.3425822222,2.2614816441,2.2965641363,2.1046969946,2.1539118689,-0.1795811460,-0.1799559064,-0.1792020438,-0.1778078226,-0.0902327688,-0.0970628743,-0.1061021354,-0.1148475919,-0.0028889913,-0.0013239722,-0.0021333423,0.0008078485
57850.3426288889,2.2581108814,2.2952519357,2.0814755903,2.1304665647,-0.1797986706,-0.1845356730,-0.1542635800,-0.1972486219,-0.0868017096,-0.0944044534,-0.1316774717,-0.0904573504,-0.0009062633,-0.0006945214,-0.0052463407,0.0022368869
57850.3426755556,2.2650959250,2.3022404200,2.0801369238,2.1271845139,-0.1801826092,-0.1874420198,-0.1468610990,-0.2066963870,-0.0892040046,-0.0926044580,-0.1412057754,-0.0814056465,-0.0019694595,-0.0006695003,-0.0058708397,0.0044283951
57850.3427222222,2.2254650101,2.2602145448,2.0622671556,2.1070557230,-0.1779331735,-0.1798803472,-0.1552989527,-0.1972463090,-0.0856018568,-0.0925424493,-0.1302513329,-0.0891798708,-0.0040301404,-0.0027016238,-0.0044325529,0.0028269958
57850.3427927778,2.2513583226,2.2921301091,2.0756335288,2.1225118390,-0.1827878820,-0.1826113215,-0.1739026241,-0.1842729145,-0.0872443914,-0.0968828361,-0.1124662417,-0.1093988061,-0.0031354383,-0.0022307766,-0.0046062216,0.0022252160
57850.3428394444,2.2300900383,2.2641663664,2.0154948380,2.0641141820,-0.1791526854,-0.1756029441,-0.1911993567,-0.1523880250,-0.0868750471,-0.1002997008,-0.0825348853,-0.1339607520,-0.0032516276,-0.0027109826,0.0020533780,0.0011446480
57850.3428861111,2.1460916235,2.1751476806,2.0329150554,2.0436089842,-0.1717638056,-0.1639816346,-0.1875021931,-0.1272616618,-0.0836723120,-0.1035260384,-0.0873095998,-0.1635537173,-0.0029477513,-0.0022770079,0.0022741572,-0.0037535590
57850.3429327778,2.1604121468,2.1886207001,2.0908849490,2.1126093309,-0.1734241533,-0.1626148329,-0.1853040966,-0.1376131419,-0.0847904219,-0.1061594504,-0.0987348086,-0.1607940477,-0.0015650021,-0.0030516367,0.0024729516,-0.0033036822
57850.3430033333,2.1828045568,2.2154840646,2.1233465455,2.1428848935,-0.1775446892,-0.1657244694,-0.1878226758,-0.1415425624,-0.0848782790,-0.1075307447,-0.1028604010,-0.1635935319,-0.0027555680,-0.0033370258,0.0020463713,-0.0030703578
57850.3430500000,2.2013211076,2.2333100387,2.1443528927,2.1645814963,-0.1790072080,-0.1687312555,-0.1918258704,-0.1441163304,-0.0863425708,-0.1097469425,-0.0997776817,-0.1658722251,-0.0029310935,-0.0042966868,0.0024659495,-0.0042587403
57850.3430966667,2.1646008116,2.1938300328,2.1229616312,2.1483070114,-0.1762559503,-0.1640033782,-0.1864642574,-0.1479145772,-0.0847001669,-0.1091819786,-0.1043520801,-0.1589941428,-0.0032448187,-0.0038811036,0.0015043445,-0.0029354584
57850.3431433333,2.0930925505,2.1182265677,2.0367142697,2.0683664717,-0.1701652000,-0.1559098232,-0.1737228701,-0.1467737427,-0.0837798324,-0.1061655468,-0.1061843761,-0.1473052667,-0.0038691436,-0.0034766139,0.0014638864,-0.0036490939
57850.3432138889,2.1158379268,2.1433349042,2.0798422835,2.1054380025,-0.1726161080,-0.1596666364,-0.1824609532,-0.1467488202,-0.0807120753,-0.1047884901,-0.1034805235,-0.1543222887,-0.0037604151,-0.0047774648,0.0004212953,-0.0040615016
57850.3432605556,2.1901125756,2.2225672248,2.1873426300,2.2153237274,-0.1785516367,-0.1686528629,-0.1915854983,-0.1547138028,-0.0847301517,-0.1080179349,-0.1103735756,-0.1616581462,-0.0043811050,-0.0037263599,-0.0003933024,-0.0048874962
57850.3433072222,2.1886505391,2.2192739594,2.1850373937,2.2120906094,-0.1793274249,-0.1666207626,-0.1926744157,-0.1547478205,-0.0845996341,-0.1086135579,-0.1088808989,-0.1619559312,-0.0039321405,-0.0047517224,0.0006560131,-0.0032555812
57850.3433538889,2.1775866019,2.2096471293,2.1715825604,2.1975843631,-0.1779305673,-0.1650179099,-0.1939523103,-0.1524299531,-0.0842045686,-0.1067825409,-0.1055777192,-0.1608464157,-0.0038333614,-0.0034486577,0.0001710094,-0.0049121028
57850.3434244444,2.1733716991,2.2058182305,2.1543231399,2.1834375023,-0.1780597426,-0.1646599232,-0.1898220740,-0.1544178532,-0.0838943805,-0.1070571599,-0.1067293018,-0.1590027454,-0.0029902753,-0.0062732609,-0.0004171743,-0.0053831745
57850.3434711111,2.2122609199,2.2438399654,2.1743433740,2.1963708726,-0.1800387692,-0.1683537105,-0.1963420070,-0.1499398139,-0.0867259284,-0.1083512016,-0.1035756838,-0.1638744558,-0.0038077522,-0.0034974595,0.0002708200,-0.0036589275
57850.3435177778,2.1983956050,2.2293803186,2.1726689045,2.1941655794,-0.1800664083,-0.1685860753,-0.1956747621,-0.1498714477,-0.0862422393,-0.1087390212,-0.1034480271,-0.1638831647,-0.0036312960,-0.0040973844,0.0002616828,-0.0042739505
57850.3435644444,2.1850822034,2.2154251498,2.1567443658,2.1779692578,-0.1800980919,-0.1660036420,-0.1932382008,-0.1502621930,-0.0848334114,-0.1078590350,-0.1037623002,-0.1621106361,-0.0038346755,-0.0056070322,0.0008083513,-0.0063637738
57850.3436350000,2.1746533102,2.2063837546,2.1492704212,2.1766327869,-0.1785676923,-0.1658194581,-0.1888701581,-0.1541170615,-0.0847449016,-0.1078072928,-0.1086308688,-0.1559170117,-0.0038289377,-0.0019101058,-0.0001842332,-0.0040316500
57850.3436816667,2.1418546016,2.1704112796,2.1281519308,2.1552097811,-0.1762186081,-0.1615207441,-0.1848978504,-0.1552431572,-0.0821246254,-0.1056986581,-0.1089098588,-0.1525304138,-0.0023262463,-0.0035506515,0.0010657664,-0.0042717882
57850.3437283333,2.1590599875,2.1876928941,2.1269010794,2.1522163865,-0.1763807047,-0.1639297938,-0.1859270383,-0.1526466447,-0.0826120989,-0.1063444097,-0.1084804245,-0.1538311242,-0.0010116395,-0.0033418855,0.0010827063,-0.0041494958
57850.3437750000,2.2145207154,2.2456851568,2.1693038529,2.1885912916,-0.1815065081,-0.1721731390,-0.1983612939,-0.1487495853,-0.0851501387,-0.1067597876,-0.1030182450,-0.1648115071,-0.0025730324,-0.0042196523,-0.0004185450,-0.0030028631
57850.3438455556,2.1595861164,2.1874243783,2.1679705867,2.2000783986,-0.1774210236,-0.1635842456,-0.1861307874,-0.1624124363,-0.0841234331,-0.1082252913,-0.1151457470,-0.1501464288,-0.0027715036,-0.0041833046,0.0007490950,-0.0035991545
57850.3438922222,2.1451047230,2.1765784773,2.1937202480,2.2326000604,-0.1772203647,-0.1614101333,-0.1850357787,-0.1706682635,-0.0817990885,-0.1076224645,-0.1176562723,-0.1476625743,-0.0043146751,-0.0047780664,0.0001662868,-0.0023431961
57850.3439388889,2.1322111407,2.1599450645,2.1716800779,2.2097464011,-0.1745573176,-0.1595010418,-0.1818383926,-0.1686430533,-0.0810525915,-0.1064273650,-0.1201597426,-0.1463363044,-0.0032613094,-0.0037922103,0.0009122535,-0.0041545280
57850.3439855556,2.1402986262,2.1712498471,2.1731754814,2.2080932647,-0.1764991932,-0.1613789093,-0.1842759782,-0.1666760401,-0.0837137667,-0.1072710784,-0.1170746916,-0.1473982695,-0.0031281540,-0.0038629972,0.0005565828,-0.0032437386
57850.3440561111,2.1499844094,2.1789036914,2.1641479162,2.1950014445,-0.1771044255,-0.1625184419,-0.1874571039,-0.1618472377,-0.0822401674,-0.1077081654,-0.1119841171,-0.1512816110,-0.0031789995,-0.0038413736,0.0001858252,-0.0038066627
57850.3441027778,2.1856376226,2.2186759906,2.1744288426,2.1945936513,-0.1797670276,-0.1666998395,-0.1984167638,-0.1525906708,-0.0841113190,-0.1058067846,-0.1039039418,-0.1621626822,-0.0027467285,-0.0025874268,0.0010073427,-0.0039882048
57850.3441494444,2.1605254839,2.1929679315,2.1218844630,2.1377533561,-0.1779854006,-0.1679209271,-0.1951800035,-0.1440013981,-0.0832803728,-0.1035553668,-0.0973067163,-0.1604749190,-0.0025177585,-0.0035148873,0.0016795607,-0.0044728800
57850.3441961111,2.1302944837,2.1603555096,2.0701344209,2.0802096758,-0.1751955773,-0.1642221640,-0.1921863947,-0.1406164131,-0.0809490931,-0.1037030076,-0.0935823348,-0.1568014465,-0.0026569950,-0.0050112070,0.0020184923,-0.0054013527
57850.3442666667,2.0023040616,2.0337092042,1.8941960022,1.9317346665,-0.1631589427,-0.1611870290,-0.1854416609,-0.1469289320,-0.0761378419,-0.0908923513,-0.0753060864,-0.1249224990,-0.0027089209,-0.0010457470,0.0035961955,-0.0019177366
57850.3443133333,2.1579682958,2.1912012534,1.9064167637,1.9506957152,-0.1777395787,-0.1804588434,-0.1577463997,-0.1830491266,-0.0824018850,-0.0898652039,-0.1074593249,-0.0922744044,-0.0026684532,-0.0014143548,-0.0038411367,0.0027310089
57850.3443600000,2.0551880763,2.0795131070,1.8191203548,1.8797118496,-0.1674087492,-0.1677966443,-0.1807127632,-0.1502810287,-0.0787753313,-0.0891883199,-0.0704745915,-0.1127388668,-0.0012763643,-0.0033177501,0.0026948766,0.0008658542
57850.3444066667,2.0807269664,2.1031792291,1.9119383949,1.9132030257,-0.1721060507,-0.1631719498,-0.1810506565,-0.1145399061,-0.0793248668,-0.0982896456,-0.0833621750,-0.1579792169,-0.0016846200,-0.0007277304,0.0041055977,-0.0039530694
57850.3444772222,2.1072849838,2.1379666844,1.9904693631,2.0001687583,-0.1733849832,-0.1659306088,-0.1902653509,-0.1274855726,-0.0815314470,-0.0970404454,-0.0835317817,-0.1573228898,-0.0032236916,-0.0025700320,0.0009960063,-0.0025669549
57850.3445238889,2.2367969969,2.2719593130,2.1110257597,2.1221861729,-0.1822312976,-0.1763362662,-0.2018599640,-0.1372234973,-0.0868655452,-0.1023907439,-0.0896722570,-0.1666625088,-0.0045001502,-0.0031648088,0.0009745926,-0.0035629417
57850.3445705556,2.2040872649,2.2383910586,2.1278270169,2.1416423587,-0.1790664146,-0.1733351163,-0.2017623044,-0.1386891157,-0.0834224067,-0.1017745143,-0.0924707161,-0.1667170440,-0.0023280753,-0.0025346766,0.0013915070,-0.0023067958
57850.3446172222,2.2437609135,2.2779110780,2.1171795484,2.1477987483,-0.1826604807,-0.1777248671,-0.2011832582,-0.1482343472,-0.0867263877,-0.1039211164,-0.0895025836,-0.1547449333,-0.0022285982,-0.0027512897,0.0016616848,-0.0024755886
57850.3446877778,2.1826539019,2.2169585192,1.9810206230,2.0335495512,-0.1773912235,-0.1755992509,-0.1932377840,-0.1590054959,-0.0853264769,-0.0971280477,-0.0794607740,-0.1257786537,-0.0028771269,-0.0040954708,0.0022352988,-0.0007651044
57850.3447344444,2.1620017590,2.1957386982,1.9584434411,2.0057686927,-0.1745002087,-0.1751236197,-0.1742060291,-0.1734184530,-0.0852258667,-0.0949641344,-0.0975918571,-0.1069358056,-0.0023767387,-0.0030392282,-0.0029439480,-0.0005372029
57850.3447811111,2.0508090515,2.0782952060,1.8251256771,1.8659072332,-0.1673810457,-0.1698894373,-0.1400222126,-0.1819125247,-0.0811656083,-0.0869922367,-0.1123235397,-0.0780678574,-0.0014685789,-0.0005051744,-0.0047261803,0.0031323965
57850.3448277778,1.8540009447,1.8797667035,1.6129414059,1.6436611370,-0.1506691456,-0.1535225798,-0.1268916492,-0.1595567901,-0.0732756472,-0.0764370514,-0.0987215176,-0.0670628487,-0.0027793825,-0.0016491866,-0.0055429593,0.0030102611
57850.3448983333,1.8740065308,1.8948190832,1.7719666613,1.8297886931,-0.1511315319,-0.1631426133,-0.1204347144,-0.1695670209,-0.0739257889,-0.0685519474,-0.1232340641,-0.0880256096,-0.0019523416,-0.0001028773,-0.0028500672,-0.0010907499
57850.3449450000,2.2466642492,2.2838100633,2.1384275865,2.2142976419,-0.1823814388,-0.1952925348,-0.1432080011,-0.2061408488,-0.0896587799,-0.0855392022,-0.1518857951,-0.1028537760,-0.0022466888,-0.0000829047,-0.0039850897,-0.0011835985
57850.3449916667,2.2281272682,2.2597016515,2.1025002128,2.1813042776,-0.1795092586,-0.1921941514,-0.1371505449,-0.2045965061,-0.0874982242,-0.0866988369,-0.1497994820,-0.0982467617,-0.0019824807,-0.0001456176,-0.0048000274,-0.0001037791
57850.3450383333,2.1961562493,2.2238070694,2.0138314645,2.0731519856,-0.1769393923,-0.1846820147,-0.1490066214,-0.2021726246,-0.0859872577,-0.0890028741,-0.1320836315,-0.0870486142,-0.0040390513,-0.0011477764,-0.0053416838,-0.0023928297
57850.3451088889,2.2219238858,2.2570672388,2.0464637144,2.0980620438,-0.1796379077,-0.1777771543,-0.1850799140,-0.1738694021,-0.0879197523,-0.0971005129,-0.0981236103,-0.1171413719,-0.0027474716,-0.0034208690,-0.0035071353,-0.0018947931
57850.3451555556,2.2367677689,2.2775534602,2.1057098158,2.1490853705,-0.1797171997,-0.1737790621,-0.2018311032,-0.1571554986,-0.0906674222,-0.1056118236,-0.0863920356,-0.1432851698,-0.0034740795,-0.0018402495,0.0037179608,-0.0013522019
57850.3452022222,2.2283764326,2.2630112960,2.1005735130,2.1443974817,-0.1772686156,-0.1751173558,-0.1994453588,-0.1569633964,-0.0897669681,-0.1036014641,-0.0890221256,-0.1423296011,-0.0037986644,-0.0013307999,0.0018495257,-0.0011949947
57850.3452488889,2.2295506492,2.2656913657,2.1037981003,2.1371768951,-0.1778451131,-0.1730393238,-0.1981898769,-0.1492162289,-0.0915765816,-0.1056737615,-0.0899811139,-0.1495107453,-0.0015459926,-0.0018038833,0.0024991382,-0.0016854465
57850.3453194445,2.1860345247,2.2170658156,2.1380314419,2.1572499576,-0.1757453932,-0.1631237351,-0.1926536854,-0.1410378930,-0.0900172035,-0.1111653615,-0.0998905337,-0.1643328555,-0.0012226778,-0.0038955658,0.0011106028,-0.0035203033
57850.3453661111,2.1832181313,2.2155205599,2.0933737056,2.1104063285,-0.1751741741,-0.1648175651,-0.1913393384,-0.1347411859,-0.0897731334,-0.1092932493,-0.0974067383,-0.1606629838,-0.0030809169,-0.0028348595,0.0025932472,-0.0047901952
57850.3454127778,2.2139472874,2.2445148865,2.0738858621,2.0911726422,-0.1777867409,-0.1707949412,-0.1922752479,-0.1314596898,-0.0908493310,-0.1063801045,-0.0919572451,-0.1593054303,-0.0015780586,-0.0031498310,0.0032113676,-0.0021213066
57850.3454594444,2.2249976653,2.2596913131,2.0593706535,2.1149435515,-0.1797145549,-0.1723008442,-0.2031564318,-0.1530413160,-0.0917588255,-0.1061822273,-0.0819903960,-0.1430291119,-0.0015239285,-0.0027838295,-0.0001767330,0.0003475650
57850.3455300000,2.2361398594,2.2727494071,2.0695930011,2.1240423382,-0.1794286431,-0.1794939566,-0.1861411914,-0.1722713383,-0.0929283400,-0.1029754883,-0.1021787683,-0.1246585683,-0.0016006722,-0.0008222751,-0.0022340349,0.0023556863
57850.3455766667,2.2644609714,2.3007322646,2.0824103465,2.1337729562,-0.1808432285,-0.1835512746,-0.1735709982,-0.1836399059,-0.0943012576,-0.1026830765,-0.1150995178,-0.1135590514,-0.0020233844,-0.0021408410,-0.0029007242,0.0031771758
57850.3456233333,2.2571578396,2.2900189951,2.0516697622,2.1032191707,-0.1801992121,-0.1807672098,-0.1834444768,-0.1711338578,-0.0944880683,-0.1056277417,-0.1034157861,-0.1234256264,-0.0028194869,-0.0022055499,-0.0026623664,0.0010122355
57850.3456700000,2.2472532427,2.2490405116,2.0134998236,2.1221751867,-0.1804707567,-0.1765719881,-0.1951857774,-0.1761727669,-0.0949944119,-0.1045733008,-0.0859788451,-0.1205341263,-0.0010988612,-0.0026802246,0.0036935667,0.0005238161
57850.3457405556,2.2591385480,2.2951601266,2.0791386656,2.1385703193,-0.1809397579,-0.1785346925,-0.1970443008,-0.1652379319,-0.0949609106,-0.1090042830,-0.0919971707,-0.1375519934,-0.0025737297,-0.0018896913,0.0016543283,0.0012291300
57850.3457872222,2.2582270010,2.2942798537,2.1153913062,2.1502656481,-0.1799347402,-0.1773170106,-0.1993130128,-0.1464200259,-0.0959416786,-0.1109760843,-0.0947313936,-0.1564591387,-0.0016770513,-0.0024221944,0.0043545905,-0.0012647190
57850.3458338889,2.2458085889,2.2809011338,2.1131935782,2.1431795449,-0.1787971971,-0.1747004824,-0.1986300753,-0.1418171416,-0.0952501903,-0.1114992365,-0.0973686965,-0.1594285269,-0.0027003228,-0.0019579365,0.0029514083,-0.0012525645
57850.3458805556,2.2603372786,2.2964737259,2.0786942752,2.1207730561,-0.1820802604,-0.1783065542,-0.1943573857,-0.1521925580,-0.0972676436,-0.1110022006,-0.0931342717,-0.1473556336,-0.0016767720,-0.0025479751,0.0021020536,0.0004444403
57850.3459511111,2.2574627406,2.2928484343,2.0653290047,2.1174196185,-0.1829361885,-0.1833086420,-0.1724860432,-0.1841799725,-0.0972703032,-0.1046596736,-0.1184935381,-0.1145701118,0.0011942781,-0.0013563133,-0.0017034071,0.0040944008
57850.3459977778,2.2685095271,2.3061415689,2.1065348399,2.1567288031,-0.1812229771,-0.1854810879,-0.1660743339,-0.1966888442,-0.0982304153,-0.1051647413,-0.1293317468,-0.1090847333,0.0001359254,-0.0008794368,-0.0036919625,0.0038571698
57850.3460444444,2.2633629765,2.3007052964,2.1010500683,2.1518934599,-0.1811518588,-0.1859699756,-0.1617565017,-0.2010475126,-0.0971801696,-0.1039302210,-0.1343432612,-0.1037356838,-0.0003125289,-0.0008778778,-0.0035629853,0.0038899995
57850.3460911111,2.2610175580,2.2984840717,2.1047172324,2.1571176063,-0.1822630337,-0.1842697113,-0.1683607701,-0.1944056849,-0.0999917100,-0.1062789297,-0.1284174557,-0.1122343802,-0.0012813176,0.0000222791,-0.0029342075,0.0020115579
57850.3461616667,2.2628007707,2.2992646246,2.0893538895,2.1423233458,-0.1813885853,-0.1814217349,-0.1891016384,-0.1693929624,-0.0985516832,-0.1091674991,-0.1055924326,-0.1354755295,-0.0025082803,-0.0017811702,-0.0019712522,0.0005874281
57850.3462083333,2.2477233360,2.2837918865,2.1071821504,2.1603685165,-0.1816155647,-0.1764168935,-0.2067577109,-0.1553485352,-0.0986530535,-0.1134583210,-0.0941538803,-0.1510483405,-0.0021241683,-0.0030005012,0.0002148281,0.0001117176
57850.3462550000,2.2250405736,2.2599944306,2.1331331616,2.1422852835,-0.1786559428,-0.1714148194,-0.1965080051,-0.1271040909,-0.0978962837,-0.1136148406,-0.1032619660,-0.1749170510,-0.0025729225,-0.0024427983,0.0023352915,-0.0036784004
57850.3463016667,2.2010807091,2.2358003393,2.1386922981,2.1232825337,-0.1777032689,-0.1669521204,-0.1932235005,-0.1089223072,-0.0958626700,-0.1157412573,-0.1090424964,-0.1907444802,-0.0029319290,-0.0037004576,0.0039230993,-0.0047870112
57850.3463722222,2.1643773799,2.1976397680,2.1545999455,2.1815420794,-0.1754484770,-0.1620157585,-0.1861510178,-0.1466461581,-0.0957588076,-0.1183898674,-0.1168062374,-0.1668720259,-0.0033056469,-0.0048022068,0.0002924190,-0.0043687455
57850.3464188889,2.1882111570,2.2196691949,2.1305139415,2.1525698778,-0.1759822019,-0.1628405703,-0.1860713610,-0.1411292931,-0.0970707786,-0.1201970970,-0.1136007328,-0.1660938573,-0.0037442856,-0.0047424659,0.0013897185,-0.0030933569
57850.3464655556,2.1436024825,2.1715101468,2.1298758540,2.1539590831,-0.1735275810,-0.1589909281,-0.1856442273,-0.1427096571,-0.0947731631,-0.1181656930,-0.1165940064,-0.1657388559,-0.0045141579,-0.0045334808,0.0010962018,-0.0042810972
57850.3465122222,2.1169674403,2.1436717699,2.0881788669,2.1135850521,-0.1705474605,-0.1555629623,-0.1787356577,-0.1439796907,-0.0946384257,-0.1195898521,-0.1162215455,-0.1592960961,-0.0041751371,-0.0040912597,0.0002068290,-0.0042397555
57850.3465827778,2.1133472343,2.1247492283,2.1108362647,2.1436679770,-0.1713737820,-0.1436203230,-0.1729566517,-0.1518769493,-0.0935505569,-0.1279024532,-0.1239172669,-0.1552940665,-0.0041052889,-0.0077797746,-0.0008449015,-0.0054058598
57850.3466294445,2.1238336594,2.1521848268,2.1588672740,2.1963748955,-0.1718392702,-0.1559842792,-0.1761137916,-0.1590760332,-0.0951306181,-0.1211043615,-0.1293790478,-0.1573555004,-0.0040613370,-0.0075832266,0.0000569879,-0.0039611592
57850.3466761111,2.0756792956,2.1374271633,2.1309191219,2.1733756214,-0.1695559698,-0.1696823809,-0.1691193234,-0.1621557245,-0.0909171600,-0.1053342362,-0.1339020912,-0.1496014881,-0.0007146434,-0.0065328814,-0.0012701702,-0.0044967053
57850.3467227778,2.0713772625,2.0982742107,2.0988691645,2.1485122655,-0.1689546046,-0.1907827961,-0.1588133605,-0.1689610928,-0.0918452678,-0.0806160295,-0.1367678259,-0.1418857310,-0.0018385023,0.0008219069,-0.0032241621,-0.0037040384
57850.3467933333,2.0380993578,2.0649154177,2.0620754143,2.1166439678,-0.1673200282,-0.1870598199,-0.1500050217,-0.1773975305,-0.0885698533,-0.0786867829,-0.1413431456,-0.1314679145,-0.0022675135,0.0000879603,-0.0029404018,-0.0034340272
57850.3468400000,2.1121222462,2.1462729040,2.1424812613,2.1986990421,-0.1722074347,-0.1925349227,-0.1527509076,-0.1877623052,-0.0936281330,-0.0837604887,-0.1502186858,-0.1328852936,-0.0009696233,0.0010798566,-0.0018795998,-0.0022917273
57850.3468866667,2.1045136950,2.1361568950,2.1696465091,2.2235515321,-0.1710578370,-0.1931006431,-0.1605319263,-0.1822890963,-0.0929733212,-0.0827089426,-0.1462094094,-0.1415313387,-0.0007064955,0.0001150517,-0.0032392765,-0.0028265770
57850.3469333333,2.0956557406,2.1389553864,2.1667541558,2.2145784712,-0.1713351624,-0.1875626678,-0.1669412480,-0.1732974678,-0.0927406564,-0.0900882485,-0.1394072119,-0.1500596540,0.0003642894,-0.0052542094,-0.0009120592,-0.0026883611
57850.3470038889,2.0623814632,2.1311653384,2.1690985125,2.2107044045,-0.1699387836,-0.1636908369,-0.1732792538,-0.1668701044,-0.0924559687,-0.1123750714,-0.1367112656,-0.1536471455,-0.0010188659,-0.0073621846,-0.0010245981,-0.0038444936
57850.3470505555,2.1407587591,2.1735461741,2.1969826239,2.2379454939,-0.1764916660,-0.1611100660,-0.1779924745,-0.1672136469,-0.0959890555,-0.1198436625,-0.1357934079,-0.1572463255,-0.0039483215,-0.0081728516,-0.0022452239,-0.0043907417
57850.3470972222,2.1193440778,2.1792206917,2.1907993220,2.2400219030,-0.1730997464,-0.1818446056,-0.1689442932,-0.1756889649,-0.0942570547,-0.1030507801,-0.1420954066,-0.1500946530,-0.0035844275,-0.0072410019,-0.0022973060,-0.0017667442
57850.3471438889,2.1143957451,2.1705638428,2.1875767689,2.2348431225,-0.1745149734,-0.1802470945,-0.1691154362,-0.1749890511,-0.0953695995,-0.1028621522,-0.1431856471,-0.1488462858,-0.0047099343,-0.0064560862,-0.0010008241,-0.0029106361
57850.3472144444,2.1112077555,2.1686784611,2.1514663029,2.2037355318,-0.1908989236,-0.1957815310,-0.1622512813,-0.1774131667,-0.0822458448,-0.0902818435,-0.1426281097,-0.1435555682,-0.0064399495,-0.0049142008,-0.0009406880,-0.0033028960
57850.3472611111,2.1159934849,2.1759272812,2.1928574680,2.2370349843,-0.1745769266,-0.1805357439,-0.1712093454,-0.1724805143,-0.0957776966,-0.1047123918,-0.1406566521,-0.1530706425,-0.0007151850,-0.0062244564,-0.0010610634,-0.0029893934
57850.3473077778,2.1113038846,2.1563625546,2.1722406447,2.2133792869,-0.1725145613,-0.1706614128,-0.1740657673,-0.1661352203,-0.0945540690,-0.1118756630,-0.1360179399,-0.1545026392,-0.0029783099,-0.0063842852,-0.0006064466,-0.0034048439
57850.3473544444,2.1115164031,2.1499700414,2.1763768746,2.2155068036,-0.1726974835,-0.1665419804,-0.1747927978,-0.1649239029,-0.0956313657,-0.1141477855,-0.1350886166,-0.1574774782,-0.0038858940,-0.0059791094,-0.0017961460,-0.0031429395
