name,ra_deg,dec_deg,z_raw,z,z_flag
260701A,267.10416666666663,11.65,,nan,none
260623B,328.2625,12.816666666666666,0.703,0.703,clean
260619A,359.0541666666667,-15.4,,nan,none
260618C,294.9333333333333,-65.71666666666667,,nan,none
260618A,276.675,23.85,,nan,none
260616C,67.74166666666666,9.3,,nan,none
260616B,256.05833333333334,-32.3,,nan,none
260616A,93.52916666666667,-32.06666666666667,,nan,none
260614B,353.94166666666666,-54.15,,nan,none
260610C,267.6,48.53333333333333,1.10,1.1,clean
260610B,218.15833333333333,27.0,0.474,0.474,clean
260608A,81.37083333333334,-48.38333333333333,,nan,none
260607B,54.67916666666667,30.45,,nan,none
260604C,224.34583333333333,28.65,,nan,none
260603A,233.13750000000002,40.083333333333336,,nan,none
260602D,273.48749999999995,7.6,,nan,none
260602C,240.8875,50.56666666666667,,nan,none
260601B,257.65000000000003,-1.65,1.068h,1.068,qualified:1.068h
260531A,69.9,-10.633333333333333,,nan,none
260530C,196.65416666666667,26.383333333333333,,nan,none
260527AS,193.05833333333334,1.4666666666666668,0.80,0.8,clean
260524A,115.19166666666668,-55.28333333333333,,nan,none
260522AS,346.67083333333335,9.666666666666666,,nan,none
260518B,299.00416666666666,-48.61666666666667,2.28,2.28,clean
260516D,233.85,6.366666666666666,1.801,1.801,clean
260515A,227.67916666666665,24.566666666666666,0.764,0.764,clean
260514B,214.29583333333332,49.36666666666667,,nan,none
260512A,131.30416666666667,-83.03333333333333,,nan,none
260511B,192.60416666666669,4.1,2.006,2.006,clean
260511A,197.92916666666665,-33.85,,nan,none
260510C,157.95833333333334,2.8666666666666667,,nan,none
260510B,173.21666666666667,-34.56666666666667,,nan,none
260509B,239.47916666666666,-18.433333333333334,,nan,none
260509A,176.88750000000002,0.21666666666666667,1.95ul,1.95,qualified:1.95ul
260507B,206.89583333333334,-22.25,,nan,none
260504B,351.24583333333334,-80.33333333333333,,nan,none
260429B,240.6291666666667,-9.583333333333334,,nan,none
260429AS,281.15416666666664,17.283333333333335,,nan,none
260428A,283.3875,0.36666666666666664,,nan,none
260424BS,348.15416666666664,41.2,,nan,none
260421B,189.97916666666666,-17.766666666666666,2.115,2.115,clean
260417A,245.32083333333338,-22.016666666666666,,nan,none
260412A,79.90833333333333,-44.583333333333336,,nan,none
260411B,85.56666666666666,1.9833333333333334,,nan,none
260410AS,110.67083333333332,-20.933333333333334,,nan,none
260409B,172.89583333333334,-9.35,,nan,none
260403A,219.14999999999998,-25.5,,nan,none
260402A,170.97916666666666,63.61666666666667,,nan,none
260401A,219.94166666666666,-17.35,,nan,none
260330B,252.55416666666667,36.86666666666667,,nan,none
260329A,181.30833333333334,4.366666666666666,,nan,none
260321A,219.57500000000002,31.666666666666668,,nan,none
260316B,226.98333333333335,27.466666666666665,,nan,none
260314B,211.84583333333333,-23.45,,nan,none
260310A,219.3166666666667,71.85,0.153,0.153,clean
260307B,155.57500000000002,-21.066666666666666,,nan,none
260306A,145.95416666666665,15.683333333333334,4.773,4.773,clean
260303A,92.95,41.166666666666664,,nan,none
260302B,133.01666666666668,-66.0,1.535,1.535,clean
260228A,237.83333333333334,26.3,,nan,none
260227A,223.1,-11.4,2.714,2.714,clean
260226A,42.05,8.033333333333333,,nan,none
260225A,204.67499999999998,44.65,,nan,none
260223A,111.0875,-29.416666666666668,,nan,none
260221C,178.75,-20.983333333333334,,nan,none
260214B,191.25833333333333,23.85,1.208,1.208,clean
260212A,224.83749999999998,74.8,,nan,none
260211A,87.0,-0.43333333333333335,,nan,none
260208B,99.63749999999999,-13.833333333333334,,nan,none
260208A,204.73333333333335,33.8,,nan,none
260207B,283.6958333333333,51.65,,nan,none
260207A,161.04583333333332,-33.15,,nan,none
260204A,205.11666666666665,2.0166666666666666,,nan,none
260131C,149.92083333333332,-3.283333333333333,0.937,0.937,clean
260131A,24.345833333333335,34.35,1.434,1.434,clean
260128B,27.733333333333334,-25.866666666666667,,nan,none
260128A,128.30416666666667,-10.283333333333333,,nan,none
260127A,231.85833333333332,6.75,,nan,none
260122B,336.07916666666665,-59.166666666666664,,nan,none
260120B,284.6666666666667,61.916666666666664,,nan,none
260119A,158.08333333333334,65.5,5.47,5.47,clean
260117A,188.1875,43.9,,nan,none
260114AS,74.60416666666667,-8.0,,nan,none
260111A,229.57500000000002,51.96666666666667,,nan,none
260110A,333.65000000000003,34.233333333333334,,nan,none
260104A,337.4166666666667,-21.283333333333335,,nan,none
260102A,183.87916666666666,48.25,,nan,none
260101A,86.4625,63.56666666666667,2.623,2.623,clean
251230A,179.89583333333334,11.433333333333334,<2.2,2.2,qualified:<2.2
251222B,62.52083333333334,-1.5,0.505,0.505,clean
251222A,77.2125,-7.216666666666667,3.171,3.171,clean
251221A,101.40833333333333,0.7333333333333333,,nan,none
251220C,17.320833333333333,19.083333333333332,2.375,2.375,clean
251220BS,246.02083333333331,44.55,,nan,none
251220A,19.608333333333334,-15.6,,nan,none
251215A,122.65416666666667,-36.733333333333334,,nan,none
251214B,330.21666666666664,-9.166666666666666,,nan,none
251214A,148.47083333333333,21.05,,nan,none
251212A,134.04166666666669,-23.283333333333335,,nan,none
251208D,337.53333333333336,-0.38333333333333336,,nan,none
251208B,228.45416666666665,29.05,,nan,none
251206A,1.8416666666666666,-4.4,,nan,none
251205A,200.24166666666667,29.966666666666665,1.100,1.1,clean
251203C,51.77916666666667,-7.316666666666666,,nan,none
251202A,122.12083333333334,40.6,2.785,2.785,clean
251201B,6.408333333333333,-44.233333333333334,1.599,1.599,clean
251201A,309.0291666666667,30.416666666666668,,nan,none
251130C,101.04166666666667,27.4,4.035,4.035,clean
251129B,124.8625,76.38333333333334,,nan,none
251129A,224.5375,79.43333333333334,0.505,0.505,clean
251126A,99.91250000000001,54.983333333333334,,nan,none
251125B,238.98333333333335,58.2,,nan,none
251122A,38.016666666666666,14.133333333333333,1.765h,1.765,qualified:1.765h
251118C,123.15833333333332,10.95,1.216,1.216,clean
251118A,160.08333333333334,-34.583333333333336,,nan,none
251117A,331.3,5.566666666666666,,nan,none
251116C,335.3166666666667,-10.416666666666666,,nan,none
251116B,18.833333333333332,-41.083333333333336,,nan,none
251115A,330.175,-9.183333333333334,,nan,none
251112B,278.9583333333333,18.2,,nan,none
251112A,274.0208333333333,24.233333333333334,,nan,none
251111A,32.37916666666666,5.25,,nan,none
251106A,234.61666666666665,63.36666666666667,,nan,none
251105B,277.8125,9.033333333333333,,nan,none
251104A,26.508333333333333,15.5,,nan,none
251103B,105.8625,-24.85,,nan,none
251103A,146.8375,16.133333333333333,0.76,0.76,clean
251102C,113.14166666666667,7.316666666666666,,nan,none
251028A,149.0,17.516666666666666,,nan,none
251026A,72.58333333333333,51.8,,nan,none
251025B,29.5625,30.25,2.003,2.003,clean
251024A,306.62083333333334,-68.56666666666666,,nan,none
251023D,127.15,20.866666666666667,2.232,2.232,clean
251023B,72.92916666666666,12.2,,nan,none
251023A,31.612499999999997,-7.616666666666667,,nan,none
251022A,65.37916666666665,-19.316666666666666,,nan,none
251018A,282.0708333333334,-37.75,,nan,none
251017A,335.3875,7.05,4.327,4.327,clean
251016B,180.58333333333334,57.85,,nan,none
251016AS,266.20833333333337,-39.583333333333336,,nan,none
251014D,323.9125,-41.85,,nan,none
251014B,14.595833333333333,-35.583333333333336,,nan,none
251014A,111.73333333333333,6.416666666666667,,nan,none
251013D,46.9,8.8,,nan,none
251013C,345.87916666666666,-0.16666666666666666,0.572,0.572,clean
251011B,13.287499999999998,-62.03333333333333,,nan,none
251011A,4.7875,45.18333333333333,,nan,none
251007B,102.11666666666667,-10.3,,nan,none
251007A,128.175,21.816666666666666,,nan,none
251006B,40.50416666666667,-5.983333333333333,,nan,none
251005C,75.675,16.883333333333333,,nan,none
251003A,18.50416666666667,56.5,4.412,4.412,clean
251002A,13.904166666666667,-5.55,2.178,2.178,clean
251001B,42.66666666666667,-23.016666666666666,2.162,2.162,clean
250925A,341.2,46.56666666666667,3.899,3.899,clean
250924A,51.86666666666667,74.65,,nan,none
250920C,51.45833333333333,-29.65,1.399,1.399,clean
250920B,187.33749999999998,47.85,2.2,2.2,clean
250920A,176.90833333333333,54.46666666666667,,nan,none
250919A,298.55,-48.833333333333336,1.145,1.145,clean
250917BS,291.3791666666667,11.116666666666667,,nan,none
250916A,26.570833333333333,36.166666666666664,2.015,2.015,clean
250912A,14.954166666666666,11.1,,nan,none
250911B,357.5333333333333,29.283333333333335,3.84,3.84,clean
250911A,263.7625,-16.85,,nan,none
250910A,39.766666666666666,-39.68333333333333,0.592,0.592,clean
250908A,8.225,-50.45,2.87,2.87,clean
250905A,233.04583333333332,0.7833333333333333,,nan,none
250904A,84.35833333333335,3.5833333333333335,,nan,none
250903B,339.12083333333334,-49.86666666666667,,nan,none
250903A,356.9666666666667,-75.95,1.590,1.59,clean
250901A,356.09583333333336,-15.666666666666666,,nan,none
250830B,105.20833333333334,-64.63333333333334,,nan,none
250830A,133.39583333333334,33.78333333333333,,nan,none
250828B,124.84999999999998,-17.383333333333333,,nan,none
250827B,3.4875000000000003,-56.46666666666667,1.613,1.613,clean
250823A,297.5208333333333,-24.983333333333334,,nan,none
250821B,29.375,-82.08333333333333,,nan,none
250821A,358.4125,-28.616666666666667,,nan,none
250819A,338.3,-19.8,,nan,none
250818BS,46.06666666666667,-3.183333333333333,,nan,none
250818A,213.83333333333334,-58.0,,nan,none
250814C,164.65416666666667,47.53333333333333,,nan,none
250814A,306.3291666666667,48.38333333333333,,nan,none
250813B,336.7291666666667,12.5,1.752,1.752,clean
250812A,32.604166666666664,-43.06666666666667,2.571,2.571,clean
250809A,233.01666666666668,-53.28333333333333,,nan,none
250808A,63.55416666666666,-22.9,,nan,none
250807B,15.587500000000002,-59.1,1.522,1.522,clean
250807A,51.420833333333334,-47.88333333333333,,nan,none
250806A,348.42499999999995,1.3833333333333333,,nan,none
250805A,24.15416666666667,-81.4,,nan,none
250804BS,40.608333333333334,-46.766666666666666,,nan,none
250728A,260.9458333333333,16.216666666666665,,nan,none
250727A,355.79999999999995,-81.11666666666666,,nan,none
250725A,35.38333333333333,-82.78333333333333,5.26,5.26,clean
250721A,82.80416666666666,-25.6,,nan,none
250718A,241.99583333333337,-12.0,,nan,none
250717B,44.11666666666667,26.383333333333333,,nan,none
250716A,66.77083333333334,-46.56666666666667,,nan,none
250713A,336.96666666666664,38.766666666666666,,nan,none
250711B,292.15416666666664,4.7,,nan,none
250706B,41.13333333333333,-50.11666666666667,0.942,0.942,clean
250706A,284.0083333333333,32.28333333333333,,nan,none
250704B,300.87083333333334,12.033333333333333,0.661,0.661,clean
250704A,17.133333333333333,-17.283333333333335,1.091,1.091,clean
250703A,351.2416666666667,28.383333333333333,,nan,none
250702F,212.93333333333334,16.7,1.520,1.52,clean
250702B,284.69999999999993,-7.866666666666667,,nan,none
250628B,333.15416666666664,-45.56666666666667,,nan,none
250628A,38.55,-38.083333333333336,,nan,none
250627A,90.7625,10.1,,nan,none
250625A,261.51666666666665,22.266666666666666,,nan,none
250617B,332.90416666666664,32.733333333333334,1.396,1.396,clean
250615A,290.34583333333336,4.666666666666667,,nan,none
250612B,229.6541666666667,-26.75,,nan,none
250610D,248.30833333333334,38.53333333333333,,nan,none
250610B,200.18333333333334,31.1,,nan,none
250605A,166.97500000000002,-19.8,,nan,none
250603A,129.91666666666669,-39.266666666666666,,nan,none
250602A,111.9,56.9,,nan,none
250601A,90.07083333333333,-57.28333333333333,,nan,none
250530C,55.141666666666666,-22.466666666666665,,nan,none
250530A,186.70833333333334,-2.5666666666666664,1.486h,1.486,qualified:1.486h
250529A,18.191666666666666,58.266666666666666,,nan,none
250527C,319.6333333333334,52.733333333333334,,nan,none
250527B,222.62083333333334,-52.7,,nan,none
250521B,200.82083333333333,1.7666666666666666,,nan,none
250520AS,282.26666666666665,-11.85,,nan,none
250516A,334.5625,-9.133333333333333,,nan,none
250512B,215.2166666666667,-10.1,1.773h,1.773,qualified:1.773h
250511B,202.1125,-2.7,,nan,none
250510A,284.175,18.366666666666667,,nan,none
250509A,46.454166666666666,-38.85,,nan,none
250507A,182.99166666666667,-23.616666666666667,,nan,none
250506A,219.6125,29.283333333333335,,nan,none
250504A,269.61249999999995,-40.35,,nan,none
250502A,206.47916666666666,-10.65,2.163,2.163,clean
250430A,233.42916666666667,-18.083333333333332,0.767,0.767,clean
250427B,208.37916666666666,54.71666666666667,,nan,none
250427A,277.2791666666667,7.566666666666666,1.519,1.519,clean
250424A,217.5125,-35.016666666666666,0.310,0.31,clean
250419A,202.3875,7.083333333333333,0.845,0.845,clean
250416C,256.4208333333333,25.783333333333335,0.963,0.963,clean
250407A,110.75416666666668,36.8,1.36,1.36,clean
250406BS,316.52083333333337,45.18333333333333,,nan,none
250404A,125.0625,35.516666666666666,1.88,1.88,clean
250403A,194.59166666666667,-24.383333333333333,1.847,1.847,clean
250402A,213.37916666666666,-5.95,2.823,2.823,clean
250331D,48.525,62.3,,nan,none
250331C,80.99166666666667,33.03333333333333,,nan,none
250331B,73.62916666666666,43.8,,nan,none
250331A,124.98333333333333,-18.633333333333333,,nan,none
250330A,252.79166666666666,-86.86666666666666,,nan,none
250329B,207.67083333333332,52.88333333333333,,nan,none
250329A,197.4375,9.483333333333333,2.921,2.921,clean
250328A,215.975,25.883333333333333,,nan,none
250327B,176.775,29.883333333333333,3.035,3.035,clean
250327A,248.19583333333338,61.6,,nan,none
250322B,319.6666666666667,-24.966666666666665,,nan,none
250322AS,106.73333333333332,7.2,0.4215h,0.4215,qualified:0.4215h
250321D,179.2625,17.383333333333333,4.368,4.368,clean
250321B,169.6875,39.56666666666667,,nan,none
250321A,295.0791666666667,21.033333333333335,,nan,none
250320C,170.92916666666665,40.68333333333333,,nan,none
250320B,244.65833333333333,-30.366666666666667,,nan,none
250317B,211.66666666666666,40.05,3.44,3.44,clean
250316A,219.62916666666666,14.883333333333333,,nan,none
250314A,201.27083333333331,-5.3,7.27,7.27,clean
250313A,278.52916666666664,53.7,,nan,none
250312A,29.508333333333336,-42.4,,nan,none
250311B,146.88333333333333,29.883333333333333,,nan,none
250311A,224.31666666666666,-2.6166666666666667,,nan,none
250309B,210.8,-8.5,,nan,none
250308A,160.7625,23.733333333333334,,nan,none
250306A,354.7291666666667,-48.0,,nan,none
250304A,208.39166666666665,-42.81666666666667,0.200,0.2,clean
250302B,169.51666666666668,33.583333333333336,1.131,1.131,clean
250226A,224.27083333333331,20.966666666666665,3.315,3.315,clean
250225B,306.1458333333333,-41.483333333333334,0.950h,0.95,qualified:0.950h
250223D,98.27083333333333,-22.45,2.756,2.756,clean
250221A,59.475,-15.133333333333333,0.768,0.768,clean
250219A,173.27916666666667,22.683333333333334,,nan,none
250217C,122.16250000000001,45.25,,nan,none
250215A,156.34166666666664,-27.7,4.61,4.61,clean
250213A,112.4875,-20.1,,nan,none
250211B,276.3791666666667,-31.966666666666665,,nan,none
250209A,222.84166666666664,30.983333333333334,,nan,none
250207A,16.116666666666667,-12.15,,nan,none
250206A,225.30833333333337,-62.25,,nan,none
250205A,113.45833333333334,32.36666666666667,3.55,3.55,clean
250129A,198.68749999999997,5.033333333333333,2.151,2.151,clean
250128BS,231.42083333333332,-0.5166666666666667,,nan,none
250127A,169.5875,3.35,,nan,none
250126A,337.62083333333334,-14.383333333333333,,nan,none
250125A,175.3625,-21.7,2.89,2.89,clean
250121A,225.14166666666665,-34.36666666666667,,nan,none
250119B,304.1458333333333,2.033333333333333,,nan,none
250116A,266.64166666666665,-19.366666666666667,,nan,none
250114B,48.86666666666667,-2.3166666666666664,,nan,none
250114A,166.59166666666664,-15.15,4.732,4.732,clean
250109A,88.80416666666666,-12.5,,nan,none
250108B,201.29583333333332,25.616666666666667,2.197,2.197,clean
250108A,207.94583333333333,26.2,,nan,none
250107D,259.3,-29.716666666666665,,nan,none
250107C,346.6791666666667,23.416666666666668,,nan,none
250107A,302.52083333333337,45.56666666666667,,nan,none
250106A,117.14999999999999,63.766666666666666,,nan,none
250103B,54.65,-33.766666666666666,1.416,1.416,clean
250103A,22.083333333333336,-5.1,4.01,4.01,clean
250101A,37.06250000000001,19.15,2.481,2.481,clean
241229B,274.15000000000003,74.71666666666667,,nan,none
241229A,192.89166666666665,31.85,,nan,none
241228B,267.10416666666663,11.65,2.674,2.674,clean
241228A,344.825,18.6,,nan,none
241218A,185.68333333333334,29.983333333333334,,nan,none
241217B,46.9375,30.933333333333334,4.59,4.59,clean
241217A,84.15833333333333,-25.333333333333332,1.879,1.879,clean
241215A,10.595833333333333,32.483333333333334,,nan,none
241213B,331.44999999999993,4.283333333333333,,nan,none
241213A,116.14583333333333,35.28333333333333,,nan,none
241212A,45.12083333333333,6.7,,nan,none
241209D,190.11249999999998,-2.8833333333333333,,nan,none
241209B,194.98333333333332,76.21666666666667,,nan,none
241209AS,155.375,6.316666666666666,,nan,none
241207C,306.8208333333333,-23.4,,nan,none
241204AS,316.5,6.55,,nan,none
241128B,150.25,14.8,,nan,none
241128A,273.725,33.43333333333333,,nan,none
241127B,10.975,17.85,,nan,none
241127A,327.92083333333335,-56.68333333333333,,nan,none
241120A,194.29166666666666,52.15,,nan,none
241117A,2.4875,16.05,,nan,none
241115D,19.416666666666664,-17.95,,nan,none
241115A,86.76666666666667,0.6666666666666666,,nan,none
241113B,110.22916666666666,46.8,,nan,none
241113A,16.575,-22.666666666666668,,nan,none
241112B,29.054166666666667,9.15,,nan,none
241108A,123.72083333333332,-7.183333333333334,,nan,none
241107AS,111.3125,-24.5,,nan,none
241105A,267.10416666666663,11.65,2.681,2.681,clean
241104A,32.55,31.55,,nan,none
241101A,204.33333333333334,28.266666666666666,,nan,none
241030B,50.7875,34.43333333333333,2.82,2.82,clean
241030A,343.03333333333336,80.43333333333334,1.411,1.411,clean
241029A,325.325,5.083333333333333,<3.9,3.9,qualified:<3.9
241026A,293.425,57.983333333333334,2.791,2.791,clean
241025A,333.32916666666665,83.56666666666666,4.20,4.2,clean
241022A,0.47916666666666663,31.666666666666668,,nan,none
241021A,267.025,29.6,,nan,none
241018A,67.99166666666666,43.03333333333333,,nan,none
241017A,356.27916666666664,15.716666666666667,,nan,none
241013A,275.275,-15.633333333333333,,nan,none
241010A,153.36666666666667,11.55,0.977h,0.977,qualified:0.977h
241009A,325.10833333333335,-35.63333333333333,,nan,none
241008A,112.84166666666667,-9.4,,nan,none
241006A,304.79583333333335,-40.8,,nan,none
241002B,328.3208333333333,-58.95,,nan,none
241002A,140.95416666666665,39.85,,nan,none
241001A,20.420833333333334,-43.53333333333333,0.573,0.573,clean
240930B,267.10416666666663,11.65,,nan,none
240929A,2.425,74.83333333333333,,nan,none
240926A,240.36249999999998,45.36666666666667,,nan,none
240919A,334.2791666666667,-9.733333333333333,,nan,none
240918B,143.27916666666667,-17.433333333333334,,nan,none
240916A,235.91250000000002,-7.75,2.610,2.61,clean
240914A,54.27916666666667,-35.03333333333333,,nan,none
240912A,124.63333333333334,34.0,1.234,1.234,clean
240911A,351.3,21.333333333333332,,nan,none
240910A,15.1,4.5,1.46,1.46,clean
240905E,345.8,35.5,,nan,none
240905BS,268.0,14.2,,nan,none
240904A,136.4416666666667,-30.5,,nan,none
240829A,143.05833333333334,-18.733333333333334,,nan,none
240828B,63.35833333333334,16.716666666666665,,nan,none
240828A,225.4916666666667,36.63333333333333,,nan,none
240825A,344.54999999999995,1.0333333333333334,0.659,0.659,clean
240824BS,17.670833333333334,2.0833333333333335,,nan,none
240824A,213.20416666666665,63.733333333333334,,nan,none
240821AS,354.2291666666667,-10.183333333333334,0.238,0.238,clean
240819A,310.9083333333333,49.583333333333336,,nan,none
240811A,226.375,28.85,,nan,none
240810AS,146.3375,-38.21666666666667,,nan,none
240809B,238.79166666666666,-21.3,,nan,none
240809A,237.55,-2.3166666666666664,1.495,1.495,clean
240807A,300.97083333333336,-68.78333333333333,,nan,none
240805B,254.2375,18.316666666666666,,nan,none
240805A,190.91250000000002,-53.61666666666667,,nan,none
240804B,337.64583333333337,-39.11666666666667,3.662,3.662,clean
240802A,287.80833333333334,-2.3166666666666664,,nan,none
240730A,37.829166666666666,59.46666666666667,,nan,none
240727B,97.77916666666667,-37.18333333333333,,nan,none
240727A,236.4375,8.616666666666667,,nan,none
240720A,96.7,30.333333333333332,,nan,none
240718A,252.77916666666667,-25.1,,nan,none
240715AS,5.270833333333333,-36.516666666666666,,nan,none
240713A,352.59166666666664,1.8833333333333333,,nan,none
240712A,273.8041666666667,-9.683333333333334,,nan,none
240627A,164.15416666666667,72.8,,nan,none
240624A,102.44583333333334,-6.55,,nan,none
240619C,350.9916666666667,-72.46666666666667,,nan,none
240619A,162.0,17.3,0.3965,0.3965,clean
240615AS,326.14166666666665,38.583333333333336,,nan,none
240607A,17.829166666666666,-29.316666666666666,,nan,none
240606B,40.233333333333334,-60.63333333333333,,nan,none
240603B,36.05416666666667,-59.95,,nan,none
240603A,328.6333333333333,-24.05,,nan,none
240529A,335.3208333333334,51.55,2.695,2.695,clean
240527B,128.1,-14.483333333333333,,nan,none
240523A,33.56666666666666,-22.016666666666666,,nan,none
240521B,355.6875,-32.71666666666667,,nan,none
240516A,212.77083333333331,-63.5,,nan,none
240513A,163.39999999999998,-27.5,,nan,none
240511A,336.6625,8.516666666666667,,nan,none
240504A,64.76666666666667,-10.083333333333334,,nan,none
240502A,113.62916666666666,16.716666666666665,,nan,none
240501B,265.23333333333335,27.95,,nan,none
240421B,299.68749999999994,-14.883333333333333,,nan,none
240419B,325.87499999999994,4.233333333333333,,nan,none
240419A,94.56666666666666,-45.016666666666666,5.178,5.178,clean
240418A,239.32083333333333,23.6,,nan,none
240415B,132.31666666666666,-27.066666666666666,,nan,none
240415A,129.12916666666666,73.16666666666667,,nan,none
240414A,184.7875,56.733333333333334,1.833,1.833,clean
240411B,231.54166666666669,-2.15,,nan,none
240411A,248.82083333333333,43.61666666666667,,nan,none
240410A,109.83333333333333,30.183333333333334,,nan,none
240402B,245.4375,25.8,1.551h,1.551,qualified:1.551h
240317B,272.1791666666667,39.18333333333333,,nan,none
240315C,141.64166666666665,-9.55,4.859,4.859,clean
240309A,241.60000000000002,-69.0,,nan,none
240305A,6.279166666666668,-43.9,,nan,none
240229A,195.47500000000002,12.783333333333333,,nan,none
240227A,18.683333333333334,-34.03333333333333,,nan,none
240225B,128.45416666666668,27.483333333333334,0.946,0.946,clean
240222A,143.24583333333334,-68.03333333333333,,nan,none
240218A,161.77916666666667,1.3,6.782,6.782,clean
240215A,132.2375,-6.4,,nan,none
240205B,351.475,-55.13333333333333,0.824,0.824,clean
240204A,104.18333333333334,1.0333333333333334,,nan,none
240128A,139.84583333333333,-5.05,,nan,none
240125A,131.52916666666667,66.85,,nan,none
240123C,244.07916666666665,-58.85,,nan,none
240123A,199.31666666666666,60.63333333333333,,nan,none
240122A,92.825,-19.033333333333335,3.163,3.163,clean
240118A,18.575,29.783333333333335,,nan,none
240115B,191.85,-35.53333333333333,,nan,none
240114A,78.9625,33.75,,nan,none
240112C,270.64583333333337,24.483333333333334,,nan,none
240112A,289.40833333333336,21.466666666666665,,nan,none
240109AS,301.31666666666666,16.583333333333332,,nan,none
240107A,298.0125,-68.23333333333333,,nan,none
240102A,96.84583333333333,-6.016666666666667,,nan,none
240101B,352.04999999999995,51.65,,nan,none
240101A,10.375,8.516666666666667,,nan,none
231230A,245.19583333333333,58.11666666666667,,nan,none
231222B,251.35000000000002,19.55,,nan,none
231220A,27.320833333333333,77.9,,nan,none
231216A,39.75833333333333,33.6,,nan,none
231215A,9.75,57.65,2.305,2.305,clean
231214A,305.7375,-72.43333333333334,,nan,none
231210B,95.77083333333334,-48.36666666666667,3.13,3.13,clean
231205B,54.15416666666667,27.15,,nan,none
231205A,202.9375,17.933333333333334,,nan,none
231129C,11.908333333333333,-81.63333333333334,,nan,none
231129B,285.65833333333336,40.28333333333333,,nan,none
231129A,317.5375,41.55,,nan,none
231118A,4.841666666666667,-48.03333333333333,0.8304,0.8304,clean
231117AS,332.4083333333333,13.516666666666667,0.257,0.257,clean
231115AS,149.0,69.68333333333334,,nan,none
231111A,290.2333333333333,52.45,1.179-2,1.179,qualified:1.179-2
231110A,356.29583333333335,82.61666666666666,,nan,none
231106A,113.45,29.216666666666665,,nan,none
231104A,23.7875,83.61666666666666,,nan,none
231028A,214.02916666666667,20.9,,nan,none
231020A,314.4916666666667,-29.25,,nan,none
231018A,1.1208333333333333,47.416666666666664,,nan,none
231017A,86.19166666666668,56.666666666666664,,nan,none
230919AS,71.62083333333334,44.083333333333336,,nan,none
230913A,267.3458333333333,74.48333333333333,,nan,none
230911D,151.9,-25.966666666666665,,nan,none
230911C,226.78333333333336,-41.333333333333336,,nan,none
230911A,57.50416666666667,-29.833333333333332,,nan,none
230906A,79.75833333333333,-47.88333333333333,,nan,none
230903A,9.925,-40.916666666666664,,nan,none
230827B,299.63749999999993,54.46666666666667,,nan,none
230826A,83.0125,66.11666666666666,,nan,none
230818A,285.8833333333334,40.88333333333333,2.42,2.42,clean
230816A,328.375,37.833333333333336,,nan,none
230815B,307.33333333333337,4.183333333333334,,nan,none
230815A,184.72500000000002,-58.05,,nan,none
230812B,267.10416666666663,11.65,0.360,0.36,clean
230805B,207.74583333333334,31.183333333333334,,nan,none
230803A,150.50833333333333,-64.98333333333333,,nan,none
230802A,76.22083333333333,19.566666666666666,,nan,none
230728A,343.5375,28.15,,nan,none
230723B,250.37916666666666,-5.333333333333333,,nan,none
230723A,22.908333333333335,-67.06666666666666,,nan,none
230707A,173.2,-16.416666666666668,,nan,none
230628E,171.84166666666664,-11.45,<2,2.0,qualified:<2
230623A,349.9791666666667,-17.833333333333332,,nan,none
230622A,292.53333333333336,-32.916666666666664,,nan,none
230618A,196.60416666666666,3.3,,nan,none
230616AS,192.03333333333336,5.683333333333334,,nan,none
230606A,166.78333333333336,36.5,,nan,none
230520A,142.42083333333332,1.5166666666666666,,nan,none
230512A,295.40000000000003,38.4,,nan,none
230510B,0.6916666666666667,27.533333333333335,,nan,none
230510A,318.15416666666664,34.45,,nan,none
230506C,134.37499999999997,45.13333333333333,,nan,none
230506B,326.9916666666667,44.53333333333333,,nan,none
230430AS,191.33333333333334,33.916666666666664,,nan,none
230427A,153.32500000000002,48.18333333333333,,nan,none
230426A,37.895833333333336,-79.35,,nan,none
230423A,122.60416666666666,-21.916666666666668,,nan,none
230421A,41.704166666666666,1.1166666666666667,,nan,none
230420A,161.0125,32.083333333333336,,nan,none
230418AS,43.44166666666667,-20.35,,nan,none
230414B,181.07083333333333,53.13333333333333,3.568,3.568,clean
230409B,329.52916666666664,52.85,,nan,none
230405B,271.46666666666664,-47.06666666666667,,nan,none
230402A,96.4,-8.9,,nan,none
230328B,290.9875,80.01666666666667,,nan,none
230325A,296.8208333333334,-46.1,1.664,1.664,clean
230322B,16.56666666666667,-47.733333333333334,,nan,none
230309A,88.88333333333333,-62.2,,nan,none
230308AS,96.37916666666666,66.61666666666666,,nan,none
230307A,60.820833333333326,-75.38333333333334,,nan,none
230304B,110.44166666666666,-2.1166666666666667,,nan,none
230228A,18.40416666666667,44.483333333333334,,nan,none
230220A,346.6625,18.55,,nan,none
230217AS,280.7708333333333,-28.85,,nan,none
230216A,113.96666666666665,-8.016666666666667,,nan,none
230209B,89.36666666666667,29.2,,nan,none
230205A,202.07083333333333,46.68333333333333,,nan,none
230204B,197.5625,-22.033333333333335,2.142,2.142,clean
230204A,238.16250000000002,-50.85,,nan,none
230123A,40.93750000000001,-65.68333333333334,,nan,none
230116D,98.59583333333333,49.833333333333336,,nan,none
230116C,223.46249999999998,-16.866666666666667,,nan,none
230116BS,115.53333333333335,-43.03333333333333,,nan,none
230111A,320.1875,-30.483333333333334,,nan,none
221231A,336.2583333333333,25.133333333333333,,nan,none
221226B,22.916666666666664,-41.55,2.694,2.694,clean
221218A,350.65000000000003,-4.25,,nan,none
221216A,326.02083333333337,-34.4,,nan,none
221215A,155.05416666666667,46.86666666666667,,nan,none
221209A,231.64166666666665,49.85,,nan,none
221206B,251.15416666666667,42.666666666666664,,nan,none
221202A,77.09583333333335,-59.8,,nan,none
221201A,266.93333333333334,-68.26666666666667,,nan,none
221121A,163.10416666666669,69.35,,nan,none
221120AS,41.32083333333333,43.2,,nan,none
221119A,144.6,-14.5,,nan,none
221115B,54.787499999999994,-16.7,,nan,none
221110A,29.120833333333334,-27.316666666666666,4.06,4.06,clean
221028B,214.91250000000002,-36.833333333333336,,nan,none
221028A,314.20416666666665,41.06666666666667,,nan,none
221027B,225.60416666666666,47.45,,nan,none
221027A,185.27916666666664,-5.683333333333334,,nan,none
221025AS,133.37916666666666,10.983333333333333,,nan,none
221024A,169.7166666666667,33.03333333333333,,nan,none
221023A,230.29583333333332,15.0,,nan,none
221022A,118.34166666666665,-5.116666666666666,,nan,none
221017A,116.75416666666666,39.28333333333333,,nan,none
221016A,38.95,-34.61666666666667,,nan,none
221009A,288.2625,19.8,0.151,0.151,clean
221008A,29.683333333333334,-18.883333333333333,,nan,none
221006A,337.325,15.7,,nan,none
220930A,64.7375,13.35,,nan,none
220927A,90.96666666666665,-22.95,,nan,none
220926B,273.95416666666665,-37.25,,nan,none
220921A,66.79166666666667,-40.25,,nan,none
220910A,8.733333333333333,-1.75,,nan,none
220909A,216.04583333333332,-8.85,,nan,none
220907A,268.87083333333334,-20.316666666666666,,nan,none
220905A,345.2,-35.4,,nan,none
220903A,178.79583333333332,-29.7,,nan,none
220831AS,24.254166666666666,-41.75,,nan,none
220826A,206.43333333333334,-44.05,,nan,none
220813A,81.5,-32.983333333333334,,nan,none
220806A,260.875,-26.016666666666666,,nan,none
220730AS,225.02083333333331,-69.5,,nan,none
220715B,254.8875,-33.6,,nan,none
220714B,47.07083333333333,-19.333333333333332,,nan,none
220711B,261.9916666666667,24.666666666666668,,nan,none
220710A,221.59166666666667,20.65,,nan,none
220708B,248.65000000000003,36.333333333333336,,nan,none
220708A,103.11666666666667,72.18333333333334,,nan,none
220706A,0.5875,-16.383333333333333,,nan,none
220701A,242.47916666666666,55.416666666666664,,nan,none
220627A,201.20000000000002,-32.5,3.084,3.084,clean
220624A,179.34999999999997,16.683333333333334,,nan,none
220623A,145.4625,75.83333333333333,,nan,none
220618A,38.96666666666667,55.21666666666667,,nan,none
220617AS,156.95833333333331,15.533333333333333,,nan,none
220611A,66.525,-37.28333333333333,2.3608,2.3608,clean
220609B,347.79166666666663,0.38333333333333336,,nan,none
220606BS,28.474999999999998,-54.916666666666664,,nan,none
220601A,224.70416666666665,-47.983333333333334,,nan,none
220528AS,312.96250000000003,18.85,,nan,none
220527A,323.5708333333333,21.566666666666666,0.857,0.857,clean
220525A,13.366666666666665,16.4,,nan,none
220524B,70.275,-19.483333333333334,,nan,none
220524A,20.8625,46.583333333333336,,nan,none
220521B,55.462500000000006,38.983333333333334,,nan,none
220521A,275.1958333333333,10.383333333333333,5.6,5.6,clean
220519A,357.78333333333336,-9.516666666666667,,nan,none
220518A,55.37083333333334,-47.56666666666667,,nan,none
220514B,245.78750000000002,61.65,,nan,none
220514A,147.68333333333334,13.166666666666666,,nan,none
220511A,287.4458333333333,17.733333333333334,,nan,none
220506A,239.52083333333331,-27.033333333333335,,nan,none
220501A,85.575,14.033333333333333,,nan,none
220430A,97.61250000000001,9.516666666666667,,nan,none
220427A,275.8708333333333,-56.25,,nan,none
220426A,338.69166666666666,-23.0,,nan,none
220423A,20.78333333333333,22.2,,nan,none
220418BS,224.32916666666665,-17.5,,nan,none
220414A,51.28333333333333,-0.35,,nan,none
220412BS,320.79583333333335,-0.21666666666666667,,nan,none
220412A,123.96666666666667,30.316666666666666,,nan,none
220408B,92.53750000000001,-49.61666666666667,,nan,none
220408A,202.39999999999998,47.06666666666667,,nan,none
220406AS,324.99583333333334,64.93333333333334,,nan,none
220404A,50.44583333333333,10.0,,nan,none
220403C,17.570833333333336,-56.233333333333334,,nan,none
220403B,191.02499999999998,89.16666666666667,,nan,none
220325A,269.4833333333333,-7.033333333333333,,nan,none
220320A,94.14999999999999,-55.916666666666664,,nan,none
220319A,218.20833333333334,61.28333333333333,,nan,none
220311A,157.97500000000002,66.08333333333333,,nan,none
220310C,290.0708333333333,40.25,,nan,none
220310A,168.61249999999998,23.45,,nan,none
220308A,267.10416666666663,11.65,,nan,none
220306B,5.379166666666666,71.35,,nan,none
220305B,176.11249999999998,-32.55,,nan,none
220305A,107.58333333333334,-37.7,,nan,none
220302A,301.4333333333333,49.38333333333333,,nan,none
220228A,311.2,-22.7,,nan,none
220219B,240.91250000000002,31.233333333333334,0.293,0.293,clean
220219A,42.24166666666666,10.583333333333334,,nan,none
220218A,133.82916666666665,31.983333333333334,,nan,none
220210A,345.7791666666667,61.833333333333336,,nan,none
220209A,352.12916666666666,73.11666666666666,,nan,none
220128A,350.19166666666666,-49.733333333333334,,nan,none
220124A,241.94583333333335,41.983333333333334,,nan,none
220118A,192.275,22.916666666666668,,nan,none
220117C,286.4583333333333,16.783333333333335,,nan,none
220117B,191.94583333333333,-28.75,,nan,none
220117A,91.57916666666667,-28.416666666666668,4.961,4.961,clean
220107B,216.5,20.0,,nan,none
220107A,169.7625,34.13333333333333,1.246,1.246,clean
220101A,1.3791666666666667,31.75,4.618,4.618,clean
211229A,295.0416666666667,23.133333333333333,,nan,none
211227A,132.125,-2.7,,nan,none
211225B,258.5666666666667,17.266666666666666,,nan,none
211225A,126.59166666666665,-7.333333333333333,,nan,none
211223C,227.1625,-26.866666666666667,,nan,none
211221A,78.9375,0.9333333333333333,,nan,none
211219A,58.65416666666666,-34.61666666666667,,nan,none
211211A,212.27083333333331,27.883333333333333,,nan,none
211207A,149.625,-24.35,2.272,2.272,clean
211204C,338.94999999999993,52.166666666666664,,nan,none
211130A,21.145833333333332,-27.833333333333332,,nan,none
211129A,274.55833333333334,31.783333333333335,,nan,none
211120A,315.1375,42.85,,nan,none
211115A,122.875,-25.666666666666668,,nan,none
211107B,65.79583333333333,-27.55,,nan,none
211106A,343.64166666666665,-53.233333333333334,,nan,none
211025A,162.375,31.55,,nan,none
211024B,154.6875,24.583333333333332,1.1137,1.1137,clean
211024A,28.054166666666667,-6.966666666666667,,nan,none
211023BS,170.3,39.13333333333333,0.862h,0.862,qualified:0.862h
211023A,72.3,85.3,0.390,0.39,clean
211022A,161.6125,-51.0,,nan,none
211019A,106.9875,-38.78333333333333,,nan,none
211018A,19.675,-3.6,,nan,none
210930A,197.43333333333334,48.61666666666667,,nan,none
210928A,245.82083333333335,-17.883333333333333,,nan,none
210927B,263.02083333333337,73.78333333333333,,nan,none
210925B,48.81666666666666,-52.86666666666667,,nan,none
210919AS,80.22916666666666,1.2666666666666666,0.2415h,0.2415,qualified:0.2415h
210912A,129.76666666666668,79.2,,nan,none
210905A,309.0625,-44.43333333333333,6.318,6.318,clean
210901A,295.29166666666663,-76.93333333333334,,nan,none
210827A,174.91666666666669,55.78333333333333,,nan,none
210826A,45.3,-71.7,,nan,none
210824A,232.13333333333333,11.133333333333333,,nan,none
210822A,304.475,5.266666666666667,1.736,1.736,clean
210820A,20.629166666666666,4.633333333333333,,nan,none
210818A,149.13333333333333,-87.03333333333333,,nan,none
210807C,143.55,-51.416666666666664,,nan,none
210807A,76.67916666666666,58.25,,nan,none
210802A,230.89999999999998,29.85,,nan,none
210731A,300.3125,-28.033333333333335,1.2525,1.2525,clean
210730A,149.59166666666667,69.7,,nan,none
210727A,189.22916666666666,-59.93333333333333,,nan,none
210726AS,193.34166666666664,19.183333333333334,0.37phh,0.37,qualified:0.37phh
210725B,192.93333333333334,17.116666666666667,,nan,none
210725A,215.3625,-1.1833333333333333,,nan,none
210724A,227.40833333333333,-6.266666666666667,,nan,none
210723A,121.72500000000001,-32.833333333333336,,nan,none
210722A,27.025000000000002,-6.35,1.145,1.145,clean
210712A,97.3375,-35.4,,nan,none
210708B,142.57916666666665,14.466666666666667,,nan,none
210708A,173.7,-49.18333333333333,,nan,none
210707A,192.54583333333335,-63.28333333333333,,nan,none
210706A,312.0125,13.3,,nan,none
210704A,159.08333333333334,57.31666666666667,,nan,none
210702A,168.57083333333333,-36.733333333333334,1.160,1.16,clean
210626A,221.62083333333334,-1.15,,nan,none
210624AS,54.24166666666667,80.36666666666666,,nan,none
210622AS,233.11666666666665,-26.216666666666665,,nan,none
210619B,319.71250000000003,33.86666666666667,1.937,1.937,clean
210618A,235.82083333333333,46.05,,nan,none
210610B,243.9375,14.383333333333333,1.13,1.13,clean
210610A,204.28333333333336,14.483333333333333,3.54,3.54,clean
210607A,263.3666666666667,-22.283333333333335,,nan,none
210606B,87.9875,-16.683333333333334,,nan,none
210606A,170.90416666666667,0.7166666666666667,,nan,none
210605B,15.733333333333334,-6.466666666666667,,nan,none
210605A,21.608333333333334,-45.083333333333336,,nan,none
210602A,44.62916666666667,-2.6666666666666665,,nan,none
210531A,140.59166666666667,8.283333333333333,,nan,none
210528B,239.5375,5.983333333333333,,nan,none
210527A,172.35416666666666,31.616666666666667,,nan,none
210524A,343.5625,-46.666666666666664,,nan,none
210521A,264.6708333333333,-61.75,,nan,none
210520A,122.99999999999999,-69.4,,nan,none
210517A,358.175,-39.1,2.486,2.486,clean
210515C,1.0499999999999998,-15.016666666666667,,nan,none
210514A,2.966666666666667,-21.883333333333333,,nan,none
210511B,312.9125,58.38333333333333,,nan,none
210509A,350.3541666666667,6.683333333333334,,nan,none
210506A,267.10416666666663,11.65,,nan,none
210504A,222.29583333333332,-30.533333333333335,2.077,2.077,clean
210430A,57.18333333333333,45.083333333333336,,nan,none
210427A,177.79166666666666,-52.86666666666667,,nan,none
210424BS,284.71666666666664,16.166666666666668,,nan,none
210422A,21.1375,42.11666666666667,,nan,none
210421B,270.81666666666666,56.833333333333336,,nan,none
210421A,104.90833333333333,4.933333333333334,,nan,none
210420B,254.32083333333335,42.56666666666667,1.400,1.4,clean
210419C,212.9625,36.016666666666666,,nan,none
210419A,86.8625,-65.53333333333333,,nan,none
210413B,182.55833333333334,55.96666666666667,,nan,none
210411C,296.5583333333333,-39.36666666666667,2.826,2.826,clean
210410A,269.7541666666667,45.36666666666667,,nan,none
210406A,132.48333333333335,76.53333333333333,,nan,none
210403A,2.7666666666666666,-33.0,,nan,none
210402A,198.25833333333333,44.516666666666666,,nan,none
210324C,35.1125,-48.6,,nan,none
210323B,259.6666666666667,15.683333333333334,,nan,none
210323AS,317.95416666666665,25.383333333333333,0.733h,0.733,qualified:0.733h
210321A,87.875,70.11666666666666,1.487,1.487,clean
210320A,4.695833333333333,-47.483333333333334,,nan,none
210318B,264.2291666666667,-35.81666666666667,,nan,none
210318A,33.92916666666667,-37.78333333333333,,nan,none
210312B,155.84166666666664,76.88333333333334,1.069,1.069,clean
210308A,67.0875,37.416666666666664,,nan,none
210307A,119.19166666666668,-66.96666666666667,,nan,none
210306B,331.84583333333336,10.166666666666666,,nan,none
210306A,129.96666666666667,60.2,,nan,none
210305A,319.8125,34.55,,nan,none
210226A,124.13750000000002,57.583333333333336,,nan,none
210222B,154.62083333333334,-14.9,2.198,2.198,clean
210222A,352.69166666666666,-28.816666666666666,,nan,none
210218A,47.291666666666664,35.28333333333333,,nan,none
210217A,97.60833333333333,68.71666666666667,,nan,none
210212B,156.175,11.616666666666667,,nan,none
210212A,72.2625,7.233333333333333,,nan,none
210211A,269.4333333333333,-46.3,,nan,none
210210A,262.8125,14.65,0.715,0.715,clean
210209A,328.09583333333336,43.56666666666667,,nan,none
210208A,260.1958333333333,-12.666666666666666,,nan,none
210207B,270.58333333333337,53.7,,nan,none
210205A,347.25833333333327,56.31666666666667,,nan,none
210204A,117.07916666666667,11.416666666666666,0.876,0.876,clean
210202A,230.0,-38.0,,nan,none
210124BS,274.33333333333337,-0.45,,nan,none
210121A,16.979166666666668,-46.4,,nan,none
210120A,163.5,17.0,,nan,none
210119AS,282.80416666666673,-61.8,,nan,none
210116A,123.8125,-5.866666666666667,2.514,2.514,clean
210112A,219.0,33.06666666666667,,nan,none
210110A,172.65833333333333,-41.516666666666666,,nan,none
210109A,62.25000000000001,5.033333333333333,,nan,none
210104B,53.6,37.93333333333333,,nan,none
210104A,103.70416666666668,64.66666666666667,0.46,0.46,clean
210102C,235.73749999999998,-37.21666666666667,,nan,none
210102B,353.4791666666667,-21.25,,nan,none
201229A,210.70833333333334,48.2,,nan,none
201227AS,170.12083333333334,-73.61666666666666,,nan,none
201223A,132.85,71.16666666666667,,nan,none
201221DS,171.05,42.15,1.045,1.045,clean
201221A,214.47916666666666,-45.416666666666664,5.70,5.7,clean
201220A,282.1666666666667,-1.5,,nan,none
201218A,288.49583333333334,28.35,,nan,none
201216C,16.358333333333334,16.533333333333335,1.10,1.1,clean
201216A,201.48749999999998,36.31666666666667,,nan,none
201214BS,187.97083333333333,9.1,,nan,none
201214A,170.975,33.86666666666667,,nan,none
201209A,23.104166666666664,-1.7666666666666666,,nan,none
201208A,158.3125,-28.75,,nan,none
201207A,120.19166666666666,-49.333333333333336,,nan,none
201203A,38.079166666666666,-26.533333333333335,,nan,none
201128B,339.35416666666663,-49.233333333333334,,nan,none
201128A,223.13750000000002,26.683333333333334,,nan,none
201116A,149.32916666666665,0.31666666666666665,,nan,none
201105A,245.60833333333332,12.733333333333333,,nan,none
201104B,5.216666666666666,7.816666666666666,1.954,1.954,clean
201104A,81.4,-71.1,,nan,none
201103B,42.18333333333333,12.133333333333333,1.105,1.105,clean
201029A,229.6,44.46666666666667,,nan,none
201027A,155.975,-5.516666666666667,,nan,none
201026A,196.6625,83.76666666666667,,nan,none
201024A,125.94583333333331,3.3833333333333333,0.999,0.999,clean
201021C,12.55,-55.833333333333336,1.070,1.07,clean
201021B,3.479166666666667,-63.55,,nan,none
201020B,74.87083333333334,76.98333333333333,0.804,0.804,clean
201020A,261.24583333333334,31.416666666666668,2.903,2.903,clean
201017A,36.63333333333334,66.66666666666667,,nan,none
201016A,174.3,-2.0,,nan,none
201015A,354.34166666666664,53.4,0.426,0.426,clean
201014A,20.845833333333335,27.7,4.56,4.56,clean
201013A,107.3875,57.03333333333333,,nan,none
201008A,161.74583333333334,46.1,,nan,none
201006AS,61.879166666666656,65.15,,nan,none
201001A,110.07083333333333,-2.216666666666667,,nan,none
200925B,246.85,78.4,,nan,none
200922A,296.91666666666674,-55.2,,nan,none
200919A,168.91666666666666,32.45,,nan,none
200917A,235.75416666666666,-4.7,,nan,none
200914A,254.51249999999996,-36.28333333333333,,nan,none
200909B,175.17499999999998,-31.183333333333334,,nan,none
200907BS,89.0125,6.916666666666667,,nan,none
200907A,141.475,-1.4333333333333333,,nan,none
200906A,272.29166666666663,67.85,,nan,none
200903D,312.775,-0.6,,nan,none
200903A,164.3125,50.5,,nan,none
200901B,217.8791666666667,-38.71666666666667,,nan,none
200901A,61.758333333333326,-59.88333333333333,,nan,none
200829A,251.21250000000003,72.33333333333333,1.25ph,1.25,qualified:1.25ph
200826B,153.17499999999998,57.583333333333336,,nan,none
200826AS,6.816666666666666,34.03333333333333,0.7481h,0.7481,qualified:0.7481h
200819A,21.42916666666667,63.05,,nan,none
200815AS,356.6875,-27.8,,nan,none
200809B,15.941666666666666,-73.83333333333333,,nan,none
200806A,52.90416666666666,37.083333333333336,,nan,none
200803A,311.29166666666663,-63.083333333333336,,nan,none
200729A,184.375,45.583333333333336,,nan,none
200716C,196.0125,29.633333333333333,,nan,none
200716A,139.33333333333334,-16.733333333333334,,nan,none
200715A,248.60416666666663,51.8,,nan,none
200714E,196.86666666666667,-51.63333333333333,,nan,none
200713A,76.9625,-32.81666666666667,,nan,none
200711A,285.975,-0.13333333333333333,,nan,none
200701A,123.55416666666665,-14.5,,nan,none
200630A,91.37916666666666,-60.78333333333333,,nan,none
200623AS,242.09583333333333,51.46666666666667,,nan,none
200615B,153.35,-4.833333333333333,,nan,none
200613A,153.02916666666664,45.85,1.22,1.22,clean
200612A,302.6791666666667,-45.35,,nan,none
200608A,309.62916666666666,-31.166666666666668,,nan,none
200605AS,95.8375,50.95,,nan,none
200530A,32.1,69.23333333333333,,nan,none
200529A,238.75,-11.05,,nan,none
200528A,176.63750000000002,58.15,,nan,none
200524A,212.75,60.96666666666667,1.256,1.256,clean
200522AS,5.666666666666666,-0.2833333333333333,0.554h,0.554,qualified:0.554h
200521AS,169.52916666666667,7.216666666666667,,nan,none
200519A,255.33333333333334,-30.383333333333333,,nan,none
200517A,17.229166666666664,-50.75,,nan,none
200514A,169.97083333333333,20.133333333333333,,nan,none
200512A,7.395833333333334,-2.2,,nan,none
200509A,116.45,-4.633333333333333,,nan,none
200425A,85.24166666666667,-13.466666666666667,,nan,none
200424A,307.4791666666667,-39.71666666666667,,nan,none
200422A,196.4,-20.25,,nan,none
200416A,335.69166666666666,-7.533333333333333,,nan,none
200415AS,11.070833333333333,-25.016666666666666,,nan,none
200412B,277.4791666666667,61.78333333333333,,nan,none
200412A,137.1625,-39.016666666666666,,nan,none
200411AS,47.65833333333333,-52.31666666666667,0.7phh,0.7,qualified:0.7phh
200410A,299.63749999999993,51.766666666666666,,nan,none
200409A,60.55416666666666,-50.25,,nan,none
200405B,62.78750000000001,-51.53333333333333,,nan,none
200327AS,236.57500000000002,-4.216666666666667,,nan,none
200325B,31.720833333333335,-31.816666666666666,,nan,none
200325AS,31.720833333333335,-31.816666666666666,,nan,none
200324A,222.68333333333334,35.96666666666667,,nan,none
200311A,209.24583333333334,-50.05,,nan,none
200306C,198.58333333333334,11.25,,nan,none
200306A,101.10416666666667,-62.0,,nan,none
200303A,212.69583333333333,51.36666666666667,,nan,none
200228B,252.02499999999998,16.966666666666665,,nan,none
200228A,333.89166666666665,-42.95,,nan,none
200227A,56.4375,9.483333333333333,,nan,none
200224A,248.79583333333332,41.68333333333333,,nan,none
200219C,262.69166666666666,10.416666666666666,,nan,none
200219AS,342.6458333333333,-59.1,0.48phh,0.48,qualified:0.48phh
200216B,160.4625,19.45,,nan,none
200216A,311.4375,-11.65,,nan,none
200215A,34.12083333333333,12.783333333333333,,nan,none
200205B,107.80416666666666,-56.483333333333334,1.465,1.465,clean
200131A,3.0958333333333337,51.11666666666667,,nan,none
200127A,295.20416666666665,44.916666666666664,,nan,none
200125A,228.04583333333332,-8.15,,nan,none
200122A,209.97916666666666,27.566666666666666,,nan,none
200120A,137.13333333333333,-70.41666666666667,,nan,none
200115A,56.454166666666666,5.616666666666667,,nan,none
200111A,107.87083333333334,32.55,,nan,none
200109A,307.1708333333333,53.0,,nan,none
200107B,107.06666666666666,-83.71666666666667,,nan,none
200105A,318.9375,-36.31666666666667,,nan,none
200101A,258.99583333333334,-32.3,,nan,none
191228A,5.3375,-8.666666666666666,,nan,none
191227A,319.1708333333333,-16.7,,nan,none
191221B,154.83333333333334,-38.13333333333333,1.148,1.148,clean
191220A,281.39166666666665,26.666666666666668,,nan,none
191218A,301.07916666666665,-40.266666666666666,,nan,none
191213A,224.50833333333333,-9.733333333333333,,nan,none
191202A,249.54166666666663,17.566666666666666,,nan,none
191130A,133.13750000000002,5.016666666666667,,nan,none
191123A,215.2625,22.833333333333332,,nan,none
191122A,54.295833333333334,-32.18333333333333,,nan,none
191106A,269.35,46.05,,nan,none
191101A,251.84583333333336,43.75,,nan,none
191031DS,283.275,47.63333333333333,0.5phh,0.5,qualified:0.5phh
191031C,115.86250000000001,-62.333333333333336,,nan,none
191031A,233.47083333333333,6.15,,nan,none
191029A,352.14166666666665,-40.46666666666667,,nan,none
191024A,10.145833333333332,-67.13333333333334,,nan,none
191019A,340.0375,-17.333333333333332,0.248,0.248,clean
191017B,245.15,-73.56666666666666,,nan,none
191016A,30.295833333333334,24.5,,nan,none
191011A,44.725,-27.85,1.722,1.722,clean
191004B,49.175,-39.61666666666667,3.503,3.503,clean
191004A,31.720833333333335,-36.93333333333333,,nan,none
191001B,86.36666666666667,-15.9,,nan,none
191001A,267.10416666666663,11.65,,nan,none
190928A,36.579166666666666,29.466666666666665,,nan,none
190926A,100.60000000000001,59.516666666666666,,nan,none
190919B,311.8875,-44.71666666666667,3.225,3.225,clean
190906AS,267.575,-11.916666666666666,,nan,none
190829A,44.54166666666667,-8.966666666666667,0.0785,0.0785,clean
190828D,251.925,-24.55,,nan,none
190828B,251.8166666666667,27.233333333333334,,nan,none
190828A,58.07083333333333,46.55,,nan,none
190824A,215.32916666666665,-41.9,,nan,none
190823A,279.1791666666667,-43.5,,nan,none
190821A,250.075,-34.016666666666666,,nan,none
190816A,341.19166666666666,-29.733333333333334,,nan,none
190805B,211.85416666666669,19.766666666666666,,nan,none
190804B,239.43749999999997,-44.38333333333333,,nan,none
190731A,339.7208333333333,-76.58333333333333,,nan,none
190727B,126.47916666666666,-13.266666666666667,,nan,none
190720A,205.40416666666667,41.333333333333336,,nan,none
190719C,240.20833333333334,12.983333333333333,2.469,2.469,clean
190719B,344.51666666666665,59.85,,nan,none
190718A,336.52916666666664,-41.21666666666667,,nan,none
190708B,326.8541666666667,7.633333333333333,,nan,none
190706B,107.45000000000002,-29.583333333333332,,nan,none
190706A,26.604166666666664,-43.25,,nan,none
190701B,350.40833333333336,64.35,,nan,none
190701A,28.0625,58.9,,nan,none
190630C,293.9083333333333,-32.75,,nan,none
190630B,223.67083333333332,41.516666666666666,,nan,none
190627A,244.82916666666665,-5.3,1.942,1.942,clean
190613B,305.42083333333335,-4.666666666666667,,nan,none
190613A,182.55833333333334,67.23333333333333,2.78?,2.78,qualified:2.78?
190611B,84.75833333333334,50.833333333333336,,nan,none
190611A,324.7708333333333,-56.083333333333336,,nan,none
190610AS,46.2875,-7.666666666666667,,nan,none
190604B,297.5875,-32.93333333333333,,nan,none
190531B,24.370833333333334,-41.96666666666667,,nan,none
190530A,120.7625,35.5,<2.2,2.2,qualified:<2.2
190519A,114.7625,-38.81666666666667,,nan,none
190515B,98.84166666666667,52.3,,nan,none
190515AS,137.68749999999997,29.283333333333335,,nan,none
190512A,82.44166666666668,-7.566666666666666,,nan,none
190511A,126.43749999999999,-20.233333333333334,,nan,none
190501A,173.59166666666664,62.1,,nan,none
190427AS,280.21250000000003,40.31666666666667,,nan,none
190424A,48.67916666666667,20.233333333333334,,nan,none
190422A,182.125,-60.233333333333334,,nan,none
190415A,28.054166666666667,20.266666666666666,,nan,none
190408A,47.34166666666667,1.75,,nan,none
190404B,220.77083333333331,-22.683333333333334,,nan,none
190404A,12.0875,27.483333333333334,,nan,none
190331B,326.2583333333333,-54.55,,nan,none
190331A,28.574999999999996,27.616666666666667,,nan,none
190329A,333.2708333333333,19.633333333333333,,nan,none
190326AS,341.65416666666664,49.9,,nan,none
190324A,49.574999999999996,-47.233333333333334,1.1715,1.1715,clean
190320A,117.81249999999999,-45.88333333333333,,nan,none
190311A,212.1,53.516666666666666,,nan,none
190306A,223.00416666666666,30.55,,nan,none
190305A,11.379166666666666,-50.2,,nan,none
190304A,16.908333333333335,-80.7,,nan,none
190220B,242.475,-21.133333333333333,,nan,none
190220A,330.14166666666665,-76.68333333333334,,nan,none
190219A,189.75833333333333,76.61666666666666,,nan,none
190211A,196.67499999999998,41.96666666666667,,nan,none
190204A,351.53333333333336,54.88333333333333,,nan,none
190203A,22.575,55.916666666666664,,nan,none
190202A,166.5125,9.383333333333333,,nan,none
190129B,117.28333333333333,1.25,,nan,none
190129A,11.433333333333334,-31.8,,nan,none
190123A,53.229166666666664,45.483333333333334,,nan,none
190122A,258.70833333333337,48.11666666666667,,nan,none
190117A,113.8625,6.516666666666667,,nan,none
190114C,54.50833333333333,-26.933333333333334,0.425,0.425,clean
190114B,174.88333333333333,18.883333333333333,,nan,none
190114A,65.54583333333332,2.1666666666666665,3.3765,3.3765,clean
190110A,276.8833333333333,-53.68333333333333,,nan,none
190109B,55.59583333333334,63.583333333333336,,nan,none
190109A,33.21666666666667,38.11666666666667,,nan,none
190106A,29.887500000000003,23.85,1.859,1.859,clean
190103B,212.575,35.266666666666666,,nan,none
190103A,251.40833333333333,17.383333333333333,,nan,none
181231A,254.59166666666664,0.6166666666666667,,nan,none
181228A,49.829166666666666,13.2,,nan,none
181227A,29.887500000000003,-53.31666666666667,,nan,none
181225A,348.0708333333333,-9.483333333333333,,nan,none
181224A,125.92916666666665,6.2,,nan,none
181222A,270.975,-38.7,,nan,none
181213A,248.20833333333337,78.5,<2.4,2.4,qualified:<2.4
181212A,300.6625,0.31666666666666665,,nan,none
181205A,199.95416666666665,8.2,,nan,none
181203A,108.37083333333334,-39.766666666666666,,nan,none
181202A,280.74583333333334,27.95,,nan,none
181201A,319.3208333333334,-12.633333333333333,<1.88,1.88,qualified:<1.88
181127A,285.34166666666664,31.683333333333334,,nan,none
181126AS,152.35,-29.683333333333334,,nan,none
181125A,268.4125,-2.6166666666666667,,nan,none
181123BS,184.34583333333333,14.583333333333334,1.754h,1.754,qualified:1.754h
181121AS,14.425,-11.983333333333333,,nan,none
181120A,20.37916666666667,4.166666666666667,,nan,none
181110A,302.34166666666664,-36.9,1.505,1.505,clean
181103A,197.10833333333332,52.233333333333334,,nan,none
181030A,146.92083333333332,14.666666666666666,,nan,none
181028A,88.8875,-21.166666666666668,,nan,none
181027A,225.38333333333333,30.883333333333333,,nan,none
181023A,248.32916666666668,19.566666666666666,,nan,none
181022A,56.795833333333334,-29.333333333333332,,nan,none
181020A,13.966666666666667,-47.38333333333333,2.938,2.938,clean
181016A,231.26666666666665,-35.28333333333333,,nan,none
181013A,207.6,40.18333333333333,,nan,none
181011A,93.3375,20.383333333333333,,nan,none
181010A,52.55833333333334,-23.033333333333335,1.39,1.39,clean
181003A,52.57083333333333,-34.016666666666666,,nan,none
181002A,64.7375,15.233333333333333,,nan,none
180930A,76.87083333333334,-25.133333333333333,,nan,none
180925A,315.21250000000003,-64.45,,nan,none
180924A,49.162499999999994,-58.5,,nan,none
180923A,38.30416666666667,6.3,,nan,none
180914B,332.44999999999993,24.883333333333333,1.096,1.096,clean
180914A,52.74166666666667,-5.266666666666667,,nan,none
180905A,91.03333333333333,-4.583333333333333,,nan,none
180904A,274.25,46.61666666666667,,nan,none
180829A,61.72499999999999,-1.9833333333333334,,nan,none
180828A,268.69999999999993,-25.8,,nan,none
180824AS,10.058333333333334,56.61666666666667,,nan,none
180823A,210.35,14.883333333333333,,nan,none
180821A,7.762500000000001,-38.61666666666667,,nan,none
180818B,104.23333333333333,39.333333333333336,,nan,none
180818A,169.6125,-48.35,,nan,none
180812A,245.8875,74.66666666666667,,nan,none
180809B,299.69999999999993,-15.3,,nan,none
180809A,297.7916666666667,-34.666666666666664,,nan,none
180806A,11.554166666666667,24.333333333333332,,nan,none
180805BS,25.8125,-17.5,0.661h,0.661,qualified:0.661h
180805A,167.52916666666664,-45.333333333333336,,nan,none
180728BS,222.07916666666668,15.95,,nan,none
180728A,253.57083333333333,-54.03333333333333,0.117,0.117,clean
180727AS,346.66666666666674,-63.05,2.0phh,2.0,qualified:2.0phh
180722A,302.89166666666665,24.216666666666665,,nan,none
180721A,347.6958333333334,4.883333333333333,,nan,none
180720C,265.625,-26.583333333333332,,nan,none
180720B,0.5291666666666667,-2.9333333333333336,0.654,0.654,clean
180718B,44.67916666666667,-31.5,,nan,none
180718AS,336.0208333333333,2.783333333333333,,nan,none
180715AS,235.07083333333333,15.633333333333333,,nan,none
180714A,242.90833333333333,33.266666666666666,,nan,none
180709A,38.11666666666666,60.35,,nan,none
180706A,181.66666666666666,66.03333333333333,,nan,none
180705A,212.59583333333333,-11.633333333333333,,nan,none
180704A,32.6375,69.95,,nan,none
180703BS,96.92083333333333,-29.883333333333333,,nan,none
180703A,6.541666666666667,-67.08333333333333,0.6678,0.6678,clean
180701A,319.9166666666667,-4.5,,nan,none
180630A,48.80833333333334,-87.48333333333333,,nan,none
180626CS,278.57916666666665,47.233333333333334,,nan,none
180626BS,214.55416666666667,12.416666666666666,,nan,none
180626A,243.5666666666667,14.75,,nan,none
180624A,318.0708333333333,-2.3333333333333335,2.855,2.855,clean
180623A,214.5125,-60.3,,nan,none
180620B,357.51666666666665,-57.95,1.1175,1.1175,clean
180620A,279.8833333333333,23.266666666666666,,nan,none
180618AS,169.9375,73.85,0.544h,0.544,qualified:0.544h
180614A,3.1583333333333337,46.95,,nan,none
180613A,211.5625,-43.083333333333336,,nan,none
180611A,46.47083333333334,-48.833333333333336,,nan,none
180605A,47.50833333333333,-48.65,,nan,none
180602A,142.33749999999998,32.1,,nan,none
180529AS,97.94583333333334,-54.9,,nan,none
180526A,108.575,3.6833333333333336,,nan,none
180514A,197.4,36.96666666666667,,nan,none
180512A,201.95416666666665,21.4,,nan,none
180510B,77.9875,-62.333333333333336,1.305,1.305,clean
180510A,276.3166666666667,-31.916666666666668,,nan,none
180504A,331.14166666666665,-14.666666666666666,,nan,none
180427A,271.0125,68.45,,nan,none
180425A,64.47083333333333,-32.95,,nan,none
180418A,170.1125,24.95,1.55phh,1.55,qualified:1.55phh
180411A,356.8291666666667,66.78333333333333,,nan,none
180410A,95.98333333333333,12.8,,nan,none
180409A,175.84166666666667,36.3,,nan,none
180407A,35.24166666666667,33.5,,nan,none
180404C,92.30416666666667,7.816666666666666,,nan,none
180404B,53.38333333333333,-50.2,,nan,none
180404A,83.5625,-37.166666666666664,1.000,1.0,clean
180402AS,251.90416666666667,-14.966666666666667,,nan,none
180331B,196.82083333333333,61.71666666666667,,nan,none
180331A,66.01666666666668,13.4,,nan,none
180329B,82.91666666666667,-23.7,1.998,1.998,clean
180329A,329.2958333333333,-15.066666666666666,,nan,none
180326A,291.7291666666667,-13.55,,nan,none
180325A,157.43333333333334,24.433333333333334,2.248,2.248,clean
180324A,76.58333333333333,56.71666666666667,,nan,none
180318A,180.34166666666667,33.93333333333333,,nan,none
180317A,92.19583333333334,23.166666666666668,,nan,none
180316A,265.4375,0.7333333333333333,,nan,none
180314B,297.86666666666673,23.616666666666667,,nan,none
180314A,99.275,-24.483333333333334,1.445,1.445,clean
180311A,3.4333333333333336,-54.483333333333334,,nan,none
180305A,49.670833333333334,32.1,,nan,none
180224A,202.66250000000002,38.083333333333336,,nan,none
180222A,256.5708333333334,-36.8,,nan,none
180210A,1.7999999999999998,18.35,,nan,none
180205A,126.82083333333333,11.55,1.409,1.409,clean
180204AS,330.1166666666667,30.85,,nan,none
180116A,215.6541666666667,18.966666666666665,,nan,none
180115A,12.075000000000001,-15.6,2.487,2.487,clean
180113C,175.3,-63.266666666666666,,nan,none
180113B,6.695833333333334,24.016666666666666,,nan,none
180113A,19.216666666666665,68.68333333333334,,nan,none
180111A,149.84166666666664,48.266666666666666,,nan,none
180103A,159.58333333333334,-53.55,,nan,none
180102A,203.11666666666665,62.15,,nan,none
171222A,148.29166666666666,35.61666666666667,2.409,2.409,clean
171216B,340.0666666666667,52.05,,nan,none
171216A,212.07916666666665,-50.46666666666667,,nan,none
171212B,39.44166666666667,-70.61666666666666,,nan,none
171212A,293.9,20.566666666666666,,nan,none
171211A,98.10833333333333,-58.666666666666664,,nan,none
171210A,335.30833333333334,24.433333333333334,,nan,none
171209A,139.38333333333333,-30.533333333333335,,nan,none
171205A,167.44583333333333,-12.6,0.0368,0.0368,clean
171124A,335.52083333333337,35.21666666666667,,nan,none
171123A,186.19166666666666,32.53333333333333,,nan,none
171120A,163.7875,22.45,,nan,none
171119A,135.3166666666667,-50.28333333333333,,nan,none
171115A,278.4125,9.133333333333333,,nan,none
171112A,20.074999999999996,-59.63333333333333,,nan,none
171103AS,249.53750000000002,-10.216666666666667,,nan,none
171102B,288.10416666666663,22.433333333333334,,nan,none
171102A,187.72916666666666,54.03333333333333,,nan,none
171027A,61.67916666666666,-2.6,,nan,none
171022A,215.35416666666666,12.85,,nan,none
171020A,39.2625,15.183333333333334,1.87,1.87,clean
171011A,236.7625,-10.066666666666666,,nan,none
171010B,34.125,-54.416666666666664,,nan,none
171010A,66.74166666666667,-10.533333333333333,0.3285,0.3285,clean
171007A,135.54166666666669,42.85,,nan,none
171004A,139.16250000000002,52.68333333333333,,nan,none
171001A,22.087500000000002,-11.9,,nan,none
170921B,132.375,57.05,,nan,none
170921A,26.849999999999998,30.866666666666667,,nan,none
170912B,215.46666666666667,-62.03333333333333,,nan,none
170912A,167.37083333333334,-54.36666666666667,,nan,none
170911A,72.09583333333333,30.916666666666668,,nan,none
170906C,128.70416666666665,70.78333333333333,,nan,none
170906B,232.22083333333333,-28.25,,nan,none
170906A,203.99166666666667,-47.11666666666667,,nan,none
170904A,35.375,-32.5,,nan,none
170903A,254.51249999999996,34.983333333333334,0.886h,0.886,qualified:0.886h
170830A,267.2416666666667,-2.0,,nan,none
170827A,276.1791666666667,-40.21666666666667,,nan,none
170826B,331.25833333333327,-33.9,,nan,none
170823A,188.72083333333333,35.583333333333336,,nan,none
170822A,94.38333333333333,55.016666666666666,,nan,none
170817AS,191.75,-39.8,0.009783h,0.009783,qualified:0.009783h
170816A,350.84166666666664,12.85,,nan,none
170813A,201.05416666666667,-5.466666666666667,,nan,none
170810A,187.95000000000002,3.65,,nan,none
170808B,145.65833333333333,2.183333333333333,,nan,none
170808A,157.5625,-28.283333333333335,,nan,none
170807A,143.3791666666667,-17.333333333333332,,nan,none
170805AS,269.23333333333335,-18.316666666666666,,nan,none
170804A,6.433333333333334,-64.75,,nan,none
170803A,174.95000000000002,-16.316666666666666,,nan,none
170730A,245.30000000000004,-60.88333333333333,,nan,none
170728B,238.04583333333335,70.15,1.27h,1.27,qualified:1.27h
170728A,58.895833333333336,12.15,1.49h,1.49,qualified:1.49h
170724A,154.32083333333333,1.9833333333333334,,nan,none
170714A,34.320833333333326,1.9833333333333334,0.793,0.793,clean
170711A,45.787499999999994,47.85,,nan,none
170710C,352.2541666666667,51.3,,nan,none
170710B,43.12083333333333,42.68333333333333,,nan,none
170710A,231.8125,-38.55,,nan,none
170708A,335.8333333333333,19.8,,nan,none
170705A,191.70416666666668,18.3,2.010,2.01,clean
170629A,130.01666666666665,-46.583333333333336,,nan,none
170626A,165.41250000000002,56.46666666666667,,nan,none
170616AS,113.4375,-2.25,,nan,none
170610A,92.56666666666666,-9.416666666666666,,nan,none
170607A,7.341666666666667,9.233333333333333,0.557,0.557,clean
170604A,342.6458333333333,-15.416666666666666,1.329,1.329,clean
170531B,286.89583333333337,-16.433333333333334,2.366,2.366,clean
170531A,121.2625,-14.033333333333333,,nan,none
170526A,4.708333333333333,1.2333333333333334,,nan,none
170524B,90.8625,-17.083333333333332,,nan,none
170524AS,319.4541666666667,48.583333333333336,,nan,none
170522B,159.26666666666668,-35.55,,nan,none
170522A,139.34166666666664,25.666666666666668,,nan,none
170519A,163.45,25.383333333333333,0.818,0.818,clean
170516A,41.6,-55.9,,nan,none
170511A,300.6291666666667,33.31666666666667,,nan,none
170510A,159.91250000000002,-39.333333333333336,,nan,none
170428AS,330.0625,26.916666666666668,0.45h,0.45,qualified:0.45h
170424A,343.69999999999993,-45.11666666666667,,nan,none
170419B,60.49583333333333,-15.1,,nan,none
170419A,79.86666666666667,-21.416666666666668,,nan,none
170409A,347.5291666666667,-7.166666666666667,,nan,none
170405A,219.80833333333334,-25.25,3.510,3.51,clean
170331A,323.7833333333333,-24.416666666666668,,nan,none
170330A,283.325,-13.433333333333334,,nan,none
170329A,356.6,9.8,,nan,none
170325AS,127.48333333333333,20.533333333333335,,nan,none
170320A,320.075,55.06666666666667,,nan,none
170318B,284.27916666666664,6.266666666666667,,nan,none
170318A,305.64583333333337,28.416666666666668,,nan,none
170317A,93.0875,50.516666666666666,,nan,none
170311B,354.9166666666667,31.183333333333334,,nan,none
170311A,280.5625,-30.066666666666666,,nan,none
170307A,13.533333333333333,9.533333333333333,,nan,none
170306B,154.65,51.63333333333333,,nan,none
170306A,263.08333333333337,-44.75,,nan,none
170305A,39.65833333333333,9.9,,nan,none
170228A,239.55,-3.5833333333333335,,nan,none
170222A,292.95416666666665,28.216666666666665,,nan,none
170219A,54.84166666666667,50.06666666666667,,nan,none
170214A,256.32916666666665,-1.8833333333333333,2.53,2.53,clean
170210A,107.13333333333334,-46.8,,nan,none
170209A,107.13333333333334,-46.8,,nan,none
170208B,127.15416666666668,-9.033333333333333,,nan,none
170208A,166.5625,-46.78333333333333,,nan,none
170206B,271.7875,11.216666666666667,,nan,none
170206AS,212.79166666666669,14.483333333333333,,nan,none
170205A,262.15,-0.05,,nan,none
170203A,332.85833333333335,25.166666666666668,,nan,none
170202A,152.52916666666664,5.0,3.645,3.645,clean
170131A,341.4791666666667,64.0,,nan,none
170127CS,339.32916666666665,-63.93333333333333,,nan,none
170127BS,19.945833333333333,-30.333333333333332,2.2phh,2.2,qualified:2.2phh
170127A,174.3375,-45.85,,nan,none
170126A,263.57916666666665,-64.75,,nan,none
170121B,72.57499999999999,-9.266666666666667,,nan,none
170117A,61.58749999999999,21.75,,nan,none
170115B,189.12083333333334,-46.85,,nan,none
170115A,332.15416666666664,13.783333333333333,,nan,none
170113A,61.64999999999999,-71.91666666666667,1.968,1.968,clean
170112AS,15.233333333333333,-17.183333333333334,,nan,none
170111A,20.71666666666667,-32.53333333333333,,nan,none
170105A,138.30416666666667,61.1,,nan,none
170101A,267.10416666666663,11.65,,nan,none
161224A,204.82500000000002,-18.033333333333335,,nan,none
161223A,259.87916666666666,-25.016666666666666,,nan,none
161220A,350.81666666666666,-47.5,,nan,none
161219B,91.71666666666665,-26.783333333333335,0.1475,0.1475,clean
161219A,188.4375,10.466666666666667,,nan,none
161218A,245.25833333333333,-4.116666666666666,,nan,none
161217A,150.63750000000002,52.38333333333333,,nan,none
161214B,3.8499999999999996,7.35,,nan,none
161214A,190.72916666666666,6.833333333333333,,nan,none
161202A,356.89583333333337,19.633333333333333,,nan,none
161129A,316.19166666666666,32.11666666666667,0.645,0.645,clean
161123A,32.2125,-39.65,,nan,none
161117B,298.8541666666667,-67.7,,nan,none
161117A,322.0708333333333,-29.633333333333333,1.549,1.549,clean
161113A,179.83333333333334,-5.35,,nan,none
161109A,157.85833333333335,61.8,,nan,none
161108A,180.78333333333336,24.866666666666667,1.159,1.159,clean
161105A,120.16250000000001,-44.78333333333333,,nan,none
161104AS,77.87916666666666,51.45,0.79h,0.79,qualified:0.79h
161023A,311.03333333333336,-47.666666666666664,2.708,2.708,clean
161022A,128.9666666666667,54.36666666666667,,nan,none
161020B,63.10416666666667,-75.58333333333333,,nan,none
161020A,161.03333333333333,-54.766666666666666,,nan,none
161017A,142.76666666666668,43.13333333333333,2.013,2.013,clean
161015A,269.15000000000003,30.183333333333334,,nan,none
161014A,332.6291666666667,7.483333333333333,2.823,2.823,clean
161011A,245.71250000000003,8.333333333333334,,nan,none
161010A,275.23749999999995,-28.766666666666666,,nan,none
161007A,103.39166666666665,23.283333333333335,,nan,none
161004B,112.15833333333333,-39.9,,nan,none
161004A,263.17083333333335,-0.9333333333333333,,nan,none
161001AS,71.9125,-57.28333333333333,0.67phh,0.67,qualified:0.67phh
160927AS,256.2625,17.316666666666666,,nan,none
160917A,295.6708333333333,46.4,,nan,none
160912A,301.5166666666667,57.55,,nan,none
160910A,221.25833333333333,38.766666666666666,,nan,none
160905A,162.2375,-50.8,,nan,none
160829A,201.70000000000002,-56.766666666666666,,nan,none
160827A,179.29583333333332,-29.166666666666668,,nan,none
160826A,183.075,-67.68333333333334,,nan,none
160824A,80.07916666666667,40.03333333333333,,nan,none
160821BS,279.98749999999995,62.4,0.16h,0.16,qualified:0.16h
160821A,171.24583333333334,42.35,,nan,none
160819A,114.13749999999999,-22.35,,nan,none
160816A,289.6791666666667,-35.63333333333333,,nan,none
160815A,288.54583333333335,84.31666666666666,,nan,none
160814A,136.07083333333333,-20.966666666666665,,nan,none
160804A,221.63750000000002,10.0,0.736,0.736,clean
160802A,28.02916666666667,71.36666666666666,,nan,none
160801A,212.7625,13.5,,nan,none
160726AS,98.82083333333333,-6.55,,nan,none
160720A,58.15416666666666,73.9,,nan,none
160716A,190.54166666666666,-61.36666666666667,,nan,none
160714AS,234.4625,63.833333333333336,,nan,none
160712A,304.15000000000003,-26.983333333333334,,nan,none
160709AS,235.99583333333334,-28.183333333333334,,nan,none
160705B,168.08749999999998,46.71666666666667,,nan,none
160705A,116.75,-14.983333333333333,,nan,none
160703A,287.39166666666665,36.9,<1.5ph,1.5,qualified:<1.5ph
160702A,230.8875,8.716666666666667,,nan,none
160630A,198.23749999999998,-56.06666666666667,,nan,none
160629A,4.820833333333334,76.98333333333333,3.332,3.332,clean
160625B,308.26666666666665,6.9,1.406,1.406,clean
160625A,176.9375,-65.11666666666666,,nan,none
160624AS,330.20416666666665,29.633333333333333,0.483h,0.483,qualified:0.483h
160623A,315.2416666666667,42.266666666666666,0.367,0.367,clean
160620AS,250.6625,30.316666666666666,,nan,none
160612AS,348.36249999999995,-25.366666666666667,,nan,none
160611A,164.43749999999997,-70.4,,nan,none
160607A,13.662500000000001,-4.95,,nan,none
160601AS,235.03333333333333,64.5,,nan,none
160530A,289.6791666666667,-35.63333333333333,,nan,none
160525B,149.44166666666666,51.18333333333333,,nan,none
160525A,103.52916666666668,-0.16666666666666666,,nan,none
160521B,148.17083333333332,79.01666666666667,,nan,none
160521A,129.71666666666667,46.9,,nan,none
160519A,71.11250000000001,31.2,,nan,none
160509A,310.1,76.0,1.17,1.17,clean
160506A,265.775,-46.11666666666667,,nan,none
160504A,170.04166666666669,56.0,,nan,none
160503A,0.5416666666666666,-1.9333333333333333,,nan,none
160501A,286.375,-17.233333333333334,,nan,none
160425A,280.3125,-54.36666666666667,0.555,0.555,clean
160424A,319.47916666666674,-60.4,,nan,none
160422A,42.05,-57.9,,nan,none
160419A,16.425,-27.35,,nan,none
160417A,120.24166666666667,7.633333333333333,,nan,none
160412A,33.108333333333334,-67.65,,nan,none
160411AS,349.3625,-40.266666666666666,,nan,none
160410AS,150.67916666666665,3.45,1.717,1.717,clean
160409A,289.70416666666665,-5.383333333333334,,nan,none
160408AS,122.55833333333334,71.13333333333334,1.9phh,1.9,qualified:1.9phh
160401A,89.7375,26.683333333333334,,nan,none
160327A,146.6875,54.016666666666666,5.0?,5.0,qualified:5.0?
160325A,15.595833333333337,-72.7,,nan,none
160321A,99.41250000000001,5.716666666666667,,nan,none
160314B,167.55833333333334,45.666666666666664,,nan,none
160314A,112.77916666666667,17.0,0.726,0.726,clean
160313A,183.7875,57.3,,nan,none
160310A,98.77916666666667,-7.116666666666666,,nan,none
160303AS,168.68333333333334,22.733333333333334,1.0phh,1.0,qualified:1.0phh
160228A,107.32083333333334,26.95,1.64,1.64,clean
160227A,194.78749999999997,78.63333333333334,2.38,2.38,clean
160225A,164.24166666666667,53.65,,nan,none
160223B,94.975,33.4,,nan,none
160223A,147.58333333333334,9.366666666666667,,nan,none
160221A,232.07916666666668,-28.45,,nan,none
160220B,259.85416666666663,-18.116666666666667,,nan,none
160220A,236.925,-18.55,,nan,none
160216A,311.70416666666665,-71.55,,nan,none
160206A,132.69583333333333,-36.1,,nan,none
160203A,161.95,-24.766666666666666,3.52,3.52,clean
160131A,78.18333333333334,-7.066666666666666,0.972,0.972,clean
160127A,225.95416666666668,0.08333333333333333,,nan,none
160123A,150.2875,-33.78333333333333,,nan,none
160121A,109.07916666666667,-23.583333333333332,1.960,1.96,clean
160119A,211.89166666666668,20.466666666666665,,nan,none
160117B,132.1916666666667,-16.333333333333332,0.870,0.87,clean
160117A,20.37916666666667,-0.6333333333333333,,nan,none
160113A,173.62083333333334,10.7,,nan,none
160107A,299.6666666666667,6.416666666666667,,nan,none
160104A,76.80416666666666,11.35,,nan,none
160102A,80.8375,-21.033333333333335,,nan,none
160101A,219.72916666666666,-13.816666666666666,,nan,none
151231A,69.52916666666667,-61.016666666666666,,nan,none
151229AS,329.37916666666666,-20.733333333333334,1.4phh,1.4,qualified:1.4phh
151228B,344.44166666666666,8.083333333333334,,nan,none
151228AS,214.00416666666666,-17.683333333333334,,nan,none
151227B,290.28333333333336,35.416666666666664,,nan,none
151225AS,227.9,-18.3,,nan,none
151222AS,354.94166666666666,34.1,,nan,none
151216A,323.9125,24.766666666666666,,nan,none
151215A,93.59583333333333,35.516666666666666,2.59,2.59,clean
151212A,68.10833333333333,-3.7666666666666666,,nan,none
151210A,65.18333333333334,-71.23333333333333,,nan,none
151205C,329.72499999999997,77.7,,nan,none
151205B,41.15833333333333,-43.483333333333334,,nan,none
151205A,229.28333333333333,35.766666666666666,,nan,none
151127AS,19.77916666666667,-82.76666666666667,,nan,none
151122A,299.70416666666665,-19.9,,nan,none
151120A,157.24166666666667,-32.516666666666666,,nan,none
151118A,57.15833333333333,65.86666666666666,,nan,none
151114A,120.9375,-61.05,,nan,none
151112A,2.0458333333333334,-61.7,4.1ph,4.1,qualified:4.1ph
151111A,56.829166666666666,-44.166666666666664,3.5ph,3.5,qualified:3.5ph
151107B,29.75,44.5,,nan,none
151107A,217.13750000000002,-59.68333333333333,,nan,none
151031A,83.2,-39.083333333333336,1.167,1.167,clean
151029A,38.53333333333333,-35.36666666666667,1.423,1.423,clean
151027B,76.2375,-6.433333333333334,4.063,4.063,clean
151027A,272.4916666666667,61.38333333333333,0.81,0.81,clean
151023A,271.02083333333337,-8.316666666666666,,nan,none
151022A,349.2125,55.81666666666667,,nan,none
151021A,337.6125,-33.2,2.33,2.33,clean
151006A,147.45,70.51666666666667,,nan,none
151004A,213.58333333333334,-64.95,,nan,none
151001B,336.8458333333333,64.66666666666667,,nan,none
151001A,233.72916666666666,15.583333333333334,,nan,none
150925A,227.52083333333331,-19.633333333333333,,nan,none
150922A,294.37916666666666,-5.483333333333333,,nan,none
150919A,132.95833333333334,44.06666666666667,,nan,none
150915A,319.7291666666667,-34.85,1.968,1.968,clean
150912A,248.4333333333333,-20.983333333333334,,nan,none
150911A,67.425,5.75,,nan,none
150910A,5.675,33.5,1.359,1.359,clean
150907B,255.22083333333333,-63.81666666666667,,nan,none
150907A,224.84166666666664,-47.6,,nan,none
150906B,159.23749999999998,-25.6,,nan,none
150902A,214.925,-69.36666666666666,,nan,none
150901A,183.58749999999998,25.033333333333335,,nan,none
150831B,271.02083333333337,-27.25,,nan,none
150831AS,221.02083333333331,-25.65,1.18h,1.18,qualified:1.18h
150824A,161.25,-55.916666666666664,,nan,none
150821A,341.9041666666667,-57.86666666666667,0.755,0.755,clean
150819B,59.3875,39.7,,nan,none
150819A,42.3375,9.783333333333333,,nan,none
150818A,230.44583333333333,68.35,0.282,0.282,clean
150817A,249.64166666666665,-12.066666666666666,,nan,none
150811B,186.34583333333333,-14.116666666666667,,nan,none
150811A,291.37083333333334,-15.45,,nan,none
150801B,82.95833333333334,-5.383333333333334,,nan,none
150801A,255.925,-9.433333333333334,,nan,none
150728AS,292.2875,33.9,0.46h,0.46,qualified:0.46h
150727A,203.99166666666667,-18.35,0.313,0.313,clean
150725A,220.42083333333332,-2.4166666666666665,,nan,none
150724B,351.9208333333333,3.6666666666666665,,nan,none
150724A,97.53750000000001,-19.15,,nan,none
150722A,218.27083333333334,-35.2,,nan,none
150721A,334.1,7.8,,nan,none
150720A,119.58333333333333,-28.3,,nan,none
150716A,278.46666666666664,-13.016666666666667,,nan,none
150711A,221.6291666666667,-35.46666666666667,,nan,none
150710B,83.19583333333334,-46.96666666666667,,nan,none
150710AS,194.4958333333333,14.3,,nan,none
150702A,52.77916666666666,-57.0,,nan,none
150627A,117.49166666666666,-51.56666666666667,,nan,none
150626B,187.67083333333332,66.78333333333333,,nan,none
150626A,111.34166666666667,-37.766666666666666,,nan,none
150622A,251.73749999999998,-52.93333333333333,,nan,none
150616A,314.70416666666665,-53.4,,nan,none
150615A,107.57083333333334,-22.466666666666665,,nan,none
150608A,13.65,-0.13333333333333333,,nan,none
150607A,140.025,68.45,,nan,none
150530B,7.495833333333334,44.28333333333333,,nan,none
150530A,327.525,57.56666666666667,,nan,none
150527A,288.9583333333333,4.2,,nan,none
150523A,115.35833333333333,-45.4,,nan,none
150518A,234.20833333333334,16.266666666666666,0.256,0.256,clean
150514A,74.85000000000001,-60.916666666666664,0.807,0.807,clean
150513A,49.05833333333334,-22.916666666666668,,nan,none
150510A,16.158333333333335,4.783333333333333,,nan,none
150430A,326.4916666666667,-27.933333333333334,,nan,none
150428C,60.24583333333333,67.81666666666666,,nan,none
150428B,292.65416666666664,4.116666666666666,,nan,none
150428A,188.54166666666666,6.566666666666666,,nan,none
150424AS,152.3125,-26.65,,nan,none
150423AS,221.6,12.283333333333333,1.394h,1.394,qualified:1.394h
150418A,160.54583333333332,-4.933333333333334,,nan,none
150413A,190.38333333333333,71.81666666666666,3.139,3.139,clean
150407A,216.60416666666669,38.53333333333333,,nan,none
150403A,311.50416666666666,-62.7,2.06,2.06,clean
150402A,173.65833333333333,41.0,,nan,none
150330A,331.02916666666664,52.3,,nan,none
150323C,192.6125,50.2,,nan,none
150323B,260.4458333333334,38.31666666666667,,nan,none
150323A,128.19166666666666,45.43333333333333,0.593,0.593,clean
150318A,324.9708333333333,-61.483333333333334,,nan,none
150317A,138.9375,55.45,,nan,none
150314A,126.65833333333333,63.833333333333336,1.758,1.758,clean
150313A,252.35416666666663,-10.966666666666667,,nan,none
150311A,235.09583333333333,-15.816666666666666,,nan,none
150309A,276.9875,86.43333333333334,,nan,none
150302A,175.50833333333333,36.833333333333336,,nan,none
150301C,11.333333333333332,41.85,,nan,none
150301B,89.15833333333333,-57.983333333333334,1.5169,1.5169,clean
150301AS,244.28750000000005,-48.7,,nan,none
150222B,155.89583333333334,-41.166666666666664,,nan,none
150222A,198.775,-12.133333333333333,,nan,none
150219A,271.26666666666665,-41.6,,nan,none
150213B,253.42499999999998,34.18333333333333,,nan,none
150212A,285.52083333333337,47.4,,nan,none
150211A,254.85416666666666,55.38333333333333,,nan,none
150210A,112.15,13.266666666666667,,nan,none
150206A,10.0875,-63.18333333333333,2.087,2.087,clean
150204A,160.24166666666667,-64.05,,nan,none
150203A,98.4125,6.966666666666667,,nan,none
150202B,86.6,59.1,,nan,none
150202A,39.2375,-33.15,,nan,none
150201A,11.833333333333332,-37.61666666666667,,nan,none
150127B,140.18333333333334,-3.2,,nan,none
150127A,296.9541666666667,-9.416666666666666,,nan,none
150126A,350.5,-12.366666666666667,,nan,none
150123A,111.55833333333334,-9.683333333333334,,nan,none
150120B,39.295833333333334,8.083333333333334,3.5ph,3.5,qualified:3.5ph
150120AS,10.308333333333334,33.983333333333334,0.460h,0.46,qualified:0.460h
150118C,160.075,-27.416666666666668,,nan,none
150118B,240.24166666666667,-35.75,,nan,none
150110C,68.57499999999999,-16.866666666666667,,nan,none
150110B,289.35833333333335,32.516666666666666,,nan,none
150110A,131.63750000000002,-48.88333333333333,,nan,none
150103A,131.63750000000002,-48.88333333333333,,nan,none
150101BS,188.04166666666669,-10.95,0.134h,0.134,qualified:0.134h
150101AS,312.62916666666666,36.733333333333334,,nan,none
141229A,289.6791666666667,-35.63333333333333,,nan,none
141225A,138.75,33.8,0.915,0.915,clean
141222A,178.04166666666669,-57.35,,nan,none
141221A,198.27083333333331,8.216666666666667,1.452,1.452,clean
141220A,195.05,32.15,1.3195,1.3195,clean
141215A,179.05416666666667,-52.75,,nan,none
141212B,250.86666666666667,31.75,,nan,none
141212AS,39.1625,18.15,0.596h,0.596,qualified:0.596h
141207A,159.99166666666667,3.9166666666666665,,nan,none
141205AS,92.87916666666666,37.86666666666667,,nan,none
141202A,143.07083333333333,54.166666666666664,,nan,none
141130A,222.8125,47.3,,nan,none
141125AS,127.90833333333335,-29.533333333333335,,nan,none
141121A,122.66666666666666,22.233333333333334,1.47,1.47,clean
141118A,156.87499999999997,19.083333333333332,,nan,none
141109B,222.3625,73.11666666666666,,nan,none
141109A,144.50833333333333,-0.6,2.993,2.993,clean
141104A,279.4875,-12.7,,nan,none
141102A,208.6125,-47.1,,nan,none
141031B,356.93333333333334,41.36666666666667,,nan,none
141031A,128.6,-59.13333333333333,,nan,none
141029B,105.2,25.1,,nan,none
141028A,322.7,-0.2833333333333333,2.33,2.33,clean
141026A,44.079166666666666,26.966666666666665,3.35?,3.35,qualified:3.35?
141022A,241.90000000000003,-72.13333333333334,,nan,none
141020A,225.00833333333333,55.333333333333336,,nan,none
141017A,93.62916666666666,-58.55,,nan,none
141015A,87.50833333333333,18.316666666666666,,nan,none
141011A,257.9375,-9.683333333333334,,nan,none
141005A,291.1083333333333,36.06666666666667,,nan,none
141004A,76.73333333333332,12.816666666666666,0.573,0.573,clean
140930BS,6.354166666666667,24.266666666666666,1.465h,1.465,qualified:1.465h
140930A,344.875,52.43333333333333,,nan,none
140928A,43.80833333333334,-56.083333333333336,,nan,none
140927A,291.8458333333333,-65.38333333333334,,nan,none
140919A,221.55416666666667,-32.15,,nan,none
140916A,40.40416666666667,-39.71666666666667,,nan,none
140909A,193.63750000000002,63.5,,nan,none
140907A,48.145833333333336,46.6,1.21,1.21,clean
140906CS,314.96250000000003,1.9333333333333333,,nan,none
140903AS,238.0375,27.583333333333332,0.35h,0.35,qualified:0.35h
140901B,112.18333333333334,-29.216666666666665,,nan,none
140901A,15.816666666666668,-32.75,,nan,none
140828A,142.0125,14.583333333333334,,nan,none
140825A,88.7125,-11.833333333333334,,nan,none
140824A,206.64583333333334,33.3,,nan,none
140818B,271.1458333333333,1.3666666666666667,,nan,none
140818A,199.5125,6.8,,nan,none
140817A,127.25416666666663,58.18333333333333,,nan,none
140815A,86.89583333333333,-8.666666666666666,,nan,none
140814A,182.5125,49.35,,nan,none
140810A,119.04166666666667,27.55,,nan,none
140809A,168.80833333333334,71.01666666666667,,nan,none
140808A,216.52083333333331,48.6,3.29,3.29,clean
140801A,45.25,-30.883333333333333,1.32,1.32,clean
140730A,56.42916666666667,-66.53333333333333,,nan,none
140729A,193.95,15.35,,nan,none
140723A,210.62916666666666,-3.7333333333333334,,nan,none
140719B,39.7375,-2.3833333333333333,,nan,none
140719A,171.59166666666667,-50.13333333333333,,nan,none
140716A,108.13333333333333,-60.15,,nan,none
140713A,281.1125,59.61666666666667,0.935h,0.935,qualified:0.935h
140710B,204.66666666666666,-58.55,,nan,none
140710A,41.0875,35.5,0.558,0.558,clean
140709B,146.07083333333333,63.5,,nan,none
140709A,304.6375,51.21666666666667,,nan,none
140706A,49.30416666666667,-38.06666666666667,,nan,none
140703A,12.991666666666665,45.1,3.14,3.14,clean
140629A,248.9833333333333,41.88333333333333,2.275,2.275,clean
140628A,40.6625,-0.36666666666666664,,nan,none
140626A,77.35000000000001,-82.63333333333334,,nan,none
140623A,198.25,75.8,1.92,1.92,clean
140622AS,317.15416666666664,-14.433333333333334,0.959h,0.959,qualified:0.959h
140621A,73.27916666666667,14.65,,nan,none
140620A,281.87083333333334,49.733333333333334,2.04,2.04,clean
140619C,233.01666666666668,-25.6,,nan,none
140619BS,132.67916666666667,-9.666666666666666,,nan,none
140619A,27.09166666666667,-39.266666666666666,,nan,none
140614B,322.625,14.916666666666666,,nan,none
140614A,231.23333333333335,-79.1,4.233,4.233,clean
140611AS,349.9291666666667,-40.083333333333336,,nan,none
140610A,286.25833333333327,3.9,,nan,none
140607A,86.37916666666666,18.916666666666668,,nan,none
140606B,327.75,33.68333333333333,0.384,0.384,clean
140606AS,201.80833333333334,37.583333333333336,,nan,none
140604AS,263.17083333333335,-40.4,,nan,none
140529A,228.81666666666666,-41.05,,nan,none
140528A,280.7291666666667,-58.75,,nan,none
140523A,133.3,24.95,,nan,none
140521A,320.0125,67.6,,nan,none
140518A,227.22916666666666,42.4,4.707,4.707,clean
140516AS,252.9875,39.916666666666664,,nan,none
140515B,289.4666666666667,-11.0,,nan,none
140515A,186.0375,15.083333333333334,6.32,6.32,clean
140512A,289.37083333333334,-15.1,0.725,0.725,clean
140509B,313.12083333333334,21.15,,nan,none
140509A,46.608333333333334,-62.65,2.4ph,2.4,qualified:2.4ph
140508A,255.6291666666667,46.75,1.027,1.027,clean
140506A,276.79166666666663,-55.56666666666667,0.889,0.889,clean
140502A,319.15416666666664,49.016666666666666,,nan,none
140430A,102.92916666666666,23.016666666666666,1.60,1.6,clean
140428A,194.34166666666664,28.35,4.7,4.7,clean
140423A,197.29166666666669,49.81666666666667,3.26,3.26,clean
140419A,127.0,46.21666666666667,3.956,3.956,clean
140416A,35.4,43.9,,nan,none
140414AS,195.30833333333337,56.9,,nan,none
140413A,65.45,-51.2,,nan,none
140412A,145.05,-65.81666666666666,,nan,none
140408A,290.68333333333334,-12.583333333333334,,nan,none
140402AS,207.47083333333333,5.866666666666667,,nan,none
140331A,134.84583333333333,2.7,,nan,none
140330A,328.06666666666666,-57.75,,nan,none
140329A,146.2458333333333,-32.1,,nan,none
140323A,356.8875,-79.91666666666667,,nan,none
140320D,87.89166666666665,85.43333333333334,,nan,none
140320C,134.38333333333333,71.2,,nan,none
140320B,145.56666666666666,60.25,,nan,none
140320AS,281.65000000000003,-2.7,,nan,none
140318A,184.05416666666667,20.2,1.02,1.02,clean
140311B,252.29166666666663,52.75,,nan,none
140311A,209.3,0.6166666666666667,4.954,4.954,clean
140308A,357.5625,-33.35,,nan,none
140306A,27.941666666666666,48.983333333333334,,nan,none
140305A,344.5333333333333,15.433333333333334,,nan,none
140304A,30.666666666666664,33.483333333333334,5.283,5.283,clean
140302A,253.84166666666667,-12.866666666666667,,nan,none
140301A,69.54583333333332,-34.28333333333333,1.416,1.416,clean
140226A,221.49166666666667,15.0,1.98,1.98,clean
140221A,107.44583333333334,-17.333333333333332,,nan,none
140219A,156.44166666666666,7.466666666666667,,nan,none
140215A,104.1375,41.78333333333333,,nan,none
140213A,105.21666666666665,-73.13333333333334,1.2076,1.2076,clean
140211A,124.22916666666667,20.25,,nan,none
140209A,81.33333333333334,32.483333333333334,,nan,none
140206A,145.35,66.75,2.73,2.73,clean
140129BS,326.7625,26.2,0.43h,0.43,qualified:0.43h
140129A,37.87083333333333,-1.5833333333333335,,nan,none
140118A,331.00416666666666,-17.95,,nan,none
140114A,188.48333333333335,12.583333333333334,3.0,3.0,clean
140110A,28.9,-36.266666666666666,,nan,none
140108A,325.1791666666667,58.766666666666666,,nan,none
140104B,218.80833333333334,-8.9,,nan,none
140103A,232.12916666666666,37.75,,nan,none
140102A,211.9041666666667,1.3333333333333333,,nan,none
131231A,10.583333333333332,-1.85,0.642,0.642,clean
131229A,85.2375,-4.433333333333334,1.0phh,1.0,qualified:1.0phh
131227A,67.37916666666666,28.883333333333333,5.3?,5.3,qualified:5.3?
131226A,301.3083333333333,-64.96666666666667,,nan,none
131225A,95.0375,5.316666666666666,,nan,none
131224A,296.83333333333337,31.666666666666668,,nan,none
131218A,113.79999999999998,-64.71666666666667,,nan,none
131216A,94.675,-41.63333333333333,,nan,none
131215A,259.02916666666664,-7.583333333333333,,nan,none
131209A,136.5,-33.2,,nan,none
131205A,131.60833333333335,-60.166666666666664,,nan,none
131202A,344.0541666666667,-21.65,,nan,none
131128A,355.325,31.283333333333335,,nan,none
131127A,332.75,36.583333333333336,,nan,none
131122A,152.55416666666665,57.733333333333334,,nan,none
131120A,278.9208333333333,-12.0,,nan,none
131118A,349.8625,-66.83333333333333,,nan,none
131117A,332.3375,-31.716666666666665,4.042,4.042,clean
131108A,156.47083333333333,9.9,2.40,2.4,clean
131105A,71.0125,-62.983333333333334,1.686,1.686,clean
131103A,348.95416666666665,-44.666666666666664,0.599,0.599,clean
131031A,29.61666666666667,-1.6,,nan,none
131030A,345.07916666666665,-5.383333333333334,1.295,1.295,clean
131029A,200.78333333333333,48.3,,nan,none
131028A,61.224999999999994,71.6,,nan,none
131026A,15.545833333333336,32.483333333333334,,nan,none
131024B,144.4041666666667,44.233333333333334,,nan,none
131024A,290.46250000000003,-64.6,,nan,none
131018B,304.525,23.066666666666666,,nan,none
131018A,98.4625,-19.883333333333333,,nan,none
131014A,100.3,-19.1,,nan,none
131011A,21.920833333333334,9.55,1.874,1.874,clean
131004A,296.15000000000003,-2.966666666666667,0.717,0.717,clean
131002B,75.0625,-75.73333333333333,,nan,none
131002A,253.27499999999998,82.05,,nan,none
131001A,8.3,25.55,,nan,none
130930A,190.6625,-35.5,,nan,none
130929A,135.07083333333333,-47.56666666666667,,nan,none
130925A,41.18333333333334,-26.133333333333333,0.347,0.347,clean
130919A,207.2875,-10.35,,nan,none
130913A,341.95833333333337,1.3,,nan,none
130912AS,47.61666666666666,13.966666666666667,,nan,none
130907A,215.87916666666666,45.61666666666667,1.238,1.238,clean
130903A,82.1375,-0.11666666666666667,,nan,none
130831B,192.44583333333333,-29.183333333333334,,nan,none
130831A,358.65,29.45,0.4791,0.4791,clean
130829A,182.425,46.516666666666666,,nan,none
130828A,259.82916666666665,28.0,,nan,none
130822AS,27.941666666666666,-3.216666666666667,0.154h,0.154,qualified:0.154h
130821A,314.1,-12.0,,nan,none
130816B,170.09166666666667,-57.55,,nan,none
130816A,197.16666666666666,-58.95,,nan,none
130812B,7.404166666666667,-79.18333333333334,,nan,none
130812A,92.40416666666667,-13.3,,nan,none
130807A,269.8,-27.616666666666667,,nan,none
130806A,35.87083333333333,67.53333333333333,,nan,none
130804A,303.65416666666664,-79.58333333333333,,nan,none
130803A,220.24166666666667,-2.466666666666667,,nan,none
130727A,330.8,-65.56666666666666,,nan,none
130725B,214.2416666666667,-11.133333333333333,,nan,none
130725A,230.03333333333336,0.6333333333333333,,nan,none
130722A,260.67083333333335,-2.9833333333333334,,nan,none
130719A,89.03750000000001,-11.583333333333334,,nan,none
130716AS,179.57500000000002,63.05,2.2h,2.2,qualified:2.2h
130708A,217.31249999999997,15.766666666666667,,nan,none
130702A,228.14999999999998,16.583333333333332,0.145,0.145,clean
130701A,357.21666666666664,36.1,1.155,1.155,clean
130627B,181.93333333333334,-55.733333333333334,,nan,none
130627A,184.44583333333333,-37.083333333333336,,nan,none
130626A,273.12916666666666,-9.533333333333333,,nan,none
130625A,343.26666666666665,82.18333333333334,,nan,none
130623A,20.720833333333335,-77.78333333333333,,nan,none
130615A,274.8458333333333,-68.16666666666667,,nan,none
130612A,259.8041666666667,16.7,2.006,2.006,clean
130610B,176.35833333333332,-32.18333333333333,,nan,none
130610A,224.41666666666666,28.183333333333334,2.092,2.092,clean
130609B,53.75416666666667,-40.15,,nan,none
130609A,152.67499999999998,24.1,,nan,none
130608A,24.579166666666666,41.5,,nan,none
130606B,218.57500000000002,-22.133333333333333,,nan,none
130606A,249.40416666666667,29.783333333333335,5.913,5.913,clean
130605A,134.525,-33.483333333333334,,nan,none
130604A,250.07916666666668,68.21666666666667,1.06?,1.06,qualified:1.06?
130603BS,172.20833333333334,17.05,0.3564,0.3564,clean
130603A,86.95416666666667,82.93333333333334,,nan,none
130529A,24.258333333333336,-64.13333333333334,,nan,none
130528A,138.91250000000002,87.28333333333333,,nan,none
130527A,309.27916666666664,-24.733333333333334,,nan,none
130521B,281.64166666666665,22.716666666666665,,nan,none
130521A,87.55833333333332,14.45,,nan,none
130518B,321.5541666666667,-20.15,,nan,none
130518A,355.8083333333333,47.63333333333333,2.488,2.488,clean
130515AS,283.4208333333333,-54.28333333333333,0.80phh,0.8,qualified:0.80phh
130514B,147.60833333333332,-18.966666666666665,,nan,none
130514A,296.275,-7.95,3.6ph,3.6,qualified:3.6ph
130513A,144.74583333333334,-5.233333333333333,,nan,none
130511A,196.6375,18.7,1.3033,1.3033,clean
130508A,305.3125,34.95,,nan,none
130505A,137.05833333333334,17.483333333333334,2.27,2.27,clean
130504C,91.71666666666665,3.85,,nan,none
130504BS,347.95416666666665,-5.733333333333333,,nan,none
130504A,272.36249999999995,-16.35,,nan,none
130502B,66.65,71.08333333333333,,nan,none
130502A,138.57916666666665,-0.15,,nan,none
130427B,314.89166666666665,-22.533333333333335,2.78,2.78,clean
130427A,173.13750000000002,27.683333333333334,0.3399,0.3399,clean
130420B,183.12083333333334,54.38333333333333,,nan,none
130420A,196.1,59.416666666666664,1.297,1.297,clean
130419A,355.27083333333337,9.983333333333333,,nan,none
130418A,149.04166666666669,13.65,1.218,1.218,clean
130408A,134.39999999999998,-32.36666666666667,3.757,3.757,clean
130407A,248.09583333333336,10.516666666666667,,nan,none
130327B,218.09166666666664,-69.51666666666667,,nan,none
130327A,91.99166666666666,55.733333333333334,,nan,none
130325A,122.77916666666667,-18.9,,nan,none
130315A,157.54166666666669,-51.81666666666667,,nan,none
130313AS,236.425,-0.36666666666666664,,nan,none
130310A,142.33749999999998,-17.233333333333334,,nan,none
130306A,279.4791666666667,-11.683333333333334,,nan,none
130305A,116.76666666666667,52.016666666666666,,nan,none
130216B,58.875,2.033333333333333,,nan,none
130216A,67.89999999999999,14.666666666666666,,nan,none
130215A,43.47916666666667,13.366666666666667,0.597,0.597,clean
130211A,147.52083333333334,-42.333333333333336,,nan,none
130206A,140.375,-58.166666666666664,,nan,none
130131B,173.95000000000002,15.033333333333333,2.539,2.539,clean
130131A,171.10833333333332,48.06666666666667,1.55phh,1.55,qualified:1.55phh
130122A,194.21666666666667,59.016666666666666,,nan,none
130102B,310.90416666666664,-72.08333333333333,,nan,none
130102A,311.46250000000003,49.833333333333336,,nan,none
121229A,190.09999999999997,-50.6,2.707,2.707,clean
121226AS,168.65833333333333,-30.416666666666668,1.27phh,1.27,qualified:1.27phh
121225B,308.9125,-34.35,,nan,none
121225A,264.86249999999995,-66.06666666666666,,nan,none
121217A,153.725,-62.3,,nan,none
121212A,177.84166666666664,78.03333333333333,<2,2.0,qualified:<2
121211A,195.54583333333332,30.166666666666668,1.023,1.023,clean
121209A,326.8,-8.25,2.1,2.1,clean
121202A,256.81666666666666,23.95,,nan,none
121201A,13.4875,-42.95,3.385,3.385,clean
121128A,300.58333333333337,54.31666666666667,2.20,2.2,clean
121127A,176.4375,-52.416666666666664,,nan,none
121125A,228.52083333333331,55.31666666666667,,nan,none
121123A,307.3625,-11.866666666666667,,nan,none
121118B,171.70416666666665,-3.066666666666667,,nan,none
121118A,299.37916666666666,65.65,,nan,none
121117A,31.633333333333336,7.383333333333334,,nan,none
121108A,83.1875,54.483333333333334,,nan,none
121102A,270.90416666666664,-16.966666666666665,,nan,none
121031A,170.77083333333331,-3.5166666666666666,,nan,none
121028A,271.925,-2.283333333333333,,nan,none
121027A,63.608333333333334,-58.8,1.773,1.773,clean
121025A,248.74999999999997,27.733333333333334,,nan,none
121024A,70.46666666666667,-12.266666666666667,2.298,2.298,clean
121017A,288.81666666666666,-1.6,,nan,none
121014A,166.62916666666666,-29.116666666666667,,nan,none
121011A,260.19999999999993,41.13333333333333,,nan,none
121001A,276.0333333333333,-5.666666666666667,,nan,none
120927A,136.6,0.4166666666666667,,nan,none
120923A,303.79583333333335,6.233333333333333,7.8,7.8,clean
120922A,234.75416666666666,-20.183333333333334,3.1ph,3.1,qualified:3.1ph
120919B,302.6333333333334,-37.483333333333334,,nan,none
120919A,214.76666666666665,-45.56666666666667,,nan,none
120918A,181.05416666666665,-32.75,,nan,none
120916A,205.62916666666666,36.7,,nan,none
120913B,213.64583333333334,-14.533333333333333,,nan,none
120913A,146.4375,26.983333333333334,,nan,none
120911B,172.14583333333334,-37.7,,nan,none
120911A,357.96250000000003,63.1,,nan,none
120909A,275.68333333333334,-59.43333333333333,3.93,3.93,clean
120908A,230.775,-25.5,,nan,none
120907A,74.74166666666666,-9.3,0.970,0.97,clean
120830A,88.65,-28.983333333333334,,nan,none
120821A,255.27083333333334,-40.516666666666666,,nan,none
120819A,235.88750000000002,-7.133333333333334,,nan,none
120817BS,8.320833333333333,-26.516666666666666,,nan,none
120817A,250.70416666666665,-38.333333333333336,,nan,none
120816BS,337.45,-1.6166666666666667,,nan,none
120816A,282.125,-6.983333333333333,,nan,none
120815A,273.9166666666667,-52.13333333333333,2.358,2.358,clean
120811C,199.70833333333334,62.28333333333333,2.671,2.671,clean
120811BS,43.72083333333333,-30.233333333333334,,nan,none
120811A,257.1833333333333,-22.733333333333334,,nan,none
120807A,241.2125,-47.483333333333334,,nan,none
120805A,216.53333333333333,5.8,3.1,3.1,clean
120804AS,233.92916666666667,-28.766666666666666,1.0phh,1.0,qualified:1.0phh
120803B,314.225,53.28333333333333,,nan,none
120803A,269.56666666666666,-6.716666666666667,,nan,none
120802A,44.85,13.75,3.796,3.796,clean
120729A,13.054166666666667,49.93333333333333,0.80,0.8,clean
120728A,137.1,-54.43333333333333,,nan,none
120724A,245.19166666666666,3.5166666666666666,1.48,1.48,clean
120722A,230.49166666666667,13.25,0.9586,0.9586,clean
120716A,313.0875,9.55,2.486,2.486,clean
120714B,355.43333333333334,-46.18333333333333,0.3984,0.3984,clean
120714A,167.97083333333333,-30.633333333333333,,nan,none
120712A,169.60416666666669,-20.066666666666666,4.1745,4.1745,clean
120711B,331.66666666666674,60.016666666666666,,nan,none
120711A,94.70416666666667,-71.01666666666667,1.405,1.405,clean
120709A,318.4083333333333,-50.03333333333333,,nan,none
120703A,339.35833333333335,-29.733333333333334,,nan,none
120701A,80.33749999999999,-58.53333333333333,,nan,none
120630AS,352.29583333333335,42.55,0.6phh,0.6,qualified:0.6phh
120624B,170.94166666666666,8.933333333333334,2.1974,2.1974,clean
120622A,205.42916666666665,-1.7166666666666668,,nan,none
120612A,126.72500000000001,-17.583333333333332,,nan,none
120522A,165.99583333333334,-62.1,,nan,none
120521C,214.2875,42.11666666666667,6.0,6.0,clean
120521B,197.0125,-52.75,,nan,none
120521AS,148.69166666666666,-49.416666666666664,,nan,none
120514A,282.9916666666667,-4.25,,nan,none
120510A,44.2875,72.85,,nan,none
120426A,111.53750000000001,-65.63333333333334,,nan,none
120424A,23.983333333333334,-29.883333333333333,,nan,none
120422A,136.92916666666667,14.0,0.283,0.283,clean
120419A,187.37083333333334,-63.03333333333333,,nan,none
120404A,235.0125,12.883333333333333,2.876,2.876,clean
120403B,54.80833333333334,-89.03333333333333,,nan,none
120403AS,42.45833333333333,40.46666666666667,,nan,none
120401A,58.06666666666666,-17.666666666666668,,nan,none
120328A,241.55000000000004,-39.333333333333336,,nan,none
120327A,246.82916666666665,-29.416666666666668,2.813,2.813,clean
120326A,273.925,69.28333333333333,1.798,1.798,clean
120325A,178.82083333333333,73.18333333333334,,nan,none
120324A,291.0833333333333,24.15,,nan,none
120323A,340.40833333333336,29.716666666666665,,nan,none
120320A,212.5375,8.683333333333334,,nan,none
120312A,251.76250000000002,23.85,,nan,none
120311B,258.5,-13.066666666666666,,nan,none
120311A,273.0875,14.283333333333333,<3,3.0,qualified:<3
120308A,219.07916666666665,79.7,<4.5,4.5,qualified:<4.5
120305AS,47.545833333333334,28.5,0.225h,0.225,qualified:0.225h
120302A,122.45000000000002,29.666666666666668,,nan,none
120229AS,20.03333333333333,-35.8,,nan,none
120226A,302.9291666666667,48.666666666666664,,nan,none
120224A,40.975,-17.8,1.1,1.1,clean
120219A,129.79166666666669,51.016666666666666,,nan,none
120218A,319.7583333333333,-25.45,,nan,none
120215A,30.03333333333333,8.783333333333333,,nan,none
120213A,301.03333333333336,65.4,,nan,none
120212A,43.10416666666667,-18.016666666666666,,nan,none
120211A,87.75,-24.766666666666666,2.4,2.4,clean
120202A,203.51666666666665,22.8,,nan,none
120127A,139.14166666666668,15.883333333333333,,nan,none
120121A,249.33749999999998,-23.983333333333334,,nan,none
120119A,120.02916666666665,-9.066666666666666,1.728,1.728,clean
120118B,124.86666666666666,-7.183333333333334,2.943,2.943,clean
120118A,195.36666666666667,-61.6,,nan,none
120116A,16.25,33.93333333333333,,nan,none
120114A,317.90416666666664,57.03333333333333,,nan,none
120107A,246.40000000000003,-69.93333333333334,,nan,none
120106A,66.12916666666666,64.03333333333333,,nan,none
120102A,276.19999999999993,24.733333333333334,,nan,none
111229A,76.28333333333333,-84.71666666666667,1.3805,1.3805,clean
111228A,150.07916666666665,18.3,0.714,0.714,clean
111225A,13.100000000000001,51.583333333333336,0.297,0.297,clean
111222AS,189.77083333333331,65.83333333333333,,nan,none
111215B,222.40416666666667,16.433333333333334,,nan,none
111215A,349.55,32.483333333333334,2.06ph,2.06,qualified:2.06ph
111212A,310.40416666666664,-68.61666666666666,,nan,none
111211A,153.09166666666664,11.183333333333334,0.478,0.478,clean
111210A,191.4875,-7.166666666666667,,nan,none
111209A,14.358333333333333,-46.78333333333333,0.677,0.677,clean
111208A,290.21666666666664,40.666666666666664,,nan,none
111207A,92.92500000000001,-39.5,,nan,none
111205A,134.48749999999998,-31.966666666666665,,nan,none
111204A,336.64166666666665,-31.4,,nan,none
111201A,190.48333333333335,33.0,,nan,none
111129A,307.44166666666666,-52.71666666666667,1.0796,1.0796,clean
111126A,276.1,51.46666666666667,,nan,none
111123A,154.85,-20.633333333333333,3.1516,3.1516,clean
111121A,154.75,-46.63333333333333,,nan,none
111117AS,12.704166666666667,23.016666666666666,2.211h,2.211,qualified:2.211h
111109A,118.19583333333334,-41.6,,nan,none
111107A,129.48333333333335,-66.5,2.893,2.893,clean
111103B,265.70416666666665,1.5833333333333335,,nan,none
111103A,322.1208333333333,-10.55,,nan,none
111029A,44.69166666666667,57.083333333333336,,nan,none
111026A,244.275,-47.5,,nan,none
111024A,222.175,25.85,,nan,none
111022B,108.95,49.666666666666664,,nan,none
111022A,275.8708333333333,-23.666666666666668,,nan,none
111020A,287.025,-37.983333333333334,,nan,none
111018A,271.5,-3.8666666666666667,,nan,none
111016B,290.5,-4.583333333333333,,nan,none
111016A,153.80416666666667,27.483333333333334,,nan,none
111008A,60.45416666666667,-32.68333333333333,4.9898,4.9898,clean
111005A,223.28333333333333,-19.733333333333334,0.013,0.013,clean
110928A,257.75416666666666,36.56666666666667,,nan,none
110921A,294.0791666666667,36.38333333333333,,nan,none
110918A,32.574999999999996,-27.283333333333335,0.982,0.982,clean
110915B,77.55,1.9333333333333333,,nan,none
110915A,310.84999999999997,-0.7166666666666667,,nan,none
110906A,296.8916666666667,-26.216666666666665,,nan,none
110903A,197.0375,59.0,,nan,none
110827A,164.09583333333333,53.78333333333333,,nan,none
110825A,44.895833333333336,15.4,,nan,none
110820B,157.58333333333334,-54.6,,nan,none
110820A,343.3333333333333,70.3,,nan,none
110818A,317.3833333333333,-63.96666666666667,3.36,3.36,clean
110815A,85.29583333333333,32.45,,nan,none
110812A,358.4083333333333,72.2,,nan,none
110808A,57.262499999999996,-44.18333333333333,1.348,1.348,clean
110802AS,44.454166666666666,32.6,,nan,none
110801A,89.84166666666667,80.98333333333333,1.858,1.858,clean
110731A,280.5208333333333,-28.55,2.83,2.83,clean
110726A,286.75,56.05,1.036-2.7,1.036,qualified:1.036-2.7
110721A,333.4,-39.0,,nan,none
110719A,24.5625,34.56666666666667,,nan,none
110715A,237.65833333333333,-46.233333333333334,0.82,0.82,clean
110709B,164.6125,-23.483333333333334,2.09?,2.09,qualified:2.09?
110709A,238.89583333333334,40.9,,nan,none
110708A,340.08333333333337,53.95,,nan,none
110625A,286.75,6.75,,nan,none
110610A,308.15000000000003,74.81666666666666,,nan,none
110604A,271.00416666666666,18.466666666666665,,nan,none
110521A,120.14583333333334,45.8,,nan,none
110520A,134.37499999999997,56.4,,nan,none
110519A,261.62916666666666,-23.4,,nan,none
110518A,67.17916666666667,-34.2,,nan,none
110503A,132.8,52.21666666666667,1.613,1.613,clean
110428A,5.3,64.8,,nan,none
110426A,221.0,-11.166666666666666,,nan,none
110422A,111.99583333333334,75.1,1.770,1.77,clean
110420BS,320.05,-41.266666666666666,,nan,none
110420A,2.1666666666666665,-37.85,,nan,none
110414A,97.875,24.366666666666667,,nan,none
110412A,133.49166666666667,13.516666666666667,,nan,none
110411A,291.4375,67.73333333333333,,nan,none
110407A,185.99583333333334,15.716666666666667,,nan,none
110406A,17.341666666666665,35.81666666666667,,nan,none
110402AS,197.42083333333332,61.233333333333334,0.854h,0.854,qualified:0.854h
110328B,117.6,43.2,,nan,none
110319B,326.075,-56.766666666666666,,nan,none
110319A,356.40000000000003,-66.01666666666667,,nan,none
110318B,211.69583333333333,-51.56666666666667,,nan,none
110318A,338.275,-15.283333333333333,,nan,none
110315A,279.1916666666667,17.533333333333335,,nan,none
110312A,157.47916666666666,-5.25,,nan,none
110305A,260.87916666666666,-15.783333333333333,,nan,none
110223B,150.275,-68.33333333333333,,nan,none
110223A,345.6,87.56666666666666,,nan,none
110213B,41.6125,1.1833333333333333,1.083,1.083,clean
110213A,43.00416666666667,49.28333333333333,1.46,1.46,clean
110212A,69.05416666666666,43.7,,nan,none
110210A,13.079166666666667,7.783333333333333,,nan,none
110208A,22.483333333333334,-20.633333333333333,,nan,none
110207A,12.541666666666668,-10.8,,nan,none
110206A,92.37083333333334,-58.78333333333333,,nan,none
110205A,164.5875,67.51666666666667,2.22,2.22,clean
110201A,137.06666666666666,88.6,,nan,none
110128A,193.87499999999997,28.083333333333332,2.339,2.339,clean
110119A,348.55833333333334,5.983333333333333,,nan,none
110112B,10.6,64.4,,nan,none
110112AS,329.94166666666666,26.483333333333334,,nan,none
110107A,299.89166666666665,41.88333333333333,,nan,none
110106B,134.19583333333333,47.0,0.618,0.618,clean
110106A,79.28333333333333,64.18333333333334,,nan,none
110102A,245.87916666666666,7.616666666666667,,nan,none
101225A,0.23333333333333334,44.6,0.847,0.847,clean
101224AS,285.925,45.71666666666667,0.4536h,0.4536,qualified:0.4536h
101219B,12.258333333333333,-34.53333333333333,0.55,0.55,clean
101219AS,74.61666666666667,-2.533333333333333,0.718h,0.718,qualified:0.718h
101213A,241.2875,21.916666666666668,0.414,0.414,clean
101204A,167.55,-20.433333333333334,,nan,none
101201A,1.9541666666666666,-16.2,,nan,none
101129AS,155.92083333333332,-17.65,,nan,none
101117B,172.90833333333333,-72.66666666666667,,nan,none
101114A,303.19166666666666,14.033333333333333,,nan,none
101112A,292.22499999999997,39.35,,nan,none
101030A,166.39166666666668,-16.383333333333333,,nan,none
101024A,66.475,-77.25,,nan,none
101023A,317.95416666666665,-65.4,,nan,none
101020A,189.56666666666666,23.166666666666668,,nan,none
101017A,291.3791666666667,-35.13333333333333,,nan,none
101011A,48.300000000000004,-65.98333333333333,,nan,none
101008A,328.89166666666665,37.06666666666667,,nan,none
100928A,223.0375,-28.566666666666666,,nan,none
100924A,0.6708333333333333,7.016666666666667,,nan,none
100917A,289.2666666666667,-17.1,,nan,none
100915B,85.37916666666666,25.083333333333332,,nan,none
100915A,315.65000000000003,65.66666666666667,,nan,none
100909A,73.95,54.65,,nan,none
100906A,28.708333333333332,55.61666666666667,1.727,1.727,clean
100905A,31.529166666666665,14.933333333333334,7.9,7.9,clean
100904A,172.92083333333332,-16.216666666666665,,nan,none
100902A,48.645833333333336,30.966666666666665,,nan,none
100901A,27.245833333333334,22.75,1.408,1.408,clean
100823A,20.704166666666666,5.85,,nan,none
100816AS,351.7416666666667,26.566666666666666,0.8035,0.8035,clean
100814A,22.479166666666668,-17.983333333333334,1.44,1.44,clean
100807A,55.325,67.68333333333334,,nan,none
100805A,299.875,52.61666666666667,,nan,none
100802A,2.4583333333333335,47.75,<3.1,3.1,qualified:<3.1
100728B,44.054166666666674,0.2833333333333333,2.106,2.106,clean
100728A,77.06666666666666,-14.333333333333334,1.567,1.567,clean
100727A,154.16666666666669,-21.366666666666667,,nan,none
100725B,290.025,76.95,,nan,none
100725A,166.51666666666665,-26.683333333333334,,nan,none
100724B,120.04166666666667,76.73333333333333,,nan,none
100724A,194.5666666666667,-11.116666666666667,1.288,1.288,clean
100719A,112.2625,-5.833333333333333,,nan,none
100713A,255.20833333333334,28.383333333333333,,nan,none
100707A,358.02083333333337,-8.65,,nan,none
100704A,133.63750000000002,-24.216666666666665,,nan,none
100703AS,9.520833333333332,-25.716666666666665,,nan,none
100702AS,245.70416666666665,-56.53333333333333,,nan,none
100628AS,225.9666666666667,-31.666666666666668,,nan,none
100625AS,15.770833333333334,-39.083333333333336,0.452h,0.452,qualified:0.452h
100621A,315.3083333333333,-51.083333333333336,0.542,0.542,clean
100619A,84.61666666666666,-27.0,,nan,none
100615A,177.20833333333334,-19.5,1.398,1.398,clean
100614A,263.52083333333337,49.233333333333334,,nan,none
100606A,350.60416666666663,-66.23333333333333,,nan,none
100528A,311.12083333333334,27.816666666666666,,nan,none
100526B,0.7000000000000001,-37.9,,nan,none
100526A,230.78333333333333,25.633333333333333,,nan,none
100522A,6.983333333333333,9.416666666666666,,nan,none
100518A,304.8041666666667,-24.533333333333335,4.0ph,4.0,qualified:4.0ph
100514A,328.8208333333334,29.166666666666668,,nan,none
100513A,169.57916666666668,3.6,4.772,4.772,clean
100510A,355.94166666666666,-35.583333333333336,,nan,none
100508A,76.25,-20.716666666666665,0.5201,0.5201,clean
100504A,255.57083333333338,-35.6,,nan,none
100427A,89.17083333333333,-3.466666666666667,,nan,none
100425A,299.1875,-26.433333333333334,1.755,1.755,clean
100424A,209.45416666666665,1.5166666666666666,2.465,2.465,clean
100423A,136.47500000000002,21.483333333333334,,nan,none
100420A,296.12916666666666,55.8,,nan,none
100418A,256.375,11.466666666666667,0.6235,0.6235,clean
100415A,7.449999999999999,-16.4,,nan,none
100414A,183.61666666666665,20.45,1.368,1.368,clean
100413B,356.8166666666667,51.31666666666667,,nan,none
100413A,266.21666666666664,15.833333333333334,,nan,none
100401A,290.8125,-8.25,,nan,none
100331B,302.9875,-11.066666666666666,,nan,none
100331A,261.0583333333333,-58.95,,nan,none
100325A,330.2416666666667,-26.466666666666665,,nan,none
100324A,98.6125,-9.733333333333333,,nan,none
100322BS,76.4875,42.68333333333333,,nan,none
100316D,107.61666666666667,-56.15,0.059,0.059,clean
100316C,32.291666666666664,-68.01666666666667,,nan,none
100316B,163.5,-45.483333333333334,1.180,1.18,clean
100316A,252.03333333333336,71.83333333333333,3.155,3.155,clean
100305A,168.36666666666667,42.38333333333333,,nan,none
100302A,195.34583333333336,74.58333333333333,4.813,4.813,clean
100225A,310.3,-59.4,,nan,none
100224A,83.46666666666665,-8.0,,nan,none
100219A,154.22083333333333,-12.566666666666666,4.6667,4.6667,clean
100216AS,154.2625,35.516666666666666,,nan,none
100213B,124.3375,43.45,,nan,none
100213AS,349.42916666666673,43.38333333333333,,nan,none
100212A,356.46250000000003,49.5,,nan,none
100206AS,47.175,13.166666666666666,0.4068h,0.4068,qualified:0.4068h
100205A,141.40416666666667,31.733333333333334,,nan,none
100203A,96.225,4.8,,nan,none
100119A,299.325,-53.166666666666664,,nan,none
100117AS,11.258333333333333,-1.6,0.92phh,0.92,qualified:0.92phh
100116A,305.0208333333333,14.45,,nan,none
100115A,3.3333333333333335,-0.8166666666666667,,nan,none
100111A,247.0375,15.55,,nan,none
100103A,112.36250000000001,-34.45,,nan,none
091230,132.96249999999998,-53.88333333333333,,nan,none
091221,55.75416666666667,23.216666666666665,,nan,none
091208B,29.412499999999998,16.883333333333333,1.063,1.063,clean
091208,0.275,65.66666666666667,,nan,none
091202,138.79583333333332,62.55,,nan,none
091130B,203.1,34.083333333333336,,nan,none
091127,36.57083333333333,-18.95,0.49,0.49,clean
091120,226.80833333333334,-21.783333333333335,,nan,none
091117S,30.94583333333333,-16.95,,nan,none
091112,257.75,-36.733333333333334,,nan,none
091111,137.8125,-45.916666666666664,,nan,none
091109BS,112.75,-54.1,,nan,none
091109,309.25,-44.18333333333333,3.076,3.076,clean
091104,208.72083333333333,47.38333333333333,,nan,none
091102,72.62083333333334,-72.53333333333333,,nan,none
091031,70.7,-61.583333333333336,,nan,none
091029,60.18333333333334,-56.0,2.752,2.752,clean
091026,276.58333333333337,-86.11666666666666,,nan,none
091024,339.20833333333337,56.86666666666667,1.092,1.092,clean
091020,175.71666666666667,50.96666666666667,1.71,1.71,clean
091018,32.2125,-57.53333333333333,0.971,0.971,clean
091015,306.12916666666666,-6.166666666666667,,nan,none
091010,298.6666666666667,-22.533333333333335,,nan,none
091003,251.52083333333334,36.63333333333333,0.8969,0.8969,clean
090929B,117.70416666666667,-0.6333333333333333,,nan,none
090929,56.49166666666667,-5.966666666666667,,nan,none
090927,343.95416666666665,-70.98333333333333,1.37,1.37,clean
090926B,46.31666666666666,-39.016666666666666,1.24,1.24,clean
090926,353.40000000000003,-66.31666666666666,2.1062,2.1062,clean
090916,126.57916666666667,25.933333333333334,,nan,none
090915,237.99166666666667,15.483333333333333,,nan,none
090912,188.09166666666664,61.516666666666666,,nan,none
090904B,264.1916666666667,-25.216666666666665,,nan,none
090904,100.88333333333333,50.2,,nan,none
090902B,265.0,27.333333333333332,1.822,1.822,clean
090831C,108.27916666666667,-25.1,,nan,none
090831,145.4,51.4,,nan,none
090827,18.433333333333334,-50.9,,nan,none
090823,128.71249999999998,60.666666666666664,,nan,none
090817,63.99166666666667,44.13333333333333,,nan,none
090815C,64.49166666666666,-65.95,,nan,none
090814B,64.74583333333332,60.6,,nan,none
090814,239.6125,25.6,0.696,0.696,clean
090813,227.01666666666665,88.56666666666666,,nan,none
090812,353.1958333333334,-10.6,2.452,2.452,clean
090809,328.6458333333333,-0.08333333333333333,2.737,2.737,clean
090807,273.7458333333334,10.283333333333333,,nan,none
090728,29.658333333333335,41.65,,nan,none
090727,315.97083333333336,64.91666666666667,,nan,none
090726,248.81666666666666,72.86666666666666,2.71,2.71,clean
090720,203.69583333333333,-10.333333333333334,,nan,none
090715B,251.34583333333333,44.833333333333336,3.00,3.0,clean
090715S,152.12083333333334,10.0,,nan,none
090712,70.10416666666667,22.55,,nan,none
090709B,93.59166666666667,64.08333333333333,,nan,none
090709,289.9333333333333,60.733333333333334,,nan,none
090708,154.6291666666667,26.633333333333333,,nan,none
090704,208.20416666666665,22.783333333333335,,nan,none
090702,175.88750000000002,11.5,,nan,none
090628,237.05,-15.75,,nan,none
090626,170.00833333333335,-33.5,,nan,none
090625B,2.2624999999999997,-65.78333333333333,,nan,none
090621BS,313.4333333333333,69.01666666666667,,nan,none
090621,10.9875,61.96666666666667,,nan,none
090618,294.02083333333337,78.35,0.54,0.54,clean
090607,191.20833333333331,44.13333333333333,,nan,none
090531B,252.0625,-36.016666666666666,,nan,none
090531,178.6875,7.8,,nan,none
090530,179.39583333333334,26.583333333333332,1.266,1.266,clean
090529,212.47500000000002,24.433333333333334,2.625,2.625,clean
090520,11.6125,-8.0,,nan,none
090519,142.29166666666666,0.18333333333333332,3.85,3.85,clean
090518,119.93333333333334,0.7666666666666667,,nan,none
090516,138.27083333333331,-11.85,4.109,4.109,clean
090515S,164.17083333333332,14.45,,nan,none
090510S,333.5541666666667,-26.6,0.903h,0.903,qualified:0.903h
090509,241.40416666666664,-28.4,,nan,none
090429B,210.70416666666665,32.166666666666664,9.4ph,9.4,qualified:9.4ph
090429,90.55833333333332,-52.38333333333333,,nan,none
090427,235.92916666666665,-13.5,,nan,none
090426S,189.09166666666664,32.96666666666667,2.609,2.609,clean
090424,189.5375,16.833333333333332,0.544,0.544,clean
090423,148.89583333333334,18.116666666666667,8.26,8.26,clean
090422,294.75416666666666,40.38333333333333,,nan,none
090419,196.97500000000002,-75.6,,nan,none
090418B,225.90833333333333,17.216666666666665,,nan,none
090418,269.3333333333333,33.416666666666664,1.608,1.608,clean
090417B,209.70416666666665,47.0,0.345,0.345,clean
090417S,34.99583333333333,-7.183333333333334,,nan,none
090410,334.9791666666667,15.466666666666667,,nan,none
090407,68.95833333333333,-12.666666666666666,1.4485,1.4485,clean
090404,239.21666666666667,35.5,3.0ph,3.0,qualified:3.0ph
090401B,95.1,-8.966666666666667,,nan,none
090401,350.9083333333333,29.766666666666666,,nan,none
090328,90.87083333333334,-41.95,0.736,0.736,clean
090324,257.1791666666667,-48.15,,nan,none
090323,190.69166666666666,17.083333333333332,3.57,3.57,clean
090313,198.39583333333334,8.1,3.375,3.375,clean
090309,284.9791666666667,-25.266666666666666,,nan,none
090308,183.52499999999998,-48.88333333333333,,nan,none
090307,244.97916666666669,-28.65,,nan,none
090306B,231.20416666666665,-6.95,,nan,none
090305S,241.75833333333333,-31.566666666666666,,nan,none
090301,338.1416666666667,26.65,,nan,none
090217,204.9,-8.4,,nan,none
090205,220.925,-27.866666666666667,4.6497,4.6497,clean
090201,92.02916666666668,-46.583333333333336,2.100,2.1,clean
090129,269.09166666666664,-32.833333333333336,,nan,none
090126,3.845833333333333,81.36666666666666,,nan,none
090123,6.775,-23.516666666666666,,nan,none
090118,49.86666666666666,18.483333333333334,,nan,none
090117,164.00416666666666,-58.25,,nan,none
090113,32.074999999999996,33.45,1.7493,1.7493,clean
090111,251.64583333333331,0.08333333333333333,,nan,none
090107B,284.8125,59.6,,nan,none
090107,302.42499999999995,4.733333333333333,,nan,none
090102,128.25833333333335,33.083333333333336,1.547,1.547,clean
081230,37.31666666666666,-25.133333333333333,2.0ph,2.0,qualified:2.0ph
081228,39.46666666666667,30.85,3.44ph,3.44,qualified:3.44ph
081226BS,25.4625,-47.416666666666664,,nan,none
081226S,120.525,-69.0,,nan,none
081222,22.75,-34.13333333333333,2.77,2.77,clean
081221,15.804166666666665,-24.533333333333335,2.26,2.26,clean
081211B,168.22916666666666,53.85,,nan,none
081211,328.0875,-33.81666666666667,,nan,none
081210,70.45833333333334,-11.266666666666667,2.0631,2.0631,clean
081204,349.71666666666664,-60.166666666666664,,nan,none
081203B,228.79166666666669,44.43333333333333,,nan,none
081203,233.03333333333333,63.5,2.05,2.05,clean
081128,20.8,38.11666666666667,<4,4.0,qualified:<4
081127,332.09166666666664,6.866666666666667,,nan,none
081126,323.54166666666663,48.71666666666667,,nan,none
081121,89.2625,-60.63333333333333,2.512,2.512,clean
081118,82.59166666666667,-43.3,2.58,2.58,clean
081109,330.7875,-54.71666666666667,0.9787,0.9787,clean
081105,3.9666666666666663,3.45,,nan,none
081104,100.48333333333333,-54.733333333333334,,nan,none
081102,331.1833333333333,53.0,,nan,none
081101S,95.825,-0.08333333333333333,,nan,none
081029,346.70416666666665,-68.16666666666667,3.8479,3.8479,clean
081028,121.89166666666667,2.3166666666666664,3.038,3.038,clean
081025,245.30000000000004,60.46666666666667,,nan,none
081024B,322.90000000000003,21.2,,nan,none
081024,27.900000000000002,61.35,,nan,none
081022,226.61666666666665,12.416666666666666,,nan,none
081017,230.17916666666667,-32.81666666666667,,nan,none
081016B,14.616666666666667,-43.55,,nan,none
081016,255.5666666666667,-23.333333333333332,,nan,none
081012,30.21666666666667,-17.633333333333333,,nan,none
081011,220.3625,33.6,,nan,none
081008,279.98749999999995,-57.46666666666667,1.9685,1.9685,clean
081007,339.97499999999997,-40.13333333333333,0.5295,0.5295,clean
081003B,285.1166666666667,16.683333333333334,,nan,none
081003,262.375,16.566666666666666,,nan,none
081001,276.575,-8.75,,nan,none
080928,95.08333333333333,-55.166666666666664,1.692,1.692,clean
080922,270.84583333333336,-22.483333333333334,,nan,none
080919S,265.2875,-42.4,,nan,none
080916C,119.87916666666666,-56.583333333333336,4.35ph,4.35,qualified:4.35ph
080916B,163.625,69.05,,nan,none
080916,336.3,-57.016666666666666,0.689,0.689,clean
080915B,213.07916666666665,-11.466666666666667,,nan,none
080915,18.004166666666666,-76.01666666666667,,nan,none
080913,65.725,-25.116666666666667,6.695,6.695,clean
080906,227.89166666666665,-80.48333333333333,2.1ph,2.1,qualified:2.1ph
080905B,301.72083333333336,-62.56666666666667,2.374,2.374,clean
080905S,287.6625,-18.883333333333333,0.1218h,0.1218,qualified:0.1218h
080903,86.79583333333332,51.333333333333336,,nan,none
080828,199.6291666666667,-65.93333333333334,,nan,none
080825B,209.28333333333333,-68.95,4.3ph,4.3,qualified:4.3ph
080822B,63.49583333333334,25.75,,nan,none
080810,356.7791666666667,0.31666666666666665,3.35,3.35,clean
080805,314.2291666666667,-62.43333333333333,1.505,1.505,clean
080804,328.69999999999993,-53.2,2.2045,2.2045,clean
080802,270.725,-32.333333333333336,,nan,none
080727C,32.645833333333336,64.15,,nan,none
080727B,276.8708333333333,1.1666666666666667,,nan,none
080727,208.3875,-18.55,,nan,none
080726,20.395833333333336,13.916666666666666,,nan,none
080725,121.71666666666667,-13.983333333333333,,nan,none
080723B,176.79166666666669,-60.233333333333334,,nan,none
080723,274.5125,-6.916666666666667,,nan,none
080721,224.4708333333333,-11.716666666666667,2.591,2.591,clean
080714,188.10833333333332,-60.28333333333333,,nan,none
080710,8.258333333333333,19.5,0.845,0.845,clean
080707,32.63333333333333,33.15,1.23,1.23,clean
080703B,254.59166666666664,-59.65,,nan,none
080703,101.86666666666667,-63.21666666666667,<5.5,5.5,qualified:<5.5
080702B,355.6,-5.483333333333333,,nan,none
080702S,312.8541666666667,72.3,,nan,none
080701,45.8375,75.48333333333333,,nan,none
080625,298.44166666666666,56.266666666666666,,nan,none
080623,237.65833333333333,-62.03333333333333,,nan,none
080613B,173.79583333333335,-7.1,,nan,none
080613,213.25416666666666,5.15,,nan,none
080607,194.96666666666667,15.9,3.036,3.036,clean
080605,262.12916666666666,4.0,1.6398,1.6398,clean
080604,236.97083333333333,20.55,1.416,1.416,clean
080603B,176.52916666666667,68.08333333333333,2.69,2.69,clean
080603,279.37916666666666,62.733333333333334,1.688,1.688,clean
080602,19.170833333333334,-9.25,1.8204,1.8204,clean
080523,20.733333333333334,-64.05,<3.0,3.0,qualified:<3.0
080520,280.19166666666666,-55.0,1.545,1.545,clean
080517,102.25416666666666,50.733333333333334,0.089,0.089,clean
080516,120.62916666666668,-26.183333333333334,,nan,none
080515X,3.1500000000000004,32.6,2.47,2.47,clean
080514B,322.8208333333333,0.7333333333333333,1.8ph,1.8,qualified:1.8ph
080507,233.72083333333333,56.416666666666664,,nan,none
080506,329.4333333333333,39.0,,nan,none
080503S,286.61666666666673,68.78333333333333,,nan,none
080430,165.32083333333335,51.68333333333333,0.767,0.767,clean
080426,26.574999999999996,69.48333333333333,,nan,none
080414,272.125,-18.866666666666667,,nan,none
080413B,326.1333333333334,-19.966666666666665,1.10,1.1,clean
080413,287.29166666666663,-27.683333333333334,2.433,2.433,clean
080411,38.016666666666666,-71.33333333333333,1.03,1.03,clean
080409,84.33333333333334,5.083333333333333,,nan,none
080408,114.67916666666666,33.3,,nan,none
080405,162.59583333333333,-4.25,,nan,none
080330,169.3,30.566666666666666,1.51,1.51,clean
080328,80.47916666666666,47.516666666666666,,nan,none
080325,277.8958333333333,36.516666666666666,1.78,1.78,clean
080320,177.77916666666664,57.15,<6.4,6.4,qualified:<6.4
080319D,99.47916666666667,23.933333333333334,,nan,none
080319C,258.975,55.416666666666664,1.95,1.95,clean
080319B,217.925,36.3,0.937,0.937,clean
080319,206.35416666666666,44.083333333333336,2.0265,2.0265,clean
080315,155.18333333333334,41.733333333333334,,nan,none
080310,220.07916666666665,-0.16666666666666666,2.42,2.42,clean
080307,136.63333333333333,35.166666666666664,<6.1,6.1,qualified:<6.1
080303,112.075,-70.23333333333333,,nan,none
080229B,199.22083333333333,-64.88333333333334,,nan,none
080229,228.21666666666667,-14.716666666666667,,nan,none
080218BX,177.95,-53.1,,nan,none
080218,355.9208333333333,12.166666666666666,,nan,none
080212,231.10833333333332,-22.75,<3.5,3.5,qualified:<3.5
080211,43.96666666666667,60.03333333333333,,nan,none
080210,251.27083333333334,13.833333333333334,2.641,2.641,clean
080207,207.5125,7.516666666666667,2.0858,2.0858,clean
080205,98.22083333333333,62.766666666666666,2.72ph,2.72,qualified:2.72ph
080130,261.675,-53.18333333333333,,nan,none
080129,105.27916666666667,-7.833333333333333,4.349,4.349,clean
080123S,338.9291666666667,-64.88333333333334,0.495h,0.495,qualified:0.495h
080122,191.35,27.016666666666666,,nan,none
080121,137.23333333333335,41.833333333333336,,nan,none
080120,225.2875,-10.9,,nan,none
071227S,58.12083333333333,-55.95,0.383h,0.383,qualified:0.383h
071129,220.09166666666664,-26.7,,nan,none
071122,276.58333333333337,47.06666666666667,1.14,1.14,clean
071118,299.8166666666667,70.1,,nan,none
071117,335.1583333333333,-63.43333333333333,1.331,1.331,clean
071112C,39.22083333333334,28.383333333333333,0.823,0.823,clean
071112B,260.30416666666673,-80.88333333333334,,nan,none
071109,289.9125,2.05,,nan,none
071104,295.6,14.65,,nan,none
071101,48.19166666666667,62.46666666666667,,nan,none
071031,6.458333333333334,-58.05,2.692,2.692,clean
071028B,354.1625,-31.633333333333333,,nan,none
071028,119.84583333333333,21.5,,nan,none
071025,355.08333333333337,31.75,5.2,5.2,clean
071021,340.6375,23.666666666666668,2.4520,2.452,clean
071020,119.6625,32.86666666666667,2.145,2.145,clean
071018,164.675,53.833333333333336,,nan,none
071013,279.525,33.85,,nan,none
071011,8.4,61.06666666666667,,nan,none
071010C,338.05416666666673,66.16666666666667,,nan,none
071010B,150.52916666666667,45.733333333333334,0.947,0.947,clean
071010,288.1,-32.38333333333333,0.98,0.98,clean
071008,151.54583333333332,44.333333333333336,,nan,none
071006,335.2791666666667,-23.15,,nan,none
071003,301.85416666666663,10.966666666666667,1.60435,1.60435,clean
071001,149.76666666666665,-59.75,,nan,none
070925,253.1875,-22.016666666666666,,nan,none
070923,184.625,-38.266666666666666,,nan,none
070920B,0.14583333333333334,-34.81666666666667,,nan,none
070920,100.93333333333334,72.23333333333333,,nan,none
070917,293.92499999999995,2.4166666666666665,,nan,none
070913,228.83333333333334,-24.333333333333332,,nan,none
070911,25.800000000000004,-33.46666666666667,,nan,none
070810B,8.941666666666666,8.833333333333334,,nan,none
070810,189.97083333333333,10.733333333333333,2.17,2.17,clean
070809S,203.78333333333336,-22.133333333333333,0.2187h,0.2187,qualified:0.2187h
070808,6.766666666666667,1.1666666666666667,<2.2,2.2,qualified:<2.2
070805,245.04166666666663,-59.95,,nan,none
070802,36.85000000000001,-55.53333333333333,2.45,2.45,clean
070731,328.5708333333333,-15.75,,nan,none
070729S,56.32083333333333,-35.31666666666667,,nan,none
070724B,17.629166666666666,57.666666666666664,,nan,none
070724S,27.81666666666667,-18.616666666666667,0.457h,0.457,qualified:0.457h
070721B,33.12916666666667,-2.183333333333333,3.626,3.626,clean
070721X,3.175,-28.55,,nan,none
070714BS,57.85416666666667,28.3,0.92h,0.92,qualified:0.92h
070714X,42.93333333333334,30.233333333333334,1.58,1.58,clean
070707S,267.84583333333336,-68.9,,nan,none
070704,354.725,66.25,,nan,none
070628,115.28333333333335,-20.283333333333335,,nan,none
070621,323.8041666666667,-24.8,<5.5,5.5,qualified:<5.5
070616,32.15416666666666,56.95,,nan,none
070615,44.300000000000004,-4.4,,nan,none
070612B,261.71250000000003,-8.716666666666667,,nan,none
070612,121.38333333333334,37.266666666666666,0.617,0.617,clean
070611,1.9875,-29.75,2.04,2.04,clean
070531,6.679166666666666,74.3,,nan,none
070529,283.75,20.633333333333333,2.4996,2.4996,clean
070521,242.67083333333335,30.233333333333334,2.0865,2.0865,clean
070520B,121.95000000000002,57.61666666666667,,nan,none
070520,193.31666666666666,75.0,,nan,none
070518,254.22500000000002,55.3,1.161?,1.161,qualified:1.161?
070517,277.57916666666665,-62.333333333333336,,nan,none
070509,237.92499999999998,-78.68333333333334,,nan,none
070508,312.78333333333336,-78.36666666666666,<3.0,3.0,qualified:<3.0
070506,347.21666666666664,10.733333333333333,2.31,2.31,clean
070429BS,328.025,-38.85,0.904h,0.904,qualified:0.904h
070429,297.6875,-32.38333333333333,,nan,none
070427,28.862499999999997,-27.633333333333333,,nan,none
070420,121.25416666666666,-45.56666666666667,,nan,none
070419B,315.7166666666667,-31.266666666666666,1.9591,1.9591,clean
070419,182.71249999999998,39.9,0.97,0.97,clean
070412,181.50416666666666,40.1,,nan,none
070411,107.3375,1.0833333333333333,2.954,2.954,clean
070406S,198.95416666666665,16.533333333333335,,nan,none
070402,311.18333333333334,27.4,,nan,none
070330,269.5208333333333,-63.78333333333333,<5.5,5.5,qualified:<5.5
070328,65.11666666666667,-34.06666666666667,2.0627,2.0627,clean
070318,48.541666666666664,-42.96666666666667,0.836,0.836,clean
070311,87.57083333333333,3.3666666666666667,,nan,none
070309,263.6875,-37.96666666666667,,nan,none
070306,148.08333333333334,10.466666666666667,1.4959,1.4959,clean
070227,120.56666666666668,-46.3,,nan,none
070224,178.99166666666667,-13.333333333333334,1.9922,1.9922,clean
070223,153.45416666666665,43.11666666666667,1.6295,1.6295,clean
070220,34.820833333333326,68.81666666666666,,nan,none
070219,260.19999999999993,69.36666666666666,,nan,none
070209S,46.2375,-47.36666666666667,,nan,none
070208,197.92083333333332,61.96666666666667,1.165,1.165,clean
070129,37.0125,11.716666666666667,2.3384,2.3384,clean
070126,33.458333333333336,-73.51666666666667,,nan,none
070125,117.85,31.133333333333333,1.547,1.547,clean
070124S,221.38333333333333,54.56666666666667,,nan,none
070110,0.9083333333333333,-52.96666666666667,2.352,2.352,clean
070107,159.40833333333333,-53.2,,nan,none
070103,352.55833333333334,26.883333333333333,2.6208,2.6208,clean
061222B,105.35833333333333,-25.85,3.355,3.355,clean
061222,358.2416666666667,46.53333333333333,2.088,2.088,clean
061218,149.22083333333333,-35.15,,nan,none
061217S,160.44166666666666,-21.116666666666667,0.827h,0.827,qualified:0.827h
061210S,144.5125,15.633333333333333,0.4095h,0.4095,qualified:0.4095h
061202,105.64166666666667,-74.66666666666667,2.2543,2.2543,clean
061201S,331.97083333333336,-74.6,0.111h,0.111,qualified:0.111h
061126,86.625,64.18333333333334,1.1588,1.1588,clean
061122,303.8375,15.516666666666667,,nan,none
061121,147.25,-13.183333333333334,1.314,1.314,clean
061110B,323.9,6.883333333333333,3.44,3.44,clean
061110,336.30416666666673,-2.2666666666666666,0.758,0.758,clean
061102,148.40416666666667,-17.066666666666666,,nan,none
061028,97.2125,46.266666666666666,,nan,none
061027,270.8125,-82.23333333333333,,nan,none
061025,300.9125,-48.25,,nan,none
061021,145.13333333333333,-21.933333333333334,0.3463,0.3463,clean
061019,91.61666666666666,29.566666666666666,,nan,none
061007,46.31666666666666,-50.483333333333334,1.261,1.261,clean
061006S,111.09166666666667,-79.2,0.4377h,0.4377,qualified:0.4377h
061004,97.75,-45.9,,nan,none
061002,220.34583333333333,48.733333333333334,,nan,none
060930,304.4916666666667,-23.633333333333333,,nan,none
060929,263.16666666666674,29.816666666666666,,nan,none
060928,127.6375,-42.21666666666667,,nan,none
060927,329.5541666666667,5.35,5.47,5.47,clean
060926,263.95416666666665,13.033333333333333,3.20,3.2,clean
060923C,346.125,3.95,<11,11.0,qualified:<11
060923B,238.20000000000002,-30.9,1.5094,1.5094,clean
060923,254.62499999999997,12.383333333333333,<2.8,2.8,qualified:<2.8
060919,276.9125,-51.03333333333333,,nan,none
060912B,271.2375,-19.883333333333333,,nan,none
060912,5.2875,20.966666666666665,0.937,0.937,clean
060908,31.833333333333332,0.36666666666666664,1.8836,1.8836,clean
060906,40.75,30.35,3.686,3.686,clean
060904B,58.2125,-0.7166666666666667,0.703,0.703,clean
060904,237.74166666666667,44.96666666666667,,nan,none
060901,287.1583333333333,-6.633333333333333,,nan,none
060825,18.099999999999998,55.8,,nan,none
060814,221.34583333333333,20.583333333333332,1.9229,1.9229,clean
060813,111.86666666666667,-29.85,,nan,none
060807,252.52916666666664,31.583333333333332,<3.4,3.4,qualified:<3.4
060805B,272.5083333333333,58.15,,nan,none
060805,220.92083333333332,12.6,2.3633,2.3633,clean
060804,112.2,-27.233333333333334,,nan,none
060801S,213.025,16.983333333333334,1.131h,1.131,qualified:1.131h
060729,95.33749999999999,-62.35,0.54,0.54,clean
060728,16.691666666666666,-41.38333333333333,,nan,none
060719,18.454166666666666,-48.36666666666667,1.5320,1.532,clean
060717S,170.8625,28.95,,nan,none
060714,227.87083333333334,-6.55,2.711,2.711,clean
060712,184.0625,35.56666666666667,,nan,none
060708,7.800000000000001,-33.733333333333334,1.92,1.92,clean
060707,357.07916666666665,-17.916666666666668,3.425,3.425,clean
060614,320.8625,-53.03333333333333,0.125,0.125,clean
060607B,42.03333333333333,14.733333333333333,,nan,none
060607,329.7125,-22.5,3.0749,3.0749,clean
060605,322.1458333333333,-6.066666666666666,3.78,3.78,clean
060604,337.2416666666667,-10.9,2.1357,2.1357,clean
060602,149.57500000000002,0.31666666666666665,0.787?,0.787,qualified:0.787?
060526,232.84583333333336,0.25,3.221,3.221,clean
060522,322.95,2.8833333333333333,5.11,5.11,clean
060516,71.17916666666667,-18.116666666666667,,nan,none
060515,127.28749999999998,73.55,,nan,none
060512,195.77083333333334,41.21666666666667,2.1,2.1,clean
060510B,239.14166666666665,78.56666666666666,4.94,4.94,clean
060510,95.87083333333335,-1.1666666666666667,,nan,none
060507,89.97083333333333,75.23333333333333,,nan,none
060505,331.76666666666665,-27.816666666666666,0.089,0.089,clean
060502BS,278.9375,52.63333333333333,0.287h,0.287,qualified:0.287h
060502,240.85833333333335,66.6,1.51,1.51,clean
060501,328.3666666666667,43.983333333333334,,nan,none
060429,115.4875,-24.966666666666665,,nan,none
060428BX,235.35,62.016666666666666,,nan,none
060428,123.56666666666666,-37.166666666666664,,nan,none
060427,124.30416666666666,62.61666666666667,,nan,none
060424,7.354166666666666,36.81666666666667,,nan,none
060421,343.62916666666666,62.733333333333334,,nan,none
060418,236.42083333333332,-3.65,1.489,1.489,clean
060413,291.3,13.8,,nan,none
060403,282.3041666666667,8.333333333333334,,nan,none
060323,174.40833333333333,49.96666666666667,,nan,none
060322,274.24583333333334,-36.7,,nan,none
060319,176.37083333333334,59.983333333333334,1.172,1.172,clean
060313S,66.60833333333333,-10.866666666666667,<1.1ul,1.1,qualified:<1.1ul
060312,45.766666666666666,12.816666666666666,,nan,none
060306,41.1,-2.15,1.559,1.559,clean
060223B,254.24166666666667,-30.8,,nan,none
060223,55.21666666666667,-17.133333333333333,4.41,4.41,clean
060219,241.80833333333334,32.333333333333336,,nan,none
060218X,50.40416666666667,16.866666666666667,0.0331,0.0331,clean
060213,141.6,-9.15,,nan,none
060211B,75.07083333333333,14.95,,nan,none
060211,58.4,21.483333333333334,,nan,none
060210,57.72916666666667,27.033333333333335,3.91,3.91,clean
060206,202.94583333333333,35.06666666666667,4.048,4.048,clean
060204C,92.725,70.16666666666667,,nan,none
060204B,211.79583333333335,27.683333333333334,2.3393,2.3393,clean
060204,232.28333333333333,-39.46666666666667,,nan,none
060203,103.5125,71.81666666666666,,nan,none
060202,35.84166666666667,38.36666666666667,0.783,0.783,clean
060130,229.22500000000002,-36.916666666666664,,nan,none
060124,77.04166666666669,69.71666666666667,2.296,2.296,clean
060123,179.75,45.516666666666666,0.56,0.56,clean
060121S,137.4875,45.666666666666664,,nan,none
060117,327.925,-59.983333333333334,,nan,none
060116,84.7,-5.45,,nan,none
060115,54.045833333333334,17.35,3.53,3.53,clean
060114,195.28333333333336,-4.733333333333333,,nan,none
060111B,286.3375,70.36666666666666,,nan,none
060111,276.2125,37.6,2.32,2.32,clean
060110,72.74166666666666,28.383333333333333,,nan,none
060109,282.7083333333333,31.983333333333334,,nan,none
060108,146.99166666666667,31.916666666666668,2.0ph,2.0,qualified:2.0ph
060105,297.475,46.36666666666667,,nan,none
060102,328.8541666666667,-1.85,,nan,none
051227S,125.27083333333331,31.933333333333334,0.8h,0.8,qualified:0.8h
051221B,312.3958333333333,53.05,,nan,none
051221S,328.7125,16.9,0.5465h,0.5465,qualified:0.5465h
051213,252.12083333333334,-59.2,,nan,none
051211B,345.6333333333334,55.083333333333336,,nan,none
051211,104.05416666666666,32.68333333333333,,nan,none
051210S,330.1958333333333,-57.63333333333333,2.5phh,2.5,qualified:2.5phh
051117B,85.225,-19.25,0.481,0.481,clean
051117,228.40416666666667,30.866666666666667,,nan,none
051114,226.275,60.15,,nan,none
051113,187.22083333333333,-26.383333333333333,,nan,none
051111,348.1583333333333,18.333333333333332,1.55,1.55,clean
051109BX,345.44166666666666,38.666666666666664,0.08?,0.08,qualified:0.08?
051109,330.2958333333333,40.833333333333336,2.346,2.346,clean
051105B,9.466666666666669,-40.483333333333334,,nan,none
051105S,265.2875,34.916666666666664,,nan,none
051103S,148.14166666666668,68.85,,nan,none
051028,27.162499999999998,47.81666666666667,,nan,none
051022,359.0,19.6,0.809,0.809,clean
051021B,126.0375,-45.516666666666666,,nan,none
051021,29.099999999999998,9.116666666666667,,nan,none
051016B,132.0666666666667,13.65,0.9364,0.9364,clean
051016,122.8125,-18.316666666666666,,nan,none
051012,270.5625,-52.8,,nan,none
051008,202.87083333333334,42.083333333333336,2.77,2.77,clean
051006,110.82916666666667,9.533333333333333,1.059,1.059,clean
051001,350.9708333333333,-31.533333333333335,2.4296,2.4296,clean
050925S,303.4458333333333,34.333333333333336,,nan,none
050922C,317.39166666666665,-8.766666666666667,2.198,2.198,clean
050922B,5.800000000000001,-5.6,4.5ph,4.5,qualified:4.5ph
050922X,271.15416666666664,-32.016666666666666,,nan,none
050918,267.6083333333333,-25.416666666666668,,nan,none
050916,135.99166666666667,-51.43333333333333,,nan,none
050915B,219.09583333333333,-67.4,,nan,none
050915,81.7125,-28.033333333333335,2.5273,2.5273,clean
050911S,13.691666666666666,-38.86666666666667,,nan,none
050908,20.462500000000002,-12.966666666666667,3.344,3.344,clean
050906S,52.80416666666667,-14.616666666666667,,nan,none
050904,13.670833333333334,14.133333333333333,6.29,6.29,clean
050827,64.27916666666667,18.216666666666665,,nan,none
050826,87.72916666666666,-2.6833333333333336,0.297,0.297,clean
050824X,12.2375,22.6,0.83,0.83,clean
050822X,51.079166666666666,-46.016666666666666,1.434,1.434,clean
050820B,135.55833333333334,-72.66666666666667,,nan,none
050820,337.40000000000003,19.583333333333332,2.612,2.612,clean
050819,358.7333333333333,24.85,2.5043,2.5043,clean
050815,293.575,9.166666666666666,,nan,none
050814,264.20416666666665,46.333333333333336,5.77,5.77,clean
050813S,242.0083333333333,11.25,,nan,none
050807,303.2,-37.36666666666667,,nan,none
050803,350.65000000000003,5.8,3.5ph,3.5,qualified:3.5ph
050802,219.2875,27.8,1.71?,1.71,qualified:1.71?
050801,204.1375,-21.95,1.38,1.38,clean
050730,212.06666666666666,-3.7666666666666666,3.967,3.967,clean
050726,200.05,-32.06666666666667,<3.5,3.5,qualified:<3.5
050724S,246.2125,-27.516666666666666,0.258h,0.258,qualified:0.258h
050721,253.44583333333335,-28.383333333333333,,nan,none
050717,214.33333333333334,-50.53333333333333,,nan,none
050716,338.5958333333333,38.7,,nan,none
050715,155.67083333333332,-0.06666666666666667,,nan,none
050714B,169.69583333333333,-15.533333333333333,2.4383,2.4383,clean
050714,43.5875,69.13333333333334,,nan,none
050713B,307.84166666666664,60.916666666666664,,nan,none
050713,320.5375,77.06666666666666,<3.6,3.6,qualified:<3.6
050712,77.69166666666668,64.9,,nan,none
050709S,345.375,-38.983333333333334,0.1606h,0.1606,qualified:0.1606h
050701,227.2875,-59.416666666666664,,nan,none
050626,186.74583333333334,-63.13333333333333,,nan,none
050607,300.1666666666667,9.133333333333333,,nan,none
050603,39.97916666666667,-25.183333333333334,,nan,none
050528,353.52916666666664,45.95,,nan,none
050525,278.14583333333337,26.333333333333332,0.606,0.606,clean
050522X,200.1541666666667,24.783333333333335,,nan,none
050520,192.50833333333335,30.45,,nan,none
050509CX,193.28333333333333,-44.85,,nan,none
050509BS,189.05416666666665,29.0,0.226h,0.226,qualified:0.226h
050509,310.5875,54.06666666666667,,nan,none
050507,48.054166666666674,-11.066666666666666,,nan,none
050505,141.78333333333333,30.25,4.27,4.27,clean
050504,201.00416666666666,40.666666666666664,,nan,none
050502B,142.54166666666669,17.0,5.2ph,5.2,qualified:5.2ph
050502,202.44166666666666,42.666666666666664,3.793,3.793,clean
050422,324.4291666666667,55.78333333333333,,nan,none
050421,307.2416666666667,73.66666666666667,,nan,none
050418,44.34166666666667,-18.533333333333335,,nan,none
050416B,133.85416666666666,11.166666666666666,,nan,none
050416X,188.47916666666669,21.05,0.6535,0.6535,clean
050412,181.12083333333334,-1.25,,nan,none
050410,89.74583333333334,79.6,,nan,none
050408,180.47916666666669,10.866666666666667,1.2357,1.2357,clean
050406X,34.42916666666667,-50.166666666666664,,nan,none
050401,247.87916666666666,2.183333333333333,2.90,2.9,clean
050326,6.858333333333333,-71.36666666666666,,nan,none
050319,154.15833333333333,43.56666666666667,3.240,3.24,clean
050318,49.67916666666667,-46.4,1.44,1.44,clean
050315,306.47083333333336,-42.583333333333336,1.949,1.949,clean
050306,282.3208333333333,-9.166666666666666,,nan,none
050223,271.3833333333333,-62.5,0.5915,0.5915,clean
050219B,81.275,-57.766666666666666,,nan,none
050219,166.40833333333333,-40.68333333333333,0.211?,0.211,qualified:0.211?
050215BX,174.45000000000002,40.8,2.62,2.62,clean
050215,348.3833333333333,49.31666666666667,,nan,none
050209,126.5375,19.683333333333334,,nan,none
050202S,290.575,-38.733333333333334,,nan,none
050129,252.80000000000004,-3.0833333333333335,,nan,none
050128,219.5875,-34.766666666666666,<5.5,5.5,qualified:<5.5
050126,278.1125,42.38333333333333,1.29,1.29,clean
050124,192.87916666666666,13.033333333333333,,nan,none
050123,157.89166666666668,-11.566666666666666,,nan,none
050117,358.425,65.93333333333334,,nan,none
041228,336.64166666666665,5.05,,nan,none
041226,79.54166666666667,73.35,,nan,none
041224,56.199999999999996,-6.65,,nan,none
041223,100.18333333333334,-37.06666666666667,,nan,none
041220,291.2875,60.61666666666667,,nan,none
041219C,343.96250000000003,-76.8,,nan,none
041219B,167.67499999999998,-33.45,,nan,none
041219,6.108333333333334,62.833333333333336,0.3,0.3,clean
041218,24.775,71.33333333333333,,nan,none
041217,164.79166666666666,-17.95,,nan,none
041211,100.8,20.4,,nan,none
041016,26.183333333333334,-4.4,,nan,none
041015,4.654166666666667,66.86666666666666,,nan,none
041006,13.720833333333333,1.2,0.716,0.716,clean
040924,31.579166666666666,16.016666666666666,0.859,0.859,clean
040916X,345.375,-5.583333333333333,,nan,none
040912X,359.225,-1.0,1.563,1.563,clean
040903X,270.84166666666664,-25.25,,nan,none
040827,229.24583333333334,-16.133333333333333,,nan,none
040825BX,341.64166666666665,-2.4,,nan,none
040825,344.74583333333334,-10.933333333333334,,nan,none
040812X,246.52083333333334,-44.71666666666667,,nan,none
040810,358.5333333333333,-35.06666666666667,,nan,none
040802,281.85,-44.483333333333334,,nan,none
040730,238.31666666666666,-56.45,,nan,none
040709,313.4708333333333,-28.216666666666665,,nan,none
040701X,311.9416666666667,-40.233333333333334,,nan,none
040624,195.04166666666669,-3.5833333333333335,,nan,none
040511,221.95833333333334,-44.25,,nan,none
040425,232.9,-39.71666666666667,,nan,none
040423,226.68333333333334,-24.8,,nan,none
040422,280.5,1.9833333333333334,,nan,none
040403,115.22916666666667,68.21666666666667,,nan,none
040323,208.47083333333333,-52.35,,nan,none
040319,152.67083333333332,-23.783333333333335,,nan,none
040228B,153.05,-7.333333333333333,,nan,none
040223,249.89166666666665,-41.93333333333333,,nan,none
040106,178.0625,-46.766666666666666,,nan,none
031220,69.89166666666667,7.366666666666666,,nan,none
031203,120.62499999999999,-39.85,0.105,0.105,clean
031111BX,59.770833333333336,34.6,,nan,none
031111,72.43333333333334,17.466666666666665,,nan,none
031109BX,4.2625,-7.15,,nan,none
031026,49.675,28.366666666666667,,nan,none
030913,314.50833333333327,-2.2,,nan,none
030824X,1.2583333333333333,19.916666666666668,,nan,none
030823X,322.6958333333333,21.983333333333334,,nan,none
030821,325.6375,-45.2,,nan,none
030725,308.4458333333334,-50.766666666666666,,nan,none
030723X,327.375,-27.7,,nan,none
030528X,256.0083333333333,-22.65,0.782,0.782,clean
030519B,241.15000000000003,-33.46666666666667,,nan,none
030509,81.60000000000001,7.15,,nan,none
030501B,283.57916666666665,23.866666666666667,,nan,none
030501,286.375,6.3,,nan,none
030429X,183.275,-20.933333333333334,2.65,2.65,clean
030418,163.72083333333333,-6.983333333333333,,nan,none
030416X,166.71249999999998,-2.8833333333333333,,nan,none
030414,119.88749999999999,-48.583333333333336,,nan,none
030413,198.60416666666666,62.35,,nan,none
030329,161.20833333333331,21.516666666666666,0.168,0.168,clean
030328,182.69166666666666,-9.366666666666667,1.52,1.52,clean
030326,292.96666666666664,-11.716666666666667,,nan,none
030325,70.77916666666667,-19.1,,nan,none
030324,204.29583333333335,-0.31666666666666665,,nan,none
030323,166.525,-21.9,3.372,3.372,clean
030320,267.8791666666667,-25.3,,nan,none
030306,328.3625,-10.866666666666667,,nan,none
030227,74.325,20.483333333333334,,nan,none
030226,173.27083333333334,25.9,1.98,1.98,clean
030204,0.8375000000000001,32.733333333333334,,nan,none
030131,201.78333333333333,30.766666666666666,,nan,none
030115C,194.15,-48.46666666666667,,nan,none
030115B,324.7416666666667,-80.23333333333333,,nan,none
030115,169.625,15.033333333333333,,nan,none
021219,282.5,31.866666666666667,,nan,none
021211,122.22916666666666,6.733333333333333,1.01,1.01,clean
021206,240.17916666666667,-9.716666666666667,,nan,none
021204,95.13749999999999,32.1,,nan,none
021201,121.94166666666668,21.233333333333334,,nan,none
021125,296.75,28.1,,nan,none
021113,23.483333333333334,40.45,,nan,none
021112,39.21666666666667,48.85,,nan,none
021104X,58.449999999999996,37.95,,nan,none
021023,111.22916666666667,-16.283333333333335,,nan,none
021021X,4.345833333333333,-1.6166666666666667,,nan,none
021020,322.32916666666665,51.93333333333333,,nan,none
021016,8.433333333333334,46.78333333333333,,nan,none
021013,222.98333333333335,-56.233333333333334,,nan,none
021008,191.45000000000002,44.18333333333333,,nan,none
021004,6.733333333333333,18.933333333333334,2.33,2.33,clean
020923,211.52916666666664,50.516666666666666,,nan,none
020910,209.00416666666666,-44.733333333333334,,nan,none
020904,25.491666666666667,-62.11666666666667,,nan,none
020903X,342.25416666666666,-20.933333333333334,0.25,0.25,clean
020819B,351.85,6.266666666666667,1.9621,1.9621,clean
020813,296.6583333333333,-19.583333333333332,1.25,1.25,clean
020812,309.7,-5.383333333333334,,nan,none
020801,310.7833333333333,-46.833333333333336,,nan,none
020715,207.55416666666667,61.85,,nan,none
020714,182.27083333333331,83.11666666666666,,nan,none
020708,139.08333333333337,28.45,,nan,none
020706,215.39583333333334,-55.766666666666666,,nan,none
020625BX,311.05833333333334,7.166666666666667,,nan,none
020604,246.88333333333335,-29.8,,nan,none
020603,292.81666666666666,4.916666666666667,,nan,none
020531,228.76666666666668,-19.416666666666668,,nan,none
020525,172.3875,-20.35,,nan,none
020427X,332.39166666666665,-65.33333333333333,,nan,none
020418B,120.07500000000002,-48.65,,nan,none
020413,14.908333333333331,-7.116666666666666,,nan,none
020410,331.76666666666665,-83.81666666666666,,nan,none
020409,131.30833333333334,66.68333333333334,,nan,none
020405,209.54166666666669,-31.383333333333333,0.69,0.69,clean
020331,199.14166666666668,-17.866666666666667,,nan,none
020322,269.9375,81.08333333333333,,nan,none
020321,243.27083333333331,-83.71666666666667,,nan,none
020317X,155.75,12.716666666666667,,nan,none
020305,190.7625,-14.55,0.2?,0.2,qualified:0.2?
020127,123.775,36.733333333333334,1.9ph,1.9,qualified:1.9ph
020124,143.28333333333336,-11.583333333333334,3.198,3.198,clean
011212X,75.02083333333334,32.13333333333333,,nan,none
011211,168.81666666666666,-21.933333333333334,2.14,2.14,clean
011130X,44.454166666666666,7.366666666666666,,nan,none
011121,173.60416666666666,-76.03333333333333,0.36,0.36,clean
011030X,310.8958333333333,77.28333333333333,<3,3.0,qualified:<3
011019X,10.708333333333332,-12.45,,nan,none
010921,343.89583333333337,40.93333333333333,0.45,0.45,clean
010728,175.02916666666664,-7.95,,nan,none
010629B,248.15833333333336,-18.716666666666665,,nan,none
010613,255.16666666666669,14.266666666666667,,nan,none
010612,270.825,-32.13333333333333,,nan,none
010518,161.68333333333334,-57.78333333333333,,nan,none
010412,294.91249999999997,13.616666666666667,,nan,none
010326B,171.1,-11.166666666666666,,nan,none
010326,132.96249999999998,-38.3,,nan,none
010324,107.775,20.083333333333332,,nan,none
010222,223.05,43.016666666666666,1.477,1.477,clean
010220,39.24583333333333,61.766666666666666,,nan,none
010214,265.25,48.55,,nan,none
010213X,157.9,5.516666666666667,,nan,none
010126,179.2875,49.75,,nan,none
010119S,283.4583333333333,12.016666666666667,,nan,none
010115,312.1166666666667,-6.35,,nan,none
010109,323.2625,-49.516666666666666,,nan,none
010104,267.44166666666666,18.233333333333334,,nan,none
010103,120.94583333333334,-16.116666666666667,,nan,none
001219,103.43333333333332,-57.483333333333334,,nan,none
001212,102.39583333333333,36.36666666666667,,nan,none
001204S,40.2875,12.9,,nan,none
001120,334.6166666666667,1.1,,nan,none
001109,277.52916666666664,55.3,,nan,none
001105,195.47500000000002,35.483333333333334,,nan,none
001025BS,275.42083333333335,-5.133333333333334,,nan,none
001025,129.14999999999998,-13.066666666666666,,nan,none
001020,271.6333333333334,-24.766666666666666,,nan,none
001019,257.93333333333334,35.333333333333336,,nan,none
001018,198.54166666666666,11.816666666666666,,nan,none
001017,272.175,-2.9833333333333334,,nan,none
001011,275.8666666666667,-50.9,,nan,none
001007,61.466666666666654,-21.9,,nan,none
001005,21.020833333333332,25.0,,nan,none
001004,240.08749999999998,-56.81666666666667,,nan,none
000926,256.0625,51.766666666666666,2.066,2.066,clean
000925,215.1125,19.816666666666666,,nan,none
000911,34.675,7.8,1.058,1.058,clean
000910,3.391666666666667,-77.96666666666667,,nan,none
000830,353.55,6.35,,nan,none
000820,134.33749999999998,-8.816666666666666,,nan,none
000812,272.1833333333333,45.85,,nan,none
000811,299.5833333333333,23.533333333333335,,nan,none
000801,167.94166666666666,-9.416666666666666,,nan,none
000730B,126.44166666666666,60.06666666666667,,nan,none
000730,191.28333333333333,19.266666666666666,,nan,none
000727,176.29583333333332,17.4,,nan,none
000630,221.8125,41.21666666666667,,nan,none
000623,168.92083333333332,10.7,,nan,none
000620,113.82083333333333,69.2,,nan,none
000616,170.04583333333335,26.266666666666666,,nan,none
000615B,35.6125,-17.866666666666667,,nan,none
000615,233.14166666666665,73.8,,nan,none
000608,6.254166666666666,-69.03333333333333,,nan,none
000607S,38.49583333333333,17.15,,nan,none
000604,233.94583333333333,10.683333333333334,,nan,none
000529,2.283333333333333,-61.53333333333333,,nan,none
000528,161.35416666666666,-34.0,,nan,none
000519,346.1625,1.1666666666666667,,nan,none
000516,35.06666666666666,-14.833333333333334,,nan,none
000508B,253.6083333333333,-20.433333333333334,,nan,none
000429,98.33749999999999,-4.416666666666667,,nan,none
000424,104.71666666666667,49.86666666666667,,nan,none
000419,330.06666666666666,48.28333333333333,,nan,none
000418,186.33749999999998,20.083333333333332,1.118,1.118,clean
000416,258.8625,-71.6,,nan,none
000408,137.63333333333333,66.56666666666666,,nan,none
000326,332.84583333333336,-26.133333333333333,,nan,none
000323,192.99583333333334,48.81666666666667,,nan,none
000315,340.8375,17.983333333333334,,nan,none
000307,89.07916666666667,7.933333333333334,,nan,none
000301C,245.09166666666664,29.416666666666668,2.03,2.03,clean
000301A,354.86249999999995,75.78333333333333,,nan,none
000214,283.575,-66.45,0.37-0.47,0.37,qualified:0.37-0.47
000210,29.8125,-40.666666666666664,0.8463,0.8463,clean
000131,93.3875,-51.93333333333333,4.5,4.5,clean
000126,116.24583333333334,7.733333333333333,,nan,none
000115,120.80000000000001,-17.1,,nan,none
991217,345.8125,0.25,,nan,none
991216,79.87916666666666,11.183333333333334,1.02?,1.02,qualified:1.02?
991208,248.47916666666669,46.43333333333333,0.706,0.706,clean
991106,336.19999999999993,54.36666666666667,,nan,none
991105,180.75416666666666,-66.8,,nan,none
991014,102.775,11.6,,nan,none
990908,103.22500000000001,-74.98333333333333,,nan,none
990907,112.7,-69.4,,nan,none
990806,47.645833333333336,-68.11666666666666,,nan,none
990712,337.9583333333333,-73.4,0.434,0.434,clean
990705,77.38333333333333,-72.15,0.842,0.842,clean
990704,184.79166666666666,-3.8,,nan,none
990627,27.104166666666668,-77.08333333333333,,nan,none
990625,6.641666666666667,-31.2,,nan,none
990527,342.6083333333333,-20.883333333333333,,nan,none
990520,128.77083333333334,51.3,,nan,none
990510,204.525,-80.5,1.619,1.619,clean
990506,178.67083333333332,-26.75,1.3,1.3,clean
990308,185.79583333333332,6.716666666666667,,nan,none
990217,45.71666666666667,-53.1,,nan,none
990123,231.37083333333334,44.75,1.60,1.6,clean
981226,352.4166666666667,-23.916666666666668,,nan,none
981220,55.64166666666667,17.15,,nan,none
980706,162.0,57.333333333333336,,nan,none
980703,359.7791666666667,8.593333333333334,0.966,0.966,clean
980613,154.44166666666666,71.49833333333333,1.096,1.096,clean
980519,350.55833333333334,77.255,,nan,none
980515,319.51666666666665,-67.24833333333333,,nan,none
980425,293.725,-52.83166666666666,0.0085,0.0085,clean
980329,105.67083333333333,38.845,3.5ph,3.5,qualified:3.5ph
980326,129.10833333333332,-18.883333333333333,<1,1.0,qualified:<1
980109,6.483333333333333,-63.02333333333333,,nan,none
971227,194.39583333333334,59.25666666666667,,nan,none
971214,179.125,65.2,3.42,3.42,clean
971024,276.2125,49.48166666666667,,nan,none
970828,272.1208333333333,59.3,0.9578,0.9578,clean
970815,242.17916666666667,81.51,,nan,none
970616,19.7375,-5.466666666666667,,nan,none
970508,103.36666666666666,79.29,0.835,0.835,clean
970402,222.5666666666667,-69.33166666666666,,nan,none
970228,75.4875,11.773333333333333,0.695,0.695,clean
970111,232.0625,19.605,,nan,none
960720,262.65416666666664,49.096666666666664,,nan,none
